solid OpenSCAD_Model
  facet normal 0.0654873 -0.997853 0
    outer loop
      vertex 26.5 26.225 5
      vertex 26.8916 26.2507 7
      vertex 26.5 26.225 7
    endloop
  endfacet
  facet normal 0.0654873 -0.997853 0
    outer loop
      vertex 26.8916 26.2507 7
      vertex 26.5 26.225 5
      vertex 26.8916 26.2507 5
    endloop
  endfacet
  facet normal 0.980815 0.19494 0
    outer loop
      vertex 29.4743 29.6166 7
      vertex 29.3978 30.0015 5
      vertex 29.3978 30.0015 7
    endloop
  endfacet
  facet normal 0.980815 0.19494 0
    outer loop
      vertex 29.3978 30.0015 5
      vertex 29.4743 29.6166 7
      vertex 29.4743 29.6166 5
    endloop
  endfacet
  facet normal 0.997853 0.0654873 0
    outer loop
      vertex 29.5 29.225 7
      vertex 29.4743 29.6166 5
      vertex 29.4743 29.6166 7
    endloop
  endfacet
  facet normal 0.997853 0.0654873 0
    outer loop
      vertex 29.4743 29.6166 5
      vertex 29.5 29.225 7
      vertex 29.5 29.225 5
    endloop
  endfacet
  facet normal 0.946885 0.321574 0
    outer loop
      vertex 29.3978 30.0015 7
      vertex 29.2716 30.3731 5
      vertex 29.2716 30.3731 7
    endloop
  endfacet
  facet normal 0.946885 0.321574 0
    outer loop
      vertex 29.2716 30.3731 5
      vertex 29.3978 30.0015 7
      vertex 29.3978 30.0015 5
    endloop
  endfacet
  facet normal 0.321651 0.946858 -0
    outer loop
      vertex 27.648 31.9966 5
      vertex 27.2765 32.1228 7
      vertex 27.648 31.9966 7
    endloop
  endfacet
  facet normal 0.321651 0.946858 0
    outer loop
      vertex 27.2765 32.1228 7
      vertex 27.648 31.9966 5
      vertex 27.2765 32.1228 5
    endloop
  endfacet
  facet normal 0.980815 -0.19494 0
    outer loop
      vertex 29.3978 28.4485 7
      vertex 29.4743 28.8334 5
      vertex 29.4743 28.8334 7
    endloop
  endfacet
  facet normal 0.980815 -0.19494 0
    outer loop
      vertex 29.4743 28.8334 5
      vertex 29.3978 28.4485 7
      vertex 29.3978 28.4485 5
    endloop
  endfacet
  facet normal -0.997853 -0.0654873 0
    outer loop
      vertex 23.5257 28.8334 5
      vertex 23.5 29.225 7
      vertex 23.5 29.225 5
    endloop
  endfacet
  facet normal -0.997853 -0.0654873 0
    outer loop
      vertex 23.5 29.225 7
      vertex 23.5257 28.8334 5
      vertex 23.5257 28.8334 7
    endloop
  endfacet
  facet normal 0.555523 0.831501 -0
    outer loop
      vertex 28.3263 31.6051 5
      vertex 28 31.8231 7
      vertex 28.3263 31.6051 7
    endloop
  endfacet
  facet normal 0.555523 0.831501 0
    outer loop
      vertex 28 31.8231 7
      vertex 28.3263 31.6051 5
      vertex 28 31.8231 5
    endloop
  endfacet
  facet normal 0.896911 0.442211 0
    outer loop
      vertex 29.2716 30.3731 7
      vertex 29.0981 30.725 5
      vertex 29.0981 30.725 7
    endloop
  endfacet
  facet normal 0.896911 0.442211 0
    outer loop
      vertex 29.0981 30.725 5
      vertex 29.2716 30.3731 7
      vertex 29.2716 30.3731 5
    endloop
  endfacet
  facet normal 0.946858 -0.321651 0
    outer loop
      vertex 29.2716 28.077 7
      vertex 29.3978 28.4485 5
      vertex 29.3978 28.4485 7
    endloop
  endfacet
  facet normal 0.946858 -0.321651 0
    outer loop
      vertex 29.3978 28.4485 5
      vertex 29.2716 28.077 7
      vertex 29.2716 28.077 5
    endloop
  endfacet
  facet normal -0.997853 0.0654873 0
    outer loop
      vertex 23.5 29.225 5
      vertex 23.5257 29.6166 7
      vertex 23.5257 29.6166 5
    endloop
  endfacet
  facet normal -0.997853 0.0654873 0
    outer loop
      vertex 23.5257 29.6166 7
      vertex 23.5 29.225 5
      vertex 23.5 29.225 7
    endloop
  endfacet
  facet normal 0.321651 -0.946858 0
    outer loop
      vertex 27.2765 26.3272 5
      vertex 27.648 26.4534 7
      vertex 27.2765 26.3272 7
    endloop
  endfacet
  facet normal 0.321651 -0.946858 0
    outer loop
      vertex 27.648 26.4534 7
      vertex 27.2765 26.3272 5
      vertex 27.648 26.4534 5
    endloop
  endfacet
  facet normal 0.831501 0.555523 0
    outer loop
      vertex 29.0981 30.725 7
      vertex 28.8801 31.0513 5
      vertex 28.8801 31.0513 7
    endloop
  endfacet
  facet normal 0.831501 0.555523 0
    outer loop
      vertex 28.8801 31.0513 5
      vertex 29.0981 30.725 7
      vertex 29.0981 30.725 5
    endloop
  endfacet
  facet normal 0.19494 0.980815 -0
    outer loop
      vertex 27.2765 32.1228 5
      vertex 26.8916 32.1993 7
      vertex 27.2765 32.1228 7
    endloop
  endfacet
  facet normal 0.19494 0.980815 0
    outer loop
      vertex 26.8916 32.1993 7
      vertex 27.2765 32.1228 5
      vertex 26.8916 32.1993 5
    endloop
  endfacet
  facet normal 0.997853 -0.0654873 0
    outer loop
      vertex 29.4743 28.8334 7
      vertex 29.5 29.225 5
      vertex 29.5 29.225 7
    endloop
  endfacet
  facet normal 0.997853 -0.0654873 0
    outer loop
      vertex 29.5 29.225 5
      vertex 29.4743 28.8334 7
      vertex 29.4743 28.8334 5
    endloop
  endfacet
  facet normal -0.0654873 0.997853 0
    outer loop
      vertex 26.5 32.225 5
      vertex 26.1084 32.1993 7
      vertex 26.5 32.225 7
    endloop
  endfacet
  facet normal -0.0654873 0.997853 0
    outer loop
      vertex 26.1084 32.1993 7
      vertex 26.5 32.225 5
      vertex 26.1084 32.1993 5
    endloop
  endfacet
  facet normal -0.659478 -0.751724 0
    outer loop
      vertex 24.3787 27.1037 5
      vertex 24.6737 26.8449 7
      vertex 24.3787 27.1037 7
    endloop
  endfacet
  facet normal -0.659478 -0.751724 -0
    outer loop
      vertex 24.6737 26.8449 7
      vertex 24.3787 27.1037 5
      vertex 24.6737 26.8449 5
    endloop
  endfacet
  facet normal 0.896961 -0.44211 0
    outer loop
      vertex 29.0981 27.725 7
      vertex 29.2716 28.077 5
      vertex 29.2716 28.077 7
    endloop
  endfacet
  facet normal 0.896961 -0.44211 0
    outer loop
      vertex 29.2716 28.077 5
      vertex 29.0981 27.725 7
      vertex 29.0981 27.725 5
    endloop
  endfacet
  facet normal 0.44211 -0.896961 0
    outer loop
      vertex 27.648 26.4534 5
      vertex 28 26.6269 7
      vertex 27.648 26.4534 7
    endloop
  endfacet
  facet normal 0.44211 -0.896961 0
    outer loop
      vertex 28 26.6269 7
      vertex 27.648 26.4534 5
      vertex 28 26.6269 5
    endloop
  endfacet
  facet normal 0.831501 -0.555523 0
    outer loop
      vertex 28.8801 27.3987 7
      vertex 29.0981 27.725 5
      vertex 29.0981 27.725 7
    endloop
  endfacet
  facet normal 0.831501 -0.555523 0
    outer loop
      vertex 29.0981 27.725 5
      vertex 28.8801 27.3987 7
      vertex 28.8801 27.3987 5
    endloop
  endfacet
  facet normal -0.555523 -0.831501 0
    outer loop
      vertex 24.6737 26.8449 5
      vertex 25 26.6269 7
      vertex 24.6737 26.8449 7
    endloop
  endfacet
  facet normal -0.555523 -0.831501 -0
    outer loop
      vertex 25 26.6269 7
      vertex 24.6737 26.8449 5
      vertex 25 26.6269 5
    endloop
  endfacet
  facet normal -0.751724 -0.659478 0
    outer loop
      vertex 24.3787 27.1037 5
      vertex 24.1199 27.3987 7
      vertex 24.1199 27.3987 5
    endloop
  endfacet
  facet normal -0.751724 -0.659478 0
    outer loop
      vertex 24.1199 27.3987 7
      vertex 24.3787 27.1037 5
      vertex 24.3787 27.1037 7
    endloop
  endfacet
  facet normal -0.946858 -0.321651 0
    outer loop
      vertex 23.7284 28.077 5
      vertex 23.6022 28.4485 7
      vertex 23.6022 28.4485 5
    endloop
  endfacet
  facet normal -0.946858 -0.321651 0
    outer loop
      vertex 23.6022 28.4485 7
      vertex 23.7284 28.077 5
      vertex 23.7284 28.077 7
    endloop
  endfacet
  facet normal -0.831501 0.555523 0
    outer loop
      vertex 23.9019 30.725 5
      vertex 24.1199 31.0513 7
      vertex 24.1199 31.0513 5
    endloop
  endfacet
  facet normal -0.831501 0.555523 0
    outer loop
      vertex 24.1199 31.0513 7
      vertex 23.9019 30.725 5
      vertex 23.9019 30.725 7
    endloop
  endfacet
  facet normal -0.751724 0.659478 0
    outer loop
      vertex 24.1199 31.0513 5
      vertex 24.3787 31.3463 7
      vertex 24.3787 31.3463 5
    endloop
  endfacet
  facet normal -0.751724 0.659478 0
    outer loop
      vertex 24.3787 31.3463 7
      vertex 24.1199 31.0513 5
      vertex 24.1199 31.0513 7
    endloop
  endfacet
  facet normal -0.980815 0.19494 0
    outer loop
      vertex 23.5257 29.6166 5
      vertex 23.6022 30.0015 7
      vertex 23.6022 30.0015 5
    endloop
  endfacet
  facet normal -0.980815 0.19494 0
    outer loop
      vertex 23.6022 30.0015 7
      vertex 23.5257 29.6166 5
      vertex 23.5257 29.6166 7
    endloop
  endfacet
  facet normal 0.751724 0.659478 0
    outer loop
      vertex 28.8801 31.0513 7
      vertex 28.6213 31.3463 5
      vertex 28.6213 31.3463 7
    endloop
  endfacet
  facet normal 0.751724 0.659478 0
    outer loop
      vertex 28.6213 31.3463 5
      vertex 28.8801 31.0513 7
      vertex 28.8801 31.0513 5
    endloop
  endfacet
  facet normal 0.659478 0.751724 -0
    outer loop
      vertex 28.6213 31.3463 5
      vertex 28.3263 31.6051 7
      vertex 28.6213 31.3463 7
    endloop
  endfacet
  facet normal 0.659478 0.751724 0
    outer loop
      vertex 28.3263 31.6051 7
      vertex 28.6213 31.3463 5
      vertex 28.3263 31.6051 5
    endloop
  endfacet
  facet normal 0.44211 0.896961 -0
    outer loop
      vertex 28 31.8231 5
      vertex 27.648 31.9966 7
      vertex 28 31.8231 7
    endloop
  endfacet
  facet normal 0.44211 0.896961 0
    outer loop
      vertex 27.648 31.9966 7
      vertex 28 31.8231 5
      vertex 27.648 31.9966 5
    endloop
  endfacet
  facet normal -0.19494 0.980815 0
    outer loop
      vertex 26.1084 32.1993 5
      vertex 25.7235 32.1228 7
      vertex 26.1084 32.1993 7
    endloop
  endfacet
  facet normal -0.19494 0.980815 0
    outer loop
      vertex 25.7235 32.1228 7
      vertex 26.1084 32.1993 5
      vertex 25.7235 32.1228 5
    endloop
  endfacet
  facet normal -0.555523 0.831501 0
    outer loop
      vertex 25 31.8231 5
      vertex 24.6737 31.6051 7
      vertex 25 31.8231 7
    endloop
  endfacet
  facet normal -0.555523 0.831501 0
    outer loop
      vertex 24.6737 31.6051 7
      vertex 25 31.8231 5
      vertex 24.6737 31.6051 5
    endloop
  endfacet
  facet normal -0.442211 -0.896911 0
    outer loop
      vertex 25 26.6269 5
      vertex 25.3519 26.4534 7
      vertex 25 26.6269 7
    endloop
  endfacet
  facet normal -0.442211 -0.896911 -0
    outer loop
      vertex 25.3519 26.4534 7
      vertex 25 26.6269 5
      vertex 25.3519 26.4534 5
    endloop
  endfacet
  facet normal 0.555523 -0.831501 0
    outer loop
      vertex 28 26.6269 5
      vertex 28.3263 26.8449 7
      vertex 28 26.6269 7
    endloop
  endfacet
  facet normal 0.555523 -0.831501 0
    outer loop
      vertex 28.3263 26.8449 7
      vertex 28 26.6269 5
      vertex 28.3263 26.8449 5
    endloop
  endfacet
  facet normal -0.442211 0.896911 0
    outer loop
      vertex 25.3519 31.9966 5
      vertex 25 31.8231 7
      vertex 25.3519 31.9966 7
    endloop
  endfacet
  facet normal -0.442211 0.896911 0
    outer loop
      vertex 25 31.8231 7
      vertex 25.3519 31.9966 5
      vertex 25 31.8231 5
    endloop
  endfacet
  facet normal -0.896961 -0.44211 0
    outer loop
      vertex 23.9019 27.725 5
      vertex 23.7284 28.077 7
      vertex 23.7284 28.077 5
    endloop
  endfacet
  facet normal -0.896961 -0.44211 0
    outer loop
      vertex 23.7284 28.077 7
      vertex 23.9019 27.725 5
      vertex 23.9019 27.725 7
    endloop
  endfacet
  facet normal 0.19494 -0.980815 0
    outer loop
      vertex 26.8916 26.2507 5
      vertex 27.2765 26.3272 7
      vertex 26.8916 26.2507 7
    endloop
  endfacet
  facet normal 0.19494 -0.980815 0
    outer loop
      vertex 27.2765 26.3272 7
      vertex 26.8916 26.2507 5
      vertex 27.2765 26.3272 5
    endloop
  endfacet
  facet normal 0.751724 -0.659478 0
    outer loop
      vertex 28.6213 27.1037 7
      vertex 28.8801 27.3987 5
      vertex 28.8801 27.3987 7
    endloop
  endfacet
  facet normal 0.751724 -0.659478 0
    outer loop
      vertex 28.8801 27.3987 5
      vertex 28.6213 27.1037 7
      vertex 28.6213 27.1037 5
    endloop
  endfacet
  facet normal -0.659478 0.751724 0
    outer loop
      vertex 24.6737 31.6051 5
      vertex 24.3787 31.3463 7
      vertex 24.6737 31.6051 7
    endloop
  endfacet
  facet normal -0.659478 0.751724 0
    outer loop
      vertex 24.3787 31.3463 7
      vertex 24.6737 31.6051 5
      vertex 24.3787 31.3463 5
    endloop
  endfacet
  facet normal -0.946885 0.321574 0
    outer loop
      vertex 23.6022 30.0015 5
      vertex 23.7284 30.3731 7
      vertex 23.7284 30.3731 5
    endloop
  endfacet
  facet normal -0.946885 0.321574 0
    outer loop
      vertex 23.7284 30.3731 7
      vertex 23.6022 30.0015 5
      vertex 23.6022 30.0015 7
    endloop
  endfacet
  facet normal -0.831501 -0.555523 0
    outer loop
      vertex 24.1199 27.3987 5
      vertex 23.9019 27.725 7
      vertex 23.9019 27.725 5
    endloop
  endfacet
  facet normal -0.831501 -0.555523 0
    outer loop
      vertex 23.9019 27.725 7
      vertex 24.1199 27.3987 5
      vertex 24.1199 27.3987 7
    endloop
  endfacet
  facet normal -0.19494 -0.980815 0
    outer loop
      vertex 25.7235 26.3272 5
      vertex 26.1084 26.2507 7
      vertex 25.7235 26.3272 7
    endloop
  endfacet
  facet normal -0.19494 -0.980815 -0
    outer loop
      vertex 26.1084 26.2507 7
      vertex 25.7235 26.3272 5
      vertex 26.1084 26.2507 5
    endloop
  endfacet
  facet normal 0 0 1
    outer loop
      vertex 29.4743 29.6166 7
      vertex 27.9872 29.4208 7
      vertex 28 29.225 7
    endloop
  endfacet
  facet normal 0 0 1
    outer loop
      vertex 28.3263 31.6051 7
      vertex 27.9489 29.6132 7
      vertex 27.9872 29.4208 7
    endloop
  endfacet
  facet normal 0 0 1
    outer loop
      vertex 28.3263 31.6051 7
      vertex 27.8858 29.799 7
      vertex 27.9489 29.6132 7
    endloop
  endfacet
  facet normal 0 0 1
    outer loop
      vertex 28.3263 31.6051 7
      vertex 27.799 29.975 7
      vertex 27.8858 29.799 7
    endloop
  endfacet
  facet normal 0 0 1
    outer loop
      vertex 28.3263 31.6051 7
      vertex 27.69 30.1381 7
      vertex 27.799 29.975 7
    endloop
  endfacet
  facet normal 0 0 1
    outer loop
      vertex 27.25 30.524 7
      vertex 28 31.8231 7
      vertex 27.648 31.9966 7
    endloop
  endfacet
  facet normal 0 0 1
    outer loop
      vertex 28.3263 31.6051 7
      vertex 27.5607 30.2857 7
      vertex 27.69 30.1381 7
    endloop
  endfacet
  facet normal 0 0 1
    outer loop
      vertex 28.3263 31.6051 7
      vertex 27.4131 30.415 7
      vertex 27.5607 30.2857 7
    endloop
  endfacet
  facet normal 0 0 1
    outer loop
      vertex 27.074 30.6108 7
      vertex 27.648 31.9966 7
      vertex 27.2765 32.1228 7
    endloop
  endfacet
  facet normal 0 0 1
    outer loop
      vertex 28 31.8231 7
      vertex 27.25 30.524 7
      vertex 27.4131 30.415 7
    endloop
  endfacet
  facet normal 0 0 1
    outer loop
      vertex 27.648 31.9966 7
      vertex 27.074 30.6108 7
      vertex 27.25 30.524 7
    endloop
  endfacet
  facet normal 0 0 1
    outer loop
      vertex 26.8882 30.6739 7
      vertex 27.2765 32.1228 7
      vertex 26.8916 32.1993 7
    endloop
  endfacet
  facet normal 0 0 1
    outer loop
      vertex 27.2765 32.1228 7
      vertex 26.8882 30.6739 7
      vertex 27.074 30.6108 7
    endloop
  endfacet
  facet normal 0 0 1
    outer loop
      vertex 26.8916 32.1993 7
      vertex 26.6958 30.7122 7
      vertex 26.8882 30.6739 7
    endloop
  endfacet
  facet normal 0 0 1
    outer loop
      vertex 26.5 32.225 7
      vertex 26.6958 30.7122 7
      vertex 26.8916 32.1993 7
    endloop
  endfacet
  facet normal 0 0 1
    outer loop
      vertex 26.5 32.225 7
      vertex 26.5 30.725 7
      vertex 26.6958 30.7122 7
    endloop
  endfacet
  facet normal 0 0 1
    outer loop
      vertex 26.5 32.225 7
      vertex 26.3042 30.7122 7
      vertex 26.5 30.725 7
    endloop
  endfacet
  facet normal -0 0 1
    outer loop
      vertex 26.1084 32.1993 7
      vertex 26.3042 30.7122 7
      vertex 26.5 32.225 7
    endloop
  endfacet
  facet normal 0 0 1
    outer loop
      vertex 26.3042 30.7122 7
      vertex 26.1084 32.1993 7
      vertex 26.1118 30.6739 7
    endloop
  endfacet
  facet normal -0 0 1
    outer loop
      vertex 25.7235 32.1228 7
      vertex 26.1118 30.6739 7
      vertex 26.1084 32.1993 7
    endloop
  endfacet
  facet normal 0 0 1
    outer loop
      vertex 26.1118 30.6739 7
      vertex 25.7235 32.1228 7
      vertex 25.926 30.6108 7
    endloop
  endfacet
  facet normal -0 0 1
    outer loop
      vertex 25.3519 31.9966 7
      vertex 25.926 30.6108 7
      vertex 25.7235 32.1228 7
    endloop
  endfacet
  facet normal 0 0 1
    outer loop
      vertex 25.926 30.6108 7
      vertex 25.3519 31.9966 7
      vertex 25.75 30.524 7
    endloop
  endfacet
  facet normal -0 0 1
    outer loop
      vertex 25 31.8231 7
      vertex 25.75 30.524 7
      vertex 25.3519 31.9966 7
    endloop
  endfacet
  facet normal 0 0 1
    outer loop
      vertex 25.75 30.524 7
      vertex 25 31.8231 7
      vertex 25.5869 30.415 7
    endloop
  endfacet
  facet normal -0 0 1
    outer loop
      vertex 24.6737 31.6051 7
      vertex 25.5869 30.415 7
      vertex 25 31.8231 7
    endloop
  endfacet
  facet normal 0 0 1
    outer loop
      vertex 25.5869 30.415 7
      vertex 24.6737 31.6051 7
      vertex 25.4393 30.2857 7
    endloop
  endfacet
  facet normal -0 0 1
    outer loop
      vertex 24.3787 31.3463 7
      vertex 25.4393 30.2857 7
      vertex 24.6737 31.6051 7
    endloop
  endfacet
  facet normal 0 0 1
    outer loop
      vertex 25.4393 30.2857 7
      vertex 24.3787 31.3463 7
      vertex 25.31 30.1381 7
    endloop
  endfacet
  facet normal -0 0 1
    outer loop
      vertex 24.1199 31.0513 7
      vertex 25.31 30.1381 7
      vertex 24.3787 31.3463 7
    endloop
  endfacet
  facet normal 0 0 1
    outer loop
      vertex 25.31 30.1381 7
      vertex 24.1199 31.0513 7
      vertex 25.201 29.975 7
    endloop
  endfacet
  facet normal -0 0 1
    outer loop
      vertex 23.9019 30.725 7
      vertex 25.201 29.975 7
      vertex 24.1199 31.0513 7
    endloop
  endfacet
  facet normal 0 0 1
    outer loop
      vertex 25.201 29.975 7
      vertex 23.9019 30.725 7
      vertex 25.1142 29.799 7
    endloop
  endfacet
  facet normal -0 0 1
    outer loop
      vertex 23.7284 30.3731 7
      vertex 25.1142 29.799 7
      vertex 23.9019 30.725 7
    endloop
  endfacet
  facet normal 0 0 1
    outer loop
      vertex 25 29.225 7
      vertex 24.6737 26.8449 7
      vertex 25 26.6269 7
    endloop
  endfacet
  facet normal 0 0 1
    outer loop
      vertex 25.1142 29.799 7
      vertex 23.7284 30.3731 7
      vertex 25.0511 29.6132 7
    endloop
  endfacet
  facet normal 0 0 1
    outer loop
      vertex 25 29.225 7
      vertex 24.3787 27.1037 7
      vertex 24.6737 26.8449 7
    endloop
  endfacet
  facet normal -0 0 1
    outer loop
      vertex 23.6022 30.0015 7
      vertex 25.0511 29.6132 7
      vertex 23.7284 30.3731 7
    endloop
  endfacet
  facet normal 0 0 1
    outer loop
      vertex 25 29.225 7
      vertex 24.1199 27.3987 7
      vertex 24.3787 27.1037 7
    endloop
  endfacet
  facet normal 0 0 1
    outer loop
      vertex 25.0511 29.6132 7
      vertex 23.6022 30.0015 7
      vertex 25.0128 29.4208 7
    endloop
  endfacet
  facet normal 0 0 1
    outer loop
      vertex 25 29.225 7
      vertex 23.9019 27.725 7
      vertex 24.1199 27.3987 7
    endloop
  endfacet
  facet normal -0 0 1
    outer loop
      vertex 23.5257 29.6166 7
      vertex 25.0128 29.4208 7
      vertex 23.6022 30.0015 7
    endloop
  endfacet
  facet normal 0 0 1
    outer loop
      vertex 25 29.225 7
      vertex 23.7284 28.077 7
      vertex 23.9019 27.725 7
    endloop
  endfacet
  facet normal 0 0 1
    outer loop
      vertex 25.0128 29.4208 7
      vertex 23.5257 29.6166 7
      vertex 25 29.225 7
    endloop
  endfacet
  facet normal 0 0 1
    outer loop
      vertex 25 29.225 7
      vertex 23.6022 28.4485 7
      vertex 23.7284 28.077 7
    endloop
  endfacet
  facet normal 0 0 1
    outer loop
      vertex 23.5 29.225 7
      vertex 25 29.225 7
      vertex 23.5257 29.6166 7
    endloop
  endfacet
  facet normal 0 0 1
    outer loop
      vertex 25 29.225 7
      vertex 23.5257 28.8334 7
      vertex 23.6022 28.4485 7
    endloop
  endfacet
  facet normal 0 0 1
    outer loop
      vertex 25 29.225 7
      vertex 23.5 29.225 7
      vertex 23.5257 28.8334 7
    endloop
  endfacet
  facet normal 0 0 1
    outer loop
      vertex 28 29.225 7
      vertex 29.5 29.225 7
      vertex 29.4743 29.6166 7
    endloop
  endfacet
  facet normal 0 0 1
    outer loop
      vertex 27.9872 29.4208 7
      vertex 29.4743 29.6166 7
      vertex 29.3978 30.0015 7
    endloop
  endfacet
  facet normal 0 0 1
    outer loop
      vertex 29.5 29.225 7
      vertex 28 29.225 7
      vertex 29.4743 28.8334 7
    endloop
  endfacet
  facet normal 0 0 1
    outer loop
      vertex 27.9872 29.4208 7
      vertex 29.3978 30.0015 7
      vertex 29.2716 30.3731 7
    endloop
  endfacet
  facet normal -0 0 1
    outer loop
      vertex 27.9872 29.0292 7
      vertex 29.4743 28.8334 7
      vertex 28 29.225 7
    endloop
  endfacet
  facet normal 0 0 1
    outer loop
      vertex 27.9872 29.4208 7
      vertex 29.2716 30.3731 7
      vertex 29.0981 30.725 7
    endloop
  endfacet
  facet normal 0 0 1
    outer loop
      vertex 29.4743 28.8334 7
      vertex 27.9872 29.0292 7
      vertex 29.3978 28.4485 7
    endloop
  endfacet
  facet normal 0 0 1
    outer loop
      vertex 27.9872 29.4208 7
      vertex 29.0981 30.725 7
      vertex 28.8801 31.0513 7
    endloop
  endfacet
  facet normal -0 0 1
    outer loop
      vertex 27.9489 28.8368 7
      vertex 29.3978 28.4485 7
      vertex 27.9872 29.0292 7
    endloop
  endfacet
  facet normal 0 0 1
    outer loop
      vertex 27.9872 29.4208 7
      vertex 28.8801 31.0513 7
      vertex 28.6213 31.3463 7
    endloop
  endfacet
  facet normal 0 0 1
    outer loop
      vertex 29.3978 28.4485 7
      vertex 27.9489 28.8368 7
      vertex 29.2716 28.077 7
    endloop
  endfacet
  facet normal 0 0 1
    outer loop
      vertex 27.9872 29.4208 7
      vertex 28.6213 31.3463 7
      vertex 28.3263 31.6051 7
    endloop
  endfacet
  facet normal -0 0 1
    outer loop
      vertex 27.8858 28.651 7
      vertex 29.2716 28.077 7
      vertex 27.9489 28.8368 7
    endloop
  endfacet
  facet normal 0 0 1
    outer loop
      vertex 27.4131 30.415 7
      vertex 28.3263 31.6051 7
      vertex 28 31.8231 7
    endloop
  endfacet
  facet normal 0 0 1
    outer loop
      vertex 29.2716 28.077 7
      vertex 27.8858 28.651 7
      vertex 29.0981 27.725 7
    endloop
  endfacet
  facet normal -0 0 1
    outer loop
      vertex 27.799 28.475 7
      vertex 29.0981 27.725 7
      vertex 27.8858 28.651 7
    endloop
  endfacet
  facet normal 0 0 1
    outer loop
      vertex 29.0981 27.725 7
      vertex 27.799 28.475 7
      vertex 28.8801 27.3987 7
    endloop
  endfacet
  facet normal -0 0 1
    outer loop
      vertex 27.69 28.3119 7
      vertex 28.8801 27.3987 7
      vertex 27.799 28.475 7
    endloop
  endfacet
  facet normal 0 0 1
    outer loop
      vertex 28.8801 27.3987 7
      vertex 27.69 28.3119 7
      vertex 28.6213 27.1037 7
    endloop
  endfacet
  facet normal -0 0 1
    outer loop
      vertex 27.5607 28.1643 7
      vertex 28.6213 27.1037 7
      vertex 27.69 28.3119 7
    endloop
  endfacet
  facet normal 0 0 1
    outer loop
      vertex 28.6213 27.1037 7
      vertex 27.5607 28.1643 7
      vertex 28.3263 26.8449 7
    endloop
  endfacet
  facet normal -0 0 1
    outer loop
      vertex 27.4131 28.035 7
      vertex 28.3263 26.8449 7
      vertex 27.5607 28.1643 7
    endloop
  endfacet
  facet normal 0 0 1
    outer loop
      vertex 28.3263 26.8449 7
      vertex 27.4131 28.035 7
      vertex 28 26.6269 7
    endloop
  endfacet
  facet normal -0 0 1
    outer loop
      vertex 27.25 27.926 7
      vertex 28 26.6269 7
      vertex 27.4131 28.035 7
    endloop
  endfacet
  facet normal 0 0 1
    outer loop
      vertex 28 26.6269 7
      vertex 27.25 27.926 7
      vertex 27.648 26.4534 7
    endloop
  endfacet
  facet normal -0 0 1
    outer loop
      vertex 27.074 27.8392 7
      vertex 27.648 26.4534 7
      vertex 27.25 27.926 7
    endloop
  endfacet
  facet normal 0 0 1
    outer loop
      vertex 27.648 26.4534 7
      vertex 27.074 27.8392 7
      vertex 27.2765 26.3272 7
    endloop
  endfacet
  facet normal -0 0 1
    outer loop
      vertex 26.8882 27.7761 7
      vertex 27.2765 26.3272 7
      vertex 27.074 27.8392 7
    endloop
  endfacet
  facet normal 0 0 1
    outer loop
      vertex 27.2765 26.3272 7
      vertex 26.8882 27.7761 7
      vertex 26.8916 26.2507 7
    endloop
  endfacet
  facet normal -0 0 1
    outer loop
      vertex 26.6958 27.7378 7
      vertex 26.8916 26.2507 7
      vertex 26.8882 27.7761 7
    endloop
  endfacet
  facet normal -0 0 1
    outer loop
      vertex 26.5 27.725 7
      vertex 26.8916 26.2507 7
      vertex 26.6958 27.7378 7
    endloop
  endfacet
  facet normal 0 0 1
    outer loop
      vertex 26.5 27.725 7
      vertex 26.5 26.225 7
      vertex 26.8916 26.2507 7
    endloop
  endfacet
  facet normal 0 0 1
    outer loop
      vertex 26.3042 27.7378 7
      vertex 26.5 26.225 7
      vertex 26.5 27.725 7
    endloop
  endfacet
  facet normal 0 0 1
    outer loop
      vertex 26.1084 26.2507 7
      vertex 26.3042 27.7378 7
      vertex 26.1118 27.7761 7
    endloop
  endfacet
  facet normal 0 0 1
    outer loop
      vertex 26.3042 27.7378 7
      vertex 26.1084 26.2507 7
      vertex 26.5 26.225 7
    endloop
  endfacet
  facet normal 0 0 1
    outer loop
      vertex 25.7235 26.3272 7
      vertex 26.1118 27.7761 7
      vertex 25.926 27.8392 7
    endloop
  endfacet
  facet normal 0 0 1
    outer loop
      vertex 25.3519 26.4534 7
      vertex 25.926 27.8392 7
      vertex 25.75 27.926 7
    endloop
  endfacet
  facet normal 0 0 1
    outer loop
      vertex 26.1118 27.7761 7
      vertex 25.7235 26.3272 7
      vertex 26.1084 26.2507 7
    endloop
  endfacet
  facet normal 0 0 1
    outer loop
      vertex 25 26.6269 7
      vertex 25.75 27.926 7
      vertex 25.5869 28.035 7
    endloop
  endfacet
  facet normal 0 0 1
    outer loop
      vertex 25 26.6269 7
      vertex 25.5869 28.035 7
      vertex 25.4393 28.1643 7
    endloop
  endfacet
  facet normal 0 0 1
    outer loop
      vertex 25.926 27.8392 7
      vertex 25.3519 26.4534 7
      vertex 25.7235 26.3272 7
    endloop
  endfacet
  facet normal 0 0 1
    outer loop
      vertex 25 26.6269 7
      vertex 25.4393 28.1643 7
      vertex 25.31 28.3119 7
    endloop
  endfacet
  facet normal 0 0 1
    outer loop
      vertex 25 26.6269 7
      vertex 25.31 28.3119 7
      vertex 25.201 28.475 7
    endloop
  endfacet
  facet normal 0 0 1
    outer loop
      vertex 25 26.6269 7
      vertex 25.201 28.475 7
      vertex 25.1142 28.651 7
    endloop
  endfacet
  facet normal 0 0 1
    outer loop
      vertex 25 26.6269 7
      vertex 25.1142 28.651 7
      vertex 25.0511 28.8368 7
    endloop
  endfacet
  facet normal 0 0 1
    outer loop
      vertex 25 26.6269 7
      vertex 25.0511 28.8368 7
      vertex 25.0128 29.0292 7
    endloop
  endfacet
  facet normal 0 0 1
    outer loop
      vertex 25.75 27.926 7
      vertex 25 26.6269 7
      vertex 25.3519 26.4534 7
    endloop
  endfacet
  facet normal 0 0 1
    outer loop
      vertex 25 26.6269 7
      vertex 25.0128 29.0292 7
      vertex 25 29.225 7
    endloop
  endfacet
  facet normal -0.321574 0.946885 0
    outer loop
      vertex 25.7235 32.1228 5
      vertex 25.3519 31.9966 7
      vertex 25.7235 32.1228 7
    endloop
  endfacet
  facet normal -0.321574 0.946885 0
    outer loop
      vertex 25.3519 31.9966 7
      vertex 25.7235 32.1228 5
      vertex 25.3519 31.9966 5
    endloop
  endfacet
  facet normal -0.980815 -0.19494 0
    outer loop
      vertex 23.6022 28.4485 5
      vertex 23.5257 28.8334 7
      vertex 23.5257 28.8334 5
    endloop
  endfacet
  facet normal -0.980815 -0.19494 0
    outer loop
      vertex 23.5257 28.8334 7
      vertex 23.6022 28.4485 5
      vertex 23.6022 28.4485 7
    endloop
  endfacet
  facet normal 0.0654873 0.997853 -0
    outer loop
      vertex 26.8916 32.1993 5
      vertex 26.5 32.225 7
      vertex 26.8916 32.1993 7
    endloop
  endfacet
  facet normal 0.0654873 0.997853 0
    outer loop
      vertex 26.5 32.225 7
      vertex 26.8916 32.1993 5
      vertex 26.5 32.225 5
    endloop
  endfacet
  facet normal -0.896911 0.442211 0
    outer loop
      vertex 23.7284 30.3731 5
      vertex 23.9019 30.725 7
      vertex 23.9019 30.725 5
    endloop
  endfacet
  facet normal -0.896911 0.442211 0
    outer loop
      vertex 23.9019 30.725 7
      vertex 23.7284 30.3731 5
      vertex 23.7284 30.3731 7
    endloop
  endfacet
  facet normal 0.659478 -0.751724 0
    outer loop
      vertex 28.3263 26.8449 5
      vertex 28.6213 27.1037 7
      vertex 28.3263 26.8449 7
    endloop
  endfacet
  facet normal 0.659478 -0.751724 0
    outer loop
      vertex 28.6213 27.1037 7
      vertex 28.3263 26.8449 5
      vertex 28.6213 27.1037 5
    endloop
  endfacet
  facet normal -0.321574 -0.946885 0
    outer loop
      vertex 25.3519 26.4534 5
      vertex 25.7235 26.3272 7
      vertex 25.3519 26.4534 7
    endloop
  endfacet
  facet normal -0.321574 -0.946885 -0
    outer loop
      vertex 25.7235 26.3272 7
      vertex 25.3519 26.4534 5
      vertex 25.7235 26.3272 5
    endloop
  endfacet
  facet normal 0 0 1
    outer loop
      vertex 22.0257 19.8166 5
      vertex 16.84 4.065 5
      vertex 22 19.425 5
    endloop
  endfacet
  facet normal 0 0 1
    outer loop
      vertex 22.0257 19.8166 5
      vertex 16.8161 4.42956 5
      vertex 16.84 4.065 5
    endloop
  endfacet
  facet normal -0 0 1
    outer loop
      vertex 16.4622 64.3705 5
      vertex 22 50.425 5
      vertex 16.6238 64.6982 5
    endloop
  endfacet
  facet normal 0 0 1
    outer loop
      vertex 22.0257 19.8166 5
      vertex 16.8157 4.43569 5
      vertex 16.8161 4.42956 5
    endloop
  endfacet
  facet normal -0 0 1
    outer loop
      vertex 16.4595 64.365 5
      vertex 22 50.425 5
      vertex 16.4622 64.3705 5
    endloop
  endfacet
  facet normal 0 0 1
    outer loop
      vertex 22.0257 19.8166 5
      vertex 16.8145 4.44172 5
      vertex 16.8157 4.43569 5
    endloop
  endfacet
  facet normal -0 0 1
    outer loop
      vertex 16.4561 64.3599 5
      vertex 22 50.425 5
      vertex 16.4595 64.365 5
    endloop
  endfacet
  facet normal 0 0 1
    outer loop
      vertex 22.0257 19.8166 5
      vertex 16.7432 4.80005 5
      vertex 16.8145 4.44172 5
    endloop
  endfacet
  facet normal -0 0 1
    outer loop
      vertex 16.2531 64.0561 5
      vertex 22 50.425 5
      vertex 16.4561 64.3599 5
    endloop
  endfacet
  facet normal 0 0 1
    outer loop
      vertex 22.0257 19.8166 5
      vertex 16.6258 5.146 5
      vertex 16.7432 4.80005 5
    endloop
  endfacet
  facet normal -0 0 1
    outer loop
      vertex 16.0122 63.7814 5
      vertex 22 50.425 5
      vertex 16.2531 64.0561 5
    endloop
  endfacet
  facet normal 0 0 1
    outer loop
      vertex 22.0257 19.8166 5
      vertex 16.6238 5.15182 5
      vertex 16.6258 5.146 5
    endloop
  endfacet
  facet normal -0 0 1
    outer loop
      vertex 16.0082 63.7768 5
      vertex 22 50.425 5
      vertex 16.0122 63.7814 5
    endloop
  endfacet
  facet normal 0 0 1
    outer loop
      vertex 22.0257 19.8166 5
      vertex 16.4622 5.47949 5
      vertex 16.6238 5.15182 5
    endloop
  endfacet
  facet normal -0 0 1
    outer loop
      vertex 16.0036 63.7728 5
      vertex 22 50.425 5
      vertex 16.0082 63.7768 5
    endloop
  endfacet
  facet normal 0 0 1
    outer loop
      vertex 22.0257 19.8166 5
      vertex 16.4595 5.485 5
      vertex 16.4622 5.47949 5
    endloop
  endfacet
  facet normal -0 0 1
    outer loop
      vertex 15.7289 63.5319 5
      vertex 22 50.425 5
      vertex 16.0036 63.7728 5
    endloop
  endfacet
  facet normal 0 0 1
    outer loop
      vertex 22.0257 19.8166 5
      vertex 16.4561 5.49011 5
      vertex 16.4595 5.485 5
    endloop
  endfacet
  facet normal -0 0 1
    outer loop
      vertex 15.4251 63.3289 5
      vertex 22 50.425 5
      vertex 15.7289 63.5319 5
    endloop
  endfacet
  facet normal 0 0 1
    outer loop
      vertex 22.0257 19.8166 5
      vertex 16.2531 5.79388 5
      vertex 16.4561 5.49011 5
    endloop
  endfacet
  facet normal -0 0 1
    outer loop
      vertex 15.42 63.3255 5
      vertex 22 50.425 5
      vertex 15.4251 63.3289 5
    endloop
  endfacet
  facet normal 0 0 1
    outer loop
      vertex 22.0257 19.8166 5
      vertex 16.0122 6.06856 5
      vertex 16.2531 5.79388 5
    endloop
  endfacet
  facet normal -0 0 1
    outer loop
      vertex 15.4145 63.3228 5
      vertex 22 50.425 5
      vertex 15.42 63.3255 5
    endloop
  endfacet
  facet normal 0 0 1
    outer loop
      vertex 22.0257 19.8166 5
      vertex 16.0082 6.07318 5
      vertex 16.0122 6.06856 5
    endloop
  endfacet
  facet normal -0 0 1
    outer loop
      vertex 15.0868 63.1612 5
      vertex 22 50.425 5
      vertex 15.4145 63.3228 5
    endloop
  endfacet
  facet normal 0 0 1
    outer loop
      vertex 22.0257 19.8166 5
      vertex 16.0036 6.07724 5
      vertex 16.0082 6.07318 5
    endloop
  endfacet
  facet normal -0 0 1
    outer loop
      vertex 15.081 63.1592 5
      vertex 22 50.425 5
      vertex 15.0868 63.1612 5
    endloop
  endfacet
  facet normal 0 0 1
    outer loop
      vertex 22.0257 19.8166 5
      vertex 15.7289 6.31812 5
      vertex 16.0036 6.07724 5
    endloop
  endfacet
  facet normal -0 0 1
    outer loop
      vertex 14.735 63.0418 5
      vertex 22 50.425 5
      vertex 15.081 63.1592 5
    endloop
  endfacet
  facet normal 0 0 1
    outer loop
      vertex 22.0257 19.8166 5
      vertex 15.4251 6.5211 5
      vertex 15.7289 6.31812 5
    endloop
  endfacet
  facet normal -0 0 1
    outer loop
      vertex 14.3767 62.9705 5
      vertex 22 50.425 5
      vertex 14.735 63.0418 5
    endloop
  endfacet
  facet normal 0 0 1
    outer loop
      vertex 22.0257 19.8166 5
      vertex 15.42 6.52451 5
      vertex 15.4251 6.5211 5
    endloop
  endfacet
  facet normal -0 0 1
    outer loop
      vertex 14.3707 62.9693 5
      vertex 22 50.425 5
      vertex 14.3767 62.9705 5
    endloop
  endfacet
  facet normal 0 0 1
    outer loop
      vertex 22.0257 19.8166 5
      vertex 15.4145 6.52723 5
      vertex 15.42 6.52451 5
    endloop
  endfacet
  facet normal -0 0 1
    outer loop
      vertex 14.3646 62.9689 5
      vertex 22 50.425 5
      vertex 14.3707 62.9693 5
    endloop
  endfacet
  facet normal 0 0 1
    outer loop
      vertex 22.0257 19.8166 5
      vertex 15.0868 6.68882 5
      vertex 15.4145 6.52723 5
    endloop
  endfacet
  facet normal -0 0 1
    outer loop
      vertex 14 62.945 5
      vertex 22 50.425 5
      vertex 14.3646 62.9689 5
    endloop
  endfacet
  facet normal 0 0 1
    outer loop
      vertex 22.0257 19.8166 5
      vertex 15.081 6.69079 5
      vertex 15.0868 6.68882 5
    endloop
  endfacet
  facet normal 0 0 1
    outer loop
      vertex 13.6354 62.9689 5
      vertex 22 50.425 5
      vertex 14 62.945 5
    endloop
  endfacet
  facet normal 0 0 1
    outer loop
      vertex 22.0257 19.8166 5
      vertex 14.735 6.80823 5
      vertex 15.081 6.69079 5
    endloop
  endfacet
  facet normal 0 0 1
    outer loop
      vertex 13.6293 62.9693 5
      vertex 22 50.425 5
      vertex 13.6354 62.9689 5
    endloop
  endfacet
  facet normal 0 0 1
    outer loop
      vertex 22.0257 19.8166 5
      vertex 14.3767 6.8795 5
      vertex 14.735 6.80823 5
    endloop
  endfacet
  facet normal 0 0 1
    outer loop
      vertex 13.6233 62.9705 5
      vertex 22 50.425 5
      vertex 13.6293 62.9693 5
    endloop
  endfacet
  facet normal 0 0 1
    outer loop
      vertex 22.0257 19.8166 5
      vertex 14.3707 6.8807 5
      vertex 14.3767 6.8795 5
    endloop
  endfacet
  facet normal 0 0 1
    outer loop
      vertex 13.265 63.0418 5
      vertex 22 50.425 5
      vertex 13.6233 62.9705 5
    endloop
  endfacet
  facet normal 0 0 1
    outer loop
      vertex 22.0257 19.8166 5
      vertex 14.3646 6.88111 5
      vertex 14.3707 6.8807 5
    endloop
  endfacet
  facet normal 0 0 1
    outer loop
      vertex 12.919 63.1592 5
      vertex 22 50.425 5
      vertex 13.265 63.0418 5
    endloop
  endfacet
  facet normal 0 0 1
    outer loop
      vertex 22.0257 19.8166 5
      vertex 14 6.905 5
      vertex 14.3646 6.88111 5
    endloop
  endfacet
  facet normal 0 0 1
    outer loop
      vertex 12.9132 63.1612 5
      vertex 22 50.425 5
      vertex 12.919 63.1592 5
    endloop
  endfacet
  facet normal 0 0 1
    outer loop
      vertex 22.0257 19.8166 5
      vertex 13.6354 6.88111 5
      vertex 14 6.905 5
    endloop
  endfacet
  facet normal 0 0 1
    outer loop
      vertex 22 50.425 5
      vertex 12.9132 63.1612 5
      vertex 22.0257 50.0334 5
    endloop
  endfacet
  facet normal 0 0 1
    outer loop
      vertex 22.0257 19.8166 5
      vertex 13.6293 6.8807 5
      vertex 13.6354 6.88111 5
    endloop
  endfacet
  facet normal 0 0 1
    outer loop
      vertex 12.5855 63.3228 5
      vertex 22.0257 50.0334 5
      vertex 12.9132 63.1612 5
    endloop
  endfacet
  facet normal 0 0 1
    outer loop
      vertex 22.0257 19.8166 5
      vertex 13.6233 6.8795 5
      vertex 13.6293 6.8807 5
    endloop
  endfacet
  facet normal 0 0 1
    outer loop
      vertex 12.58 63.3255 5
      vertex 22.0257 50.0334 5
      vertex 12.5855 63.3228 5
    endloop
  endfacet
  facet normal 0 0 1
    outer loop
      vertex 22.0257 19.8166 5
      vertex 13.265 6.80823 5
      vertex 13.6233 6.8795 5
    endloop
  endfacet
  facet normal 0 0 1
    outer loop
      vertex 22.0257 50.0334 5
      vertex 12.58 63.3255 5
      vertex 22.1022 49.6485 5
    endloop
  endfacet
  facet normal 0 0 1
    outer loop
      vertex 22.0257 19.8166 5
      vertex 12.919 6.69079 5
      vertex 13.265 6.80823 5
    endloop
  endfacet
  facet normal 0 0 1
    outer loop
      vertex 12.5749 63.3289 5
      vertex 22.1022 49.6485 5
      vertex 12.58 63.3255 5
    endloop
  endfacet
  facet normal 0 0 1
    outer loop
      vertex 22.0257 19.8166 5
      vertex 12.9132 6.68882 5
      vertex 12.919 6.69079 5
    endloop
  endfacet
  facet normal 0 0 1
    outer loop
      vertex 12.2711 63.5319 5
      vertex 22.1022 49.6485 5
      vertex 12.5749 63.3289 5
    endloop
  endfacet
  facet normal 0 0 1
    outer loop
      vertex 22.0257 19.8166 5
      vertex 12.5855 6.52723 5
      vertex 12.9132 6.68882 5
    endloop
  endfacet
  facet normal 0 0 1
    outer loop
      vertex 0 69.85 5
      vertex 22.1022 49.6485 5
      vertex 12.2711 63.5319 5
    endloop
  endfacet
  facet normal 0 0 1
    outer loop
      vertex 22.0257 19.8166 5
      vertex 12.58 6.52451 5
      vertex 12.5855 6.52723 5
    endloop
  endfacet
  facet normal 0 0 1
    outer loop
      vertex 22.1022 49.6485 5
      vertex 0 69.85 5
      vertex 22.1022 20.2015 5
    endloop
  endfacet
  facet normal 0 0 1
    outer loop
      vertex 22.1022 20.2015 5
      vertex 12.58 6.52451 5
      vertex 22.0257 19.8166 5
    endloop
  endfacet
  facet normal 0 0 1
    outer loop
      vertex 0 0 5
      vertex 22.1022 20.2015 5
      vertex 0 69.85 5
    endloop
  endfacet
  facet normal 0 -0 1
    outer loop
      vertex 12.58 6.52451 5
      vertex 22.1022 20.2015 5
      vertex 12.5749 6.5211 5
    endloop
  endfacet
  facet normal 0 0 1
    outer loop
      vertex 0 69.85 5
      vertex 12.2711 63.5319 5
      vertex 11.9964 63.7728 5
    endloop
  endfacet
  facet normal 0 -0 1
    outer loop
      vertex 12.2711 6.31812 5
      vertex 22.1022 20.2015 5
      vertex 0 0 5
    endloop
  endfacet
  facet normal 0 0 1
    outer loop
      vertex 0 69.85 5
      vertex 11.9964 63.7728 5
      vertex 11.9918 63.7768 5
    endloop
  endfacet
  facet normal 0 -0 1
    outer loop
      vertex 12.5749 6.5211 5
      vertex 22.1022 20.2015 5
      vertex 12.2711 6.31812 5
    endloop
  endfacet
  facet normal 0 0 1
    outer loop
      vertex 0 69.85 5
      vertex 11.9918 63.7768 5
      vertex 11.9878 63.7814 5
    endloop
  endfacet
  facet normal 0 0 1
    outer loop
      vertex 12.2711 6.31812 5
      vertex 0 0 5
      vertex 11.9964 6.07724 5
    endloop
  endfacet
  facet normal 0 0 1
    outer loop
      vertex 0 69.85 5
      vertex 11.9878 63.7814 5
      vertex 11.7469 64.0561 5
    endloop
  endfacet
  facet normal 0 0 1
    outer loop
      vertex 11.9964 6.07724 5
      vertex 0 0 5
      vertex 11.9918 6.07318 5
    endloop
  endfacet
  facet normal 0 0 1
    outer loop
      vertex 0 69.85 5
      vertex 11.7469 64.0561 5
      vertex 11.5439 64.3599 5
    endloop
  endfacet
  facet normal 0 0 1
    outer loop
      vertex 11.9918 6.07318 5
      vertex 0 0 5
      vertex 11.9878 6.06856 5
    endloop
  endfacet
  facet normal 0 0 1
    outer loop
      vertex 0 69.85 5
      vertex 11.5439 64.3599 5
      vertex 11.5405 64.365 5
    endloop
  endfacet
  facet normal 0 0 1
    outer loop
      vertex 11.9878 6.06856 5
      vertex 0 0 5
      vertex 11.7469 5.79388 5
    endloop
  endfacet
  facet normal 0 0 1
    outer loop
      vertex 0 69.85 5
      vertex 11.5405 64.365 5
      vertex 11.5378 64.3705 5
    endloop
  endfacet
  facet normal 0 0 1
    outer loop
      vertex 11.7469 5.79388 5
      vertex 0 0 5
      vertex 11.5439 5.49011 5
    endloop
  endfacet
  facet normal 0 0 1
    outer loop
      vertex 0 69.85 5
      vertex 11.5378 64.3705 5
      vertex 11.3762 64.6982 5
    endloop
  endfacet
  facet normal 0 0 1
    outer loop
      vertex 11.5439 5.49011 5
      vertex 0 0 5
      vertex 11.5405 5.485 5
    endloop
  endfacet
  facet normal 0 0 1
    outer loop
      vertex 0 69.85 5
      vertex 11.3762 64.6982 5
      vertex 11.3742 64.704 5
    endloop
  endfacet
  facet normal 0 0 1
    outer loop
      vertex 11.5405 5.485 5
      vertex 0 0 5
      vertex 11.5378 5.47949 5
    endloop
  endfacet
  facet normal 0 0 1
    outer loop
      vertex 0 69.85 5
      vertex 11.3742 64.704 5
      vertex 11.2568 65.05 5
    endloop
  endfacet
  facet normal 0 0 1
    outer loop
      vertex 11.5378 5.47949 5
      vertex 0 0 5
      vertex 11.3762 5.15182 5
    endloop
  endfacet
  facet normal 0 0 1
    outer loop
      vertex 0 69.85 5
      vertex 11.2568 65.05 5
      vertex 11.1855 65.4083 5
    endloop
  endfacet
  facet normal 0 0 1
    outer loop
      vertex 11.3762 5.15182 5
      vertex 0 0 5
      vertex 11.3742 5.146 5
    endloop
  endfacet
  facet normal 0 0 1
    outer loop
      vertex 0 69.85 5
      vertex 11.1855 65.4083 5
      vertex 11.1843 65.4143 5
    endloop
  endfacet
  facet normal 0 0 1
    outer loop
      vertex 11.3742 5.146 5
      vertex 0 0 5
      vertex 11.2568 4.80005 5
    endloop
  endfacet
  facet normal 0 0 1
    outer loop
      vertex 0 69.85 5
      vertex 11.1843 65.4143 5
      vertex 11.1839 65.4204 5
    endloop
  endfacet
  facet normal 0 0 1
    outer loop
      vertex 11.2568 4.80005 5
      vertex 0 0 5
      vertex 11.1855 4.44172 5
    endloop
  endfacet
  facet normal 0 0 1
    outer loop
      vertex 0 69.85 5
      vertex 11.1839 65.4204 5
      vertex 11.16 65.785 5
    endloop
  endfacet
  facet normal 0 0 1
    outer loop
      vertex 11.1855 4.44172 5
      vertex 0 0 5
      vertex 11.1843 4.43569 5
    endloop
  endfacet
  facet normal 0 0 1
    outer loop
      vertex 16.8161 65.4204 5
      vertex 22 69.85 5
      vertex 16.84 65.785 5
    endloop
  endfacet
  facet normal 0 0 1
    outer loop
      vertex 16.8157 65.4143 5
      vertex 22 69.85 5
      vertex 16.8161 65.4204 5
    endloop
  endfacet
  facet normal 0 0 1
    outer loop
      vertex 22 69.85 5
      vertex 16.6238 64.6982 5
      vertex 22 50.425 5
    endloop
  endfacet
  facet normal 0 0 1
    outer loop
      vertex 22 69.85 5
      vertex 16.8161 66.1496 5
      vertex 16.84 65.785 5
    endloop
  endfacet
  facet normal 0 0 1
    outer loop
      vertex 22 69.85 5
      vertex 16.8157 66.1557 5
      vertex 16.8161 66.1496 5
    endloop
  endfacet
  facet normal 0 0 1
    outer loop
      vertex 22 69.85 5
      vertex 16.8145 66.1617 5
      vertex 16.8157 66.1557 5
    endloop
  endfacet
  facet normal 0 0 1
    outer loop
      vertex 22 69.85 5
      vertex 16.7432 66.52 5
      vertex 16.8145 66.1617 5
    endloop
  endfacet
  facet normal 0 0 1
    outer loop
      vertex 22 69.85 5
      vertex 16.6258 66.866 5
      vertex 16.7432 66.52 5
    endloop
  endfacet
  facet normal 0 0 1
    outer loop
      vertex 22 69.85 5
      vertex 16.6238 66.8718 5
      vertex 16.6258 66.866 5
    endloop
  endfacet
  facet normal 0 0 1
    outer loop
      vertex 22 69.85 5
      vertex 16.4622 67.1995 5
      vertex 16.6238 66.8718 5
    endloop
  endfacet
  facet normal 0 0 1
    outer loop
      vertex 22 69.85 5
      vertex 16.4595 67.205 5
      vertex 16.4622 67.1995 5
    endloop
  endfacet
  facet normal 0 0 1
    outer loop
      vertex 22 69.85 5
      vertex 16.4561 67.2101 5
      vertex 16.4595 67.205 5
    endloop
  endfacet
  facet normal 0 0 1
    outer loop
      vertex 22 69.85 5
      vertex 16.2531 67.5139 5
      vertex 16.4561 67.2101 5
    endloop
  endfacet
  facet normal 0 0 1
    outer loop
      vertex 22 69.85 5
      vertex 16.0122 67.7886 5
      vertex 16.2531 67.5139 5
    endloop
  endfacet
  facet normal 0 0 1
    outer loop
      vertex 22 69.85 5
      vertex 16.0082 67.7932 5
      vertex 16.0122 67.7886 5
    endloop
  endfacet
  facet normal 0 0 1
    outer loop
      vertex 22 69.85 5
      vertex 16.0036 67.7972 5
      vertex 16.0082 67.7932 5
    endloop
  endfacet
  facet normal 0 0 1
    outer loop
      vertex 22 69.85 5
      vertex 15.7289 68.0381 5
      vertex 16.0036 67.7972 5
    endloop
  endfacet
  facet normal 0 0 1
    outer loop
      vertex 22 69.85 5
      vertex 15.4251 68.2411 5
      vertex 15.7289 68.0381 5
    endloop
  endfacet
  facet normal 0 0 1
    outer loop
      vertex 22 69.85 5
      vertex 15.42 68.2445 5
      vertex 15.4251 68.2411 5
    endloop
  endfacet
  facet normal 0 0 1
    outer loop
      vertex 22 69.85 5
      vertex 15.4145 68.2472 5
      vertex 15.42 68.2445 5
    endloop
  endfacet
  facet normal 0 0 1
    outer loop
      vertex 22 69.85 5
      vertex 15.0868 68.4088 5
      vertex 15.4145 68.2472 5
    endloop
  endfacet
  facet normal 0 0 1
    outer loop
      vertex 22 69.85 5
      vertex 15.081 68.4108 5
      vertex 15.0868 68.4088 5
    endloop
  endfacet
  facet normal 0 0 1
    outer loop
      vertex 22 69.85 5
      vertex 14.735 68.5282 5
      vertex 15.081 68.4108 5
    endloop
  endfacet
  facet normal 0 0 1
    outer loop
      vertex 22 69.85 5
      vertex 14.3767 68.5995 5
      vertex 14.735 68.5282 5
    endloop
  endfacet
  facet normal 0 0 1
    outer loop
      vertex 22 69.85 5
      vertex 14.3707 68.6007 5
      vertex 14.3767 68.5995 5
    endloop
  endfacet
  facet normal 0 0 1
    outer loop
      vertex 22 69.85 5
      vertex 14.3646 68.6011 5
      vertex 14.3707 68.6007 5
    endloop
  endfacet
  facet normal 0 0 1
    outer loop
      vertex 22 69.85 5
      vertex 14 68.625 5
      vertex 14.3646 68.6011 5
    endloop
  endfacet
  facet normal 0 0 1
    outer loop
      vertex 22 69.85 5
      vertex 13.6354 68.6011 5
      vertex 14 68.625 5
    endloop
  endfacet
  facet normal 0 0 1
    outer loop
      vertex 22 69.85 5
      vertex 13.6293 68.6007 5
      vertex 13.6354 68.6011 5
    endloop
  endfacet
  facet normal 0 0 1
    outer loop
      vertex 0 69.85 5
      vertex 12.5855 68.2472 5
      vertex 12.9132 68.4088 5
    endloop
  endfacet
  facet normal 0 0 1
    outer loop
      vertex 0 69.85 5
      vertex 12.5749 68.2411 5
      vertex 12.58 68.2445 5
    endloop
  endfacet
  facet normal 0 0 1
    outer loop
      vertex 0 69.85 5
      vertex 11.9964 67.7972 5
      vertex 12.2711 68.0381 5
    endloop
  endfacet
  facet normal 0 0 1
    outer loop
      vertex 0 69.85 5
      vertex 11.9878 67.7886 5
      vertex 11.9918 67.7932 5
    endloop
  endfacet
  facet normal 0 0 1
    outer loop
      vertex 0 69.85 5
      vertex 11.5378 67.1995 5
      vertex 11.5405 67.205 5
    endloop
  endfacet
  facet normal 0 0 1
    outer loop
      vertex 0 69.85 5
      vertex 11.3742 66.866 5
      vertex 11.3762 66.8718 5
    endloop
  endfacet
  facet normal 0 0 1
    outer loop
      vertex 0 69.85 5
      vertex 11.1855 66.1617 5
      vertex 11.2568 66.52 5
    endloop
  endfacet
  facet normal 0 0 1
    outer loop
      vertex 11.1843 4.43569 5
      vertex 0 0 5
      vertex 11.1839 4.42956 5
    endloop
  endfacet
  facet normal 0 0 1
    outer loop
      vertex 11.1839 66.1496 5
      vertex 0 69.85 5
      vertex 11.16 65.785 5
    endloop
  endfacet
  facet normal 0 0 1
    outer loop
      vertex 11.1843 66.1557 5
      vertex 0 69.85 5
      vertex 11.1839 66.1496 5
    endloop
  endfacet
  facet normal 0 0 1
    outer loop
      vertex 11.1855 66.1617 5
      vertex 0 69.85 5
      vertex 11.1843 66.1557 5
    endloop
  endfacet
  facet normal 0 0 1
    outer loop
      vertex 11.3742 66.866 5
      vertex 0 69.85 5
      vertex 11.2568 66.52 5
    endloop
  endfacet
  facet normal 0 0 1
    outer loop
      vertex 11.5378 67.1995 5
      vertex 0 69.85 5
      vertex 11.3762 66.8718 5
    endloop
  endfacet
  facet normal 0 0 1
    outer loop
      vertex 11.5439 67.2101 5
      vertex 0 69.85 5
      vertex 11.5405 67.205 5
    endloop
  endfacet
  facet normal 0 0 1
    outer loop
      vertex 11.7469 67.5139 5
      vertex 0 69.85 5
      vertex 11.5439 67.2101 5
    endloop
  endfacet
  facet normal 0 0 1
    outer loop
      vertex 11.9878 67.7886 5
      vertex 0 69.85 5
      vertex 11.7469 67.5139 5
    endloop
  endfacet
  facet normal 0 0 1
    outer loop
      vertex 11.9964 67.7972 5
      vertex 0 69.85 5
      vertex 11.9918 67.7932 5
    endloop
  endfacet
  facet normal 0 0 1
    outer loop
      vertex 12.5749 68.2411 5
      vertex 0 69.85 5
      vertex 12.2711 68.0381 5
    endloop
  endfacet
  facet normal 0 0 1
    outer loop
      vertex 12.5855 68.2472 5
      vertex 0 69.85 5
      vertex 12.58 68.2445 5
    endloop
  endfacet
  facet normal 0 0 1
    outer loop
      vertex 12.919 68.4108 5
      vertex 0 69.85 5
      vertex 12.9132 68.4088 5
    endloop
  endfacet
  facet normal 0 0 1
    outer loop
      vertex 13.265 68.5282 5
      vertex 0 69.85 5
      vertex 12.919 68.4108 5
    endloop
  endfacet
  facet normal 0 0 1
    outer loop
      vertex 13.6233 68.5995 5
      vertex 0 69.85 5
      vertex 13.265 68.5282 5
    endloop
  endfacet
  facet normal 0 0 1
    outer loop
      vertex 13.6293 68.6007 5
      vertex 0 69.85 5
      vertex 13.6233 68.5995 5
    endloop
  endfacet
  facet normal -0 0 1
    outer loop
      vertex 0 69.85 5
      vertex 13.6293 68.6007 5
      vertex 22 69.85 5
    endloop
  endfacet
  facet normal 0 0 1
    outer loop
      vertex 70.6022 39.8485 5
      vertex 29.3978 39.8485 5
      vertex 70.6022 30.0015 5
    endloop
  endfacet
  facet normal 0 0 1
    outer loop
      vertex 70.6022 30.0015 5
      vertex 29.4743 29.6166 5
      vertex 29.5 29.225 5
    endloop
  endfacet
  facet normal 0 0 1
    outer loop
      vertex 29.3978 30.0015 5
      vertex 70.6022 30.0015 5
      vertex 29.3978 39.8485 5
    endloop
  endfacet
  facet normal 0 0 1
    outer loop
      vertex 70.6022 30.0015 5
      vertex 29.3978 30.0015 5
      vertex 29.4743 29.6166 5
    endloop
  endfacet
  facet normal -0 0 1
    outer loop
      vertex 29.2716 39.477 5
      vertex 29.3978 30.0015 5
      vertex 29.3978 39.8485 5
    endloop
  endfacet
  facet normal 0 0 1
    outer loop
      vertex 29.2716 39.477 5
      vertex 29.2716 30.3731 5
      vertex 29.3978 30.0015 5
    endloop
  endfacet
  facet normal -0 0 1
    outer loop
      vertex 29.0981 39.125 5
      vertex 29.2716 30.3731 5
      vertex 29.2716 39.477 5
    endloop
  endfacet
  facet normal 0 0 1
    outer loop
      vertex 29.0981 39.125 5
      vertex 29.0981 30.725 5
      vertex 29.2716 30.3731 5
    endloop
  endfacet
  facet normal -0 0 1
    outer loop
      vertex 28.8801 38.7987 5
      vertex 29.0981 30.725 5
      vertex 29.0981 39.125 5
    endloop
  endfacet
  facet normal 0 0 1
    outer loop
      vertex 28.8801 38.7987 5
      vertex 28.8801 31.0513 5
      vertex 29.0981 30.725 5
    endloop
  endfacet
  facet normal -0 0 1
    outer loop
      vertex 28.6213 38.5037 5
      vertex 28.8801 31.0513 5
      vertex 28.8801 38.7987 5
    endloop
  endfacet
  facet normal 0 0 1
    outer loop
      vertex 28.6213 38.5037 5
      vertex 28.6213 31.3463 5
      vertex 28.8801 31.0513 5
    endloop
  endfacet
  facet normal -0 0 1
    outer loop
      vertex 28.3263 38.2449 5
      vertex 28.6213 31.3463 5
      vertex 28.6213 38.5037 5
    endloop
  endfacet
  facet normal 0 0 1
    outer loop
      vertex 28.3263 38.2449 5
      vertex 28.3263 31.6051 5
      vertex 28.6213 31.3463 5
    endloop
  endfacet
  facet normal -0 0 1
    outer loop
      vertex 28 38.0269 5
      vertex 28.3263 31.6051 5
      vertex 28.3263 38.2449 5
    endloop
  endfacet
  facet normal 0 0 1
    outer loop
      vertex 28 38.0269 5
      vertex 28 31.8231 5
      vertex 28.3263 31.6051 5
    endloop
  endfacet
  facet normal -0 0 1
    outer loop
      vertex 27.648 37.8534 5
      vertex 28 31.8231 5
      vertex 28 38.0269 5
    endloop
  endfacet
  facet normal 0 0 1
    outer loop
      vertex 27.648 37.8534 5
      vertex 27.648 31.9966 5
      vertex 28 31.8231 5
    endloop
  endfacet
  facet normal -0 0 1
    outer loop
      vertex 27.2765 37.7272 5
      vertex 27.648 31.9966 5
      vertex 27.648 37.8534 5
    endloop
  endfacet
  facet normal 0 0 1
    outer loop
      vertex 27.2765 37.7272 5
      vertex 27.2765 32.1228 5
      vertex 27.648 31.9966 5
    endloop
  endfacet
  facet normal -0 0 1
    outer loop
      vertex 26.8916 37.6507 5
      vertex 27.2765 32.1228 5
      vertex 27.2765 37.7272 5
    endloop
  endfacet
  facet normal 0 0 1
    outer loop
      vertex 26.8916 37.6507 5
      vertex 26.8916 32.1993 5
      vertex 27.2765 32.1228 5
    endloop
  endfacet
  facet normal -0 0 1
    outer loop
      vertex 26.5 37.625 5
      vertex 26.8916 32.1993 5
      vertex 26.8916 37.6507 5
    endloop
  endfacet
  facet normal 0 0 1
    outer loop
      vertex 26.5 37.625 5
      vertex 26.5 32.225 5
      vertex 26.8916 32.1993 5
    endloop
  endfacet
  facet normal 0 0 1
    outer loop
      vertex 26.1084 37.6507 5
      vertex 26.5 32.225 5
      vertex 26.5 37.625 5
    endloop
  endfacet
  facet normal 0 0 1
    outer loop
      vertex 26.1084 37.6507 5
      vertex 26.1084 32.1993 5
      vertex 26.5 32.225 5
    endloop
  endfacet
  facet normal 0 0 1
    outer loop
      vertex 25.7235 37.7272 5
      vertex 26.1084 32.1993 5
      vertex 26.1084 37.6507 5
    endloop
  endfacet
  facet normal 0 0 1
    outer loop
      vertex 25.7235 37.7272 5
      vertex 25.7235 32.1228 5
      vertex 26.1084 32.1993 5
    endloop
  endfacet
  facet normal 0 0 1
    outer loop
      vertex 25.3519 37.8534 5
      vertex 25.7235 32.1228 5
      vertex 25.7235 37.7272 5
    endloop
  endfacet
  facet normal 0 0 1
    outer loop
      vertex 25.3519 37.8534 5
      vertex 25.3519 31.9966 5
      vertex 25.7235 32.1228 5
    endloop
  endfacet
  facet normal 0 0 1
    outer loop
      vertex 25 38.0269 5
      vertex 25.3519 31.9966 5
      vertex 25.3519 37.8534 5
    endloop
  endfacet
  facet normal 0 0 1
    outer loop
      vertex 25 38.0269 5
      vertex 25 31.8231 5
      vertex 25.3519 31.9966 5
    endloop
  endfacet
  facet normal 0 0 1
    outer loop
      vertex 24.6737 38.2449 5
      vertex 25 31.8231 5
      vertex 25 38.0269 5
    endloop
  endfacet
  facet normal 0 0 1
    outer loop
      vertex 24.6737 38.2449 5
      vertex 24.6737 31.6051 5
      vertex 25 31.8231 5
    endloop
  endfacet
  facet normal 0 0 1
    outer loop
      vertex 24.3787 38.5037 5
      vertex 24.6737 31.6051 5
      vertex 24.6737 38.2449 5
    endloop
  endfacet
  facet normal 0 0 1
    outer loop
      vertex 24.3787 38.5037 5
      vertex 24.3787 31.3463 5
      vertex 24.6737 31.6051 5
    endloop
  endfacet
  facet normal 0 0 1
    outer loop
      vertex 24.1199 38.7987 5
      vertex 24.3787 31.3463 5
      vertex 24.3787 38.5037 5
    endloop
  endfacet
  facet normal 0 0 1
    outer loop
      vertex 24.1199 38.7987 5
      vertex 24.1199 31.0513 5
      vertex 24.3787 31.3463 5
    endloop
  endfacet
  facet normal 0 0 1
    outer loop
      vertex 23.9019 39.125 5
      vertex 24.1199 31.0513 5
      vertex 24.1199 38.7987 5
    endloop
  endfacet
  facet normal 0 0 1
    outer loop
      vertex 23.9019 39.125 5
      vertex 23.9019 30.725 5
      vertex 24.1199 31.0513 5
    endloop
  endfacet
  facet normal 0 0 1
    outer loop
      vertex 23.7284 39.477 5
      vertex 23.9019 30.725 5
      vertex 23.9019 39.125 5
    endloop
  endfacet
  facet normal 0 0 1
    outer loop
      vertex 23.7284 39.477 5
      vertex 23.7284 30.3731 5
      vertex 23.9019 30.725 5
    endloop
  endfacet
  facet normal 0 0 1
    outer loop
      vertex 23.6022 39.8485 5
      vertex 23.7284 30.3731 5
      vertex 23.7284 39.477 5
    endloop
  endfacet
  facet normal 0 0 1
    outer loop
      vertex 23.6022 39.8485 5
      vertex 23.6022 30.0015 5
      vertex 23.7284 30.3731 5
    endloop
  endfacet
  facet normal 0 0 1
    outer loop
      vertex 23.5257 40.2334 5
      vertex 23.6022 30.0015 5
      vertex 23.6022 39.8485 5
    endloop
  endfacet
  facet normal 0 0 1
    outer loop
      vertex 23.5257 40.2334 5
      vertex 23.5257 29.6166 5
      vertex 23.6022 30.0015 5
    endloop
  endfacet
  facet normal 0 0 1
    outer loop
      vertex 22.1022 49.6485 5
      vertex 23.5257 40.2334 5
      vertex 23.5 40.625 5
    endloop
  endfacet
  facet normal 0 0 1
    outer loop
      vertex 23.5257 40.2334 5
      vertex 22.1022 49.6485 5
      vertex 23.5257 29.6166 5
    endloop
  endfacet
  facet normal 0 0 1
    outer loop
      vertex 92.0145 6.52723 5
      vertex 76.5 29.225 5
      vertex 91.6868 6.68882 5
    endloop
  endfacet
  facet normal 0 0 1
    outer loop
      vertex 92.02 6.52451 5
      vertex 76.4743 29.6166 5
      vertex 76.5 29.225 5
    endloop
  endfacet
  facet normal -0 0 1
    outer loop
      vertex 76.3978 39.8485 5
      vertex 76.4743 29.6166 5
      vertex 76.4743 40.2334 5
    endloop
  endfacet
  facet normal 0 0 1
    outer loop
      vertex 76.3978 39.8485 5
      vertex 76.3978 30.0015 5
      vertex 76.4743 29.6166 5
    endloop
  endfacet
  facet normal -0 0 1
    outer loop
      vertex 76.2716 39.477 5
      vertex 76.3978 30.0015 5
      vertex 76.3978 39.8485 5
    endloop
  endfacet
  facet normal 0 0 1
    outer loop
      vertex 76.2716 39.477 5
      vertex 76.2716 30.3731 5
      vertex 76.3978 30.0015 5
    endloop
  endfacet
  facet normal -0 0 1
    outer loop
      vertex 76.0981 39.125 5
      vertex 76.2716 30.3731 5
      vertex 76.2716 39.477 5
    endloop
  endfacet
  facet normal 0 0 1
    outer loop
      vertex 76.0981 39.125 5
      vertex 76.0981 30.725 5
      vertex 76.2716 30.3731 5
    endloop
  endfacet
  facet normal -0 0 1
    outer loop
      vertex 75.8801 38.7987 5
      vertex 76.0981 30.725 5
      vertex 76.0981 39.125 5
    endloop
  endfacet
  facet normal 0 0 1
    outer loop
      vertex 75.8801 38.7987 5
      vertex 75.8801 31.0513 5
      vertex 76.0981 30.725 5
    endloop
  endfacet
  facet normal -0 0 1
    outer loop
      vertex 75.6213 38.5037 5
      vertex 75.8801 31.0513 5
      vertex 75.8801 38.7987 5
    endloop
  endfacet
  facet normal 0 0 1
    outer loop
      vertex 75.6213 38.5037 5
      vertex 75.6213 31.3463 5
      vertex 75.8801 31.0513 5
    endloop
  endfacet
  facet normal -0 0 1
    outer loop
      vertex 75.3263 38.2449 5
      vertex 75.6213 31.3463 5
      vertex 75.6213 38.5037 5
    endloop
  endfacet
  facet normal 0 0 1
    outer loop
      vertex 75.3263 38.2449 5
      vertex 75.3263 31.6051 5
      vertex 75.6213 31.3463 5
    endloop
  endfacet
  facet normal -0 0 1
    outer loop
      vertex 75 38.0269 5
      vertex 75.3263 31.6051 5
      vertex 75.3263 38.2449 5
    endloop
  endfacet
  facet normal 0 0 1
    outer loop
      vertex 75 38.0269 5
      vertex 75 31.8231 5
      vertex 75.3263 31.6051 5
    endloop
  endfacet
  facet normal -0 0 1
    outer loop
      vertex 74.648 37.8534 5
      vertex 75 31.8231 5
      vertex 75 38.0269 5
    endloop
  endfacet
  facet normal 0 0 1
    outer loop
      vertex 74.648 37.8534 5
      vertex 74.648 31.9966 5
      vertex 75 31.8231 5
    endloop
  endfacet
  facet normal -0 0 1
    outer loop
      vertex 74.2765 37.7272 5
      vertex 74.648 31.9966 5
      vertex 74.648 37.8534 5
    endloop
  endfacet
  facet normal 0 0 1
    outer loop
      vertex 74.2765 37.7272 5
      vertex 74.2765 32.1228 5
      vertex 74.648 31.9966 5
    endloop
  endfacet
  facet normal -0 0 1
    outer loop
      vertex 73.8916 37.6507 5
      vertex 74.2765 32.1228 5
      vertex 74.2765 37.7272 5
    endloop
  endfacet
  facet normal 0 0 1
    outer loop
      vertex 73.8916 37.6507 5
      vertex 73.8916 32.1993 5
      vertex 74.2765 32.1228 5
    endloop
  endfacet
  facet normal -0 0 1
    outer loop
      vertex 73.5 37.625 5
      vertex 73.8916 32.1993 5
      vertex 73.8916 37.6507 5
    endloop
  endfacet
  facet normal 0 0 1
    outer loop
      vertex 73.5 37.625 5
      vertex 73.5 32.225 5
      vertex 73.8916 32.1993 5
    endloop
  endfacet
  facet normal 0 0 1
    outer loop
      vertex 73.1084 37.6507 5
      vertex 73.5 32.225 5
      vertex 73.5 37.625 5
    endloop
  endfacet
  facet normal 0 0 1
    outer loop
      vertex 73.1084 37.6507 5
      vertex 73.1084 32.1993 5
      vertex 73.5 32.225 5
    endloop
  endfacet
  facet normal 0 0 1
    outer loop
      vertex 72.7235 37.7272 5
      vertex 73.1084 32.1993 5
      vertex 73.1084 37.6507 5
    endloop
  endfacet
  facet normal 0 0 1
    outer loop
      vertex 72.7235 37.7272 5
      vertex 72.7235 32.1228 5
      vertex 73.1084 32.1993 5
    endloop
  endfacet
  facet normal 0 0 1
    outer loop
      vertex 72.352 37.8534 5
      vertex 72.7235 32.1228 5
      vertex 72.7235 37.7272 5
    endloop
  endfacet
  facet normal 0 0 1
    outer loop
      vertex 72.352 37.8534 5
      vertex 72.352 31.9966 5
      vertex 72.7235 32.1228 5
    endloop
  endfacet
  facet normal 0 0 1
    outer loop
      vertex 72 38.0269 5
      vertex 72.352 31.9966 5
      vertex 72.352 37.8534 5
    endloop
  endfacet
  facet normal 0 0 1
    outer loop
      vertex 72 38.0269 5
      vertex 72 31.8231 5
      vertex 72.352 31.9966 5
    endloop
  endfacet
  facet normal 0 0 1
    outer loop
      vertex 71.6737 38.2449 5
      vertex 72 31.8231 5
      vertex 72 38.0269 5
    endloop
  endfacet
  facet normal 0 0 1
    outer loop
      vertex 71.6737 38.2449 5
      vertex 71.6737 31.6051 5
      vertex 72 31.8231 5
    endloop
  endfacet
  facet normal 0 0 1
    outer loop
      vertex 71.3787 38.5037 5
      vertex 71.6737 31.6051 5
      vertex 71.6737 38.2449 5
    endloop
  endfacet
  facet normal 0 0 1
    outer loop
      vertex 71.3787 38.5037 5
      vertex 71.3787 31.3463 5
      vertex 71.6737 31.6051 5
    endloop
  endfacet
  facet normal 0 0 1
    outer loop
      vertex 71.1199 38.7987 5
      vertex 71.3787 31.3463 5
      vertex 71.3787 38.5037 5
    endloop
  endfacet
  facet normal 0 0 1
    outer loop
      vertex 71.1199 38.7987 5
      vertex 71.1199 31.0513 5
      vertex 71.3787 31.3463 5
    endloop
  endfacet
  facet normal 0 0 1
    outer loop
      vertex 70.9019 39.125 5
      vertex 71.1199 31.0513 5
      vertex 71.1199 38.7987 5
    endloop
  endfacet
  facet normal 0 0 1
    outer loop
      vertex 70.9019 39.125 5
      vertex 70.9019 30.725 5
      vertex 71.1199 31.0513 5
    endloop
  endfacet
  facet normal 0 0 1
    outer loop
      vertex 70.7284 39.477 5
      vertex 70.9019 30.725 5
      vertex 70.9019 39.125 5
    endloop
  endfacet
  facet normal 0 0 1
    outer loop
      vertex 70.7284 39.477 5
      vertex 70.7284 30.3731 5
      vertex 70.9019 30.725 5
    endloop
  endfacet
  facet normal 0 0 1
    outer loop
      vertex 70.6022 39.8485 5
      vertex 70.7284 30.3731 5
      vertex 70.7284 39.477 5
    endloop
  endfacet
  facet normal 0 0 1
    outer loop
      vertex 70.6022 39.8485 5
      vertex 70.6022 30.0015 5
      vertex 70.7284 30.3731 5
    endloop
  endfacet
  facet normal 0 0 1
    outer loop
      vertex 29.4743 40.2334 5
      vertex 70.5257 40.2334 5
      vertex 29.5 40.625 5
    endloop
  endfacet
  facet normal 0 0 1
    outer loop
      vertex 70.5257 40.2334 5
      vertex 29.4743 40.2334 5
      vertex 70.6022 39.8485 5
    endloop
  endfacet
  facet normal -0 0 1
    outer loop
      vertex 29.5 40.625 5
      vertex 70.5257 40.2334 5
      vertex 70.5 40.625 5
    endloop
  endfacet
  facet normal 0 0 1
    outer loop
      vertex 29.3978 39.8485 5
      vertex 70.6022 39.8485 5
      vertex 29.4743 40.2334 5
    endloop
  endfacet
  facet normal 0 0 1
    outer loop
      vertex 77.7716 49.2769 5
      vertex 76.4743 41.0166 5
      vertex 76.5 40.625 5
    endloop
  endfacet
  facet normal 0 0 1
    outer loop
      vertex 76.8263 48.0449 5
      vertex 76.3978 41.4015 5
      vertex 76.4743 41.0166 5
    endloop
  endfacet
  facet normal 0 0 1
    outer loop
      vertex 76.8263 48.0449 5
      vertex 76.2716 41.773 5
      vertex 76.3978 41.4015 5
    endloop
  endfacet
  facet normal 0 0 1
    outer loop
      vertex 75.6213 42.7463 5
      vertex 76.5 47.8269 5
      vertex 76.148 47.6534 5
    endloop
  endfacet
  facet normal 0 0 1
    outer loop
      vertex 76.8263 48.0449 5
      vertex 76.0981 42.125 5
      vertex 76.2716 41.773 5
    endloop
  endfacet
  facet normal 0 0 1
    outer loop
      vertex 76.8263 48.0449 5
      vertex 75.8801 42.4513 5
      vertex 76.0981 42.125 5
    endloop
  endfacet
  facet normal 0 0 1
    outer loop
      vertex 75.3263 43.0051 5
      vertex 76.148 47.6534 5
      vertex 75.7765 47.5272 5
    endloop
  endfacet
  facet normal 0 0 1
    outer loop
      vertex 76.5 47.8269 5
      vertex 75.6213 42.7463 5
      vertex 75.8801 42.4513 5
    endloop
  endfacet
  facet normal 0 0 1
    outer loop
      vertex 75 43.2231 5
      vertex 75.7765 47.5272 5
      vertex 75.3916 47.4507 5
    endloop
  endfacet
  facet normal 0 0 1
    outer loop
      vertex 76.148 47.6534 5
      vertex 75.3263 43.0051 5
      vertex 75.6213 42.7463 5
    endloop
  endfacet
  facet normal 0 0 1
    outer loop
      vertex 74.648 43.3966 5
      vertex 75.3916 47.4507 5
      vertex 75 47.425 5
    endloop
  endfacet
  facet normal 0 0 1
    outer loop
      vertex 75.7765 47.5272 5
      vertex 75 43.2231 5
      vertex 75.3263 43.0051 5
    endloop
  endfacet
  facet normal 0 0 1
    outer loop
      vertex 75.3916 47.4507 5
      vertex 74.648 43.3966 5
      vertex 75 43.2231 5
    endloop
  endfacet
  facet normal 0 0 1
    outer loop
      vertex 75 47.425 5
      vertex 74.2765 43.5228 5
      vertex 74.648 43.3966 5
    endloop
  endfacet
  facet normal 0 0 1
    outer loop
      vertex 75 47.425 5
      vertex 73.8916 43.5993 5
      vertex 74.2765 43.5228 5
    endloop
  endfacet
  facet normal 0 0 1
    outer loop
      vertex 75 47.425 5
      vertex 73.5 43.625 5
      vertex 73.8916 43.5993 5
    endloop
  endfacet
  facet normal 0 0 1
    outer loop
      vertex 75 47.425 5
      vertex 73.1084 43.5993 5
      vertex 73.5 43.625 5
    endloop
  endfacet
  facet normal 0 0 1
    outer loop
      vertex 75 47.425 5
      vertex 72.7235 43.5228 5
      vertex 73.1084 43.5993 5
    endloop
  endfacet
  facet normal 0 0 1
    outer loop
      vertex 75 47.425 5
      vertex 72.352 43.3966 5
      vertex 72.7235 43.5228 5
    endloop
  endfacet
  facet normal 0 0 1
    outer loop
      vertex 75 47.425 5
      vertex 72 43.2231 5
      vertex 72.352 43.3966 5
    endloop
  endfacet
  facet normal 0 0 1
    outer loop
      vertex 75 47.425 5
      vertex 71.6737 43.0051 5
      vertex 72 43.2231 5
    endloop
  endfacet
  facet normal 0 0 1
    outer loop
      vertex 75 47.425 5
      vertex 71.3787 42.7463 5
      vertex 71.6737 43.0051 5
    endloop
  endfacet
  facet normal 0 0 1
    outer loop
      vertex 28.6213 42.7463 5
      vertex 71.3787 42.7463 5
      vertex 75 47.425 5
    endloop
  endfacet
  facet normal 0 0 1
    outer loop
      vertex 70.6022 30.0015 5
      vertex 29.5 29.225 5
      vertex 70.5257 29.6166 5
    endloop
  endfacet
  facet normal 0 0 1
    outer loop
      vertex 70.5257 41.0166 5
      vertex 29.5 40.625 5
      vertex 70.5 40.625 5
    endloop
  endfacet
  facet normal 0 0 1
    outer loop
      vertex 29.4743 41.0166 5
      vertex 70.5257 41.0166 5
      vertex 70.6022 41.4015 5
    endloop
  endfacet
  facet normal 0 0 1
    outer loop
      vertex 29.3978 41.4015 5
      vertex 70.6022 41.4015 5
      vertex 70.7284 41.773 5
    endloop
  endfacet
  facet normal 0 0 1
    outer loop
      vertex 29.2716 41.773 5
      vertex 70.7284 41.773 5
      vertex 70.9019 42.125 5
    endloop
  endfacet
  facet normal 0 0 1
    outer loop
      vertex 29.0981 42.125 5
      vertex 70.9019 42.125 5
      vertex 71.1199 42.4513 5
    endloop
  endfacet
  facet normal 0 0 1
    outer loop
      vertex 71.3787 42.7463 5
      vertex 28.6213 42.7463 5
      vertex 71.1199 42.4513 5
    endloop
  endfacet
  facet normal 0 0 1
    outer loop
      vertex 70.5257 41.0166 5
      vertex 29.4743 41.0166 5
      vertex 29.5 40.625 5
    endloop
  endfacet
  facet normal 0 0 1
    outer loop
      vertex 70.6022 41.4015 5
      vertex 29.3978 41.4015 5
      vertex 29.4743 41.0166 5
    endloop
  endfacet
  facet normal 0 0 1
    outer loop
      vertex 70.7284 41.773 5
      vertex 29.2716 41.773 5
      vertex 29.3978 41.4015 5
    endloop
  endfacet
  facet normal 0 0 1
    outer loop
      vertex 70.9019 42.125 5
      vertex 29.0981 42.125 5
      vertex 29.2716 41.773 5
    endloop
  endfacet
  facet normal 0 0 1
    outer loop
      vertex 71.1199 42.4513 5
      vertex 28.8801 42.4513 5
      vertex 29.0981 42.125 5
    endloop
  endfacet
  facet normal 0 0 1
    outer loop
      vertex 71.1199 42.4513 5
      vertex 28.6213 42.7463 5
      vertex 28.8801 42.4513 5
    endloop
  endfacet
  facet normal -0 0 1
    outer loop
      vertex 25 47.425 5
      vertex 28.6213 42.7463 5
      vertex 75 47.425 5
    endloop
  endfacet
  facet normal 0 0 1
    outer loop
      vertex 28.6213 42.7463 5
      vertex 25 47.425 5
      vertex 28.3263 43.0051 5
    endloop
  endfacet
  facet normal 0 0 1
    outer loop
      vertex 28.3263 43.0051 5
      vertex 25 47.425 5
      vertex 28 43.2231 5
    endloop
  endfacet
  facet normal 0 0 1
    outer loop
      vertex 28 43.2231 5
      vertex 25 47.425 5
      vertex 27.648 43.3966 5
    endloop
  endfacet
  facet normal 0 0 1
    outer loop
      vertex 27.648 43.3966 5
      vertex 25 47.425 5
      vertex 27.2765 43.5228 5
    endloop
  endfacet
  facet normal 0 0 1
    outer loop
      vertex 27.2765 43.5228 5
      vertex 25 47.425 5
      vertex 26.8916 43.5993 5
    endloop
  endfacet
  facet normal 0 0 1
    outer loop
      vertex 26.8916 43.5993 5
      vertex 25 47.425 5
      vertex 26.5 43.625 5
    endloop
  endfacet
  facet normal 0 0 1
    outer loop
      vertex 26.5 43.625 5
      vertex 25 47.425 5
      vertex 26.1084 43.5993 5
    endloop
  endfacet
  facet normal 0 0 1
    outer loop
      vertex 25 47.425 5
      vertex 25.7235 43.5228 5
      vertex 26.1084 43.5993 5
    endloop
  endfacet
  facet normal 0 0 1
    outer loop
      vertex 25 47.425 5
      vertex 25.3519 43.3966 5
      vertex 25.7235 43.5228 5
    endloop
  endfacet
  facet normal 0 0 1
    outer loop
      vertex 24.6084 47.4507 5
      vertex 25.3519 43.3966 5
      vertex 25 47.425 5
    endloop
  endfacet
  facet normal 0 0 1
    outer loop
      vertex 25.3519 43.3966 5
      vertex 24.6084 47.4507 5
      vertex 25 43.2231 5
    endloop
  endfacet
  facet normal 0 0 1
    outer loop
      vertex 24.2235 47.5272 5
      vertex 25 43.2231 5
      vertex 24.6084 47.4507 5
    endloop
  endfacet
  facet normal 0 0 1
    outer loop
      vertex 25 43.2231 5
      vertex 24.2235 47.5272 5
      vertex 24.6737 43.0051 5
    endloop
  endfacet
  facet normal 0 0 1
    outer loop
      vertex 23.8519 47.6534 5
      vertex 24.6737 43.0051 5
      vertex 24.2235 47.5272 5
    endloop
  endfacet
  facet normal 0 0 1
    outer loop
      vertex 24.6737 43.0051 5
      vertex 23.8519 47.6534 5
      vertex 24.3787 42.7463 5
    endloop
  endfacet
  facet normal 0 0 1
    outer loop
      vertex 23.5 47.8269 5
      vertex 24.3787 42.7463 5
      vertex 23.8519 47.6534 5
    endloop
  endfacet
  facet normal 0 0 1
    outer loop
      vertex 24.3787 42.7463 5
      vertex 23.5 47.8269 5
      vertex 24.1199 42.4513 5
    endloop
  endfacet
  facet normal 0 0 1
    outer loop
      vertex 23.1737 48.0449 5
      vertex 24.1199 42.4513 5
      vertex 23.5 47.8269 5
    endloop
  endfacet
  facet normal 0 0 1
    outer loop
      vertex 24.1199 42.4513 5
      vertex 23.1737 48.0449 5
      vertex 23.9019 42.125 5
    endloop
  endfacet
  facet normal 0 0 1
    outer loop
      vertex 22.8787 48.3037 5
      vertex 23.9019 42.125 5
      vertex 23.1737 48.0449 5
    endloop
  endfacet
  facet normal 0 0 1
    outer loop
      vertex 23.9019 42.125 5
      vertex 22.8787 48.3037 5
      vertex 23.7284 41.773 5
    endloop
  endfacet
  facet normal 0 0 1
    outer loop
      vertex 22.6199 48.5987 5
      vertex 23.7284 41.773 5
      vertex 22.8787 48.3037 5
    endloop
  endfacet
  facet normal 0 0 1
    outer loop
      vertex 23.7284 41.773 5
      vertex 22.6199 48.5987 5
      vertex 23.6022 41.4015 5
    endloop
  endfacet
  facet normal 0 0 1
    outer loop
      vertex 22.4019 48.925 5
      vertex 23.6022 41.4015 5
      vertex 22.6199 48.5987 5
    endloop
  endfacet
  facet normal 0 0 1
    outer loop
      vertex 23.6022 41.4015 5
      vertex 22.4019 48.925 5
      vertex 23.5257 41.0166 5
    endloop
  endfacet
  facet normal 0 0 1
    outer loop
      vertex 23.5 29.225 5
      vertex 23.1737 21.8051 5
      vertex 23.5 22.0231 5
    endloop
  endfacet
  facet normal 0 0 1
    outer loop
      vertex 22.2284 49.2769 5
      vertex 23.5257 41.0166 5
      vertex 22.4019 48.925 5
    endloop
  endfacet
  facet normal 0 0 1
    outer loop
      vertex 23.5 29.225 5
      vertex 22.8787 21.5463 5
      vertex 23.1737 21.8051 5
    endloop
  endfacet
  facet normal 0 0 1
    outer loop
      vertex 23.5257 41.0166 5
      vertex 22.2284 49.2769 5
      vertex 23.5 40.625 5
    endloop
  endfacet
  facet normal 0 0 1
    outer loop
      vertex 23.5 29.225 5
      vertex 22.6199 21.2513 5
      vertex 22.8787 21.5463 5
    endloop
  endfacet
  facet normal 0 0 1
    outer loop
      vertex 22.1022 49.6485 5
      vertex 23.5 40.625 5
      vertex 22.2284 49.2769 5
    endloop
  endfacet
  facet normal 0 0 1
    outer loop
      vertex 23.5 29.225 5
      vertex 22.4019 20.925 5
      vertex 22.6199 21.2513 5
    endloop
  endfacet
  facet normal 0 0 1
    outer loop
      vertex 22.1022 20.2015 5
      vertex 23.5257 29.6166 5
      vertex 22.1022 49.6485 5
    endloop
  endfacet
  facet normal 0 0 1
    outer loop
      vertex 23.5 29.225 5
      vertex 22.2284 20.573 5
      vertex 22.4019 20.925 5
    endloop
  endfacet
  facet normal 0 0 1
    outer loop
      vertex 23.5257 29.6166 5
      vertex 22.1022 20.2015 5
      vertex 23.5 29.225 5
    endloop
  endfacet
  facet normal 0 0 1
    outer loop
      vertex 23.5 29.225 5
      vertex 22.1022 20.2015 5
      vertex 22.2284 20.573 5
    endloop
  endfacet
  facet normal 0 0 1
    outer loop
      vertex 16.7432 65.05 5
      vertex 22 69.85 5
      vertex 16.8145 65.4083 5
    endloop
  endfacet
  facet normal 0 0 1
    outer loop
      vertex 16.6258 64.704 5
      vertex 22 69.85 5
      vertex 16.7432 65.05 5
    endloop
  endfacet
  facet normal 0 0 1
    outer loop
      vertex 16.8145 65.4083 5
      vertex 22 69.85 5
      vertex 16.8157 65.4143 5
    endloop
  endfacet
  facet normal 0 0 1
    outer loop
      vertex 16.6238 64.6982 5
      vertex 22 69.85 5
      vertex 16.6258 64.704 5
    endloop
  endfacet
  facet normal -0 0 1
    outer loop
      vertex 91.681 63.1592 5
      vertex 77.7716 49.2769 5
      vertex 91.6868 63.1612 5
    endloop
  endfacet
  facet normal 0 0 1
    outer loop
      vertex 91.6868 6.68882 5
      vertex 77.9743 19.8166 5
      vertex 78 19.425 5
    endloop
  endfacet
  facet normal 0 0 1
    outer loop
      vertex 76.4743 40.2334 5
      vertex 91.6868 63.1612 5
      vertex 76.5 40.625 5
    endloop
  endfacet
  facet normal 0 0 1
    outer loop
      vertex 91.6868 6.68882 5
      vertex 77.8978 20.2015 5
      vertex 77.9743 19.8166 5
    endloop
  endfacet
  facet normal 0 0 1
    outer loop
      vertex 91.6868 63.1612 5
      vertex 77.7716 49.2769 5
      vertex 76.5 40.625 5
    endloop
  endfacet
  facet normal 0 0 1
    outer loop
      vertex 92.02 6.52451 5
      vertex 76.5 29.225 5
      vertex 92.0145 6.52723 5
    endloop
  endfacet
  facet normal 0 0 1
    outer loop
      vertex 76.4743 41.0166 5
      vertex 77.7716 49.2769 5
      vertex 77.5981 48.925 5
    endloop
  endfacet
  facet normal -0 -0 1
    outer loop
      vertex 77.7716 20.573 5
      vertex 91.6868 6.68882 5
      vertex 76.5 29.225 5
    endloop
  endfacet
  facet normal 0 0 1
    outer loop
      vertex 76.4743 41.0166 5
      vertex 77.5981 48.925 5
      vertex 77.3801 48.5987 5
    endloop
  endfacet
  facet normal 0 0 1
    outer loop
      vertex 91.6868 6.68882 5
      vertex 77.7716 20.573 5
      vertex 77.8978 20.2015 5
    endloop
  endfacet
  facet normal 0 0 1
    outer loop
      vertex 76.4743 41.0166 5
      vertex 77.3801 48.5987 5
      vertex 77.1213 48.3037 5
    endloop
  endfacet
  facet normal -0 0 1
    outer loop
      vertex 76.4743 28.8334 5
      vertex 77.7716 20.573 5
      vertex 76.5 29.225 5
    endloop
  endfacet
  facet normal 0 0 1
    outer loop
      vertex 76.4743 41.0166 5
      vertex 77.1213 48.3037 5
      vertex 76.8263 48.0449 5
    endloop
  endfacet
  facet normal 0 0 1
    outer loop
      vertex 77.7716 20.573 5
      vertex 76.4743 28.8334 5
      vertex 77.5981 20.925 5
    endloop
  endfacet
  facet normal 0 0 1
    outer loop
      vertex 75.8801 42.4513 5
      vertex 76.8263 48.0449 5
      vertex 76.5 47.8269 5
    endloop
  endfacet
  facet normal -0 0 1
    outer loop
      vertex 76.3978 28.4485 5
      vertex 77.5981 20.925 5
      vertex 76.4743 28.8334 5
    endloop
  endfacet
  facet normal 0 0 1
    outer loop
      vertex 77.5981 20.925 5
      vertex 76.3978 28.4485 5
      vertex 77.3801 21.2513 5
    endloop
  endfacet
  facet normal -0 0 1
    outer loop
      vertex 76.2716 28.077 5
      vertex 77.3801 21.2513 5
      vertex 76.3978 28.4485 5
    endloop
  endfacet
  facet normal 0 0 1
    outer loop
      vertex 77.3801 21.2513 5
      vertex 76.2716 28.077 5
      vertex 77.1213 21.5463 5
    endloop
  endfacet
  facet normal -0 0 1
    outer loop
      vertex 76.0981 27.725 5
      vertex 77.1213 21.5463 5
      vertex 76.2716 28.077 5
    endloop
  endfacet
  facet normal 0 0 1
    outer loop
      vertex 77.1213 21.5463 5
      vertex 76.0981 27.725 5
      vertex 76.8263 21.8051 5
    endloop
  endfacet
  facet normal -0 0 1
    outer loop
      vertex 75.8801 27.3987 5
      vertex 76.8263 21.8051 5
      vertex 76.0981 27.725 5
    endloop
  endfacet
  facet normal 0 0 1
    outer loop
      vertex 76.8263 21.8051 5
      vertex 75.8801 27.3987 5
      vertex 76.5 22.0231 5
    endloop
  endfacet
  facet normal -0 0 1
    outer loop
      vertex 75.6213 27.1037 5
      vertex 76.5 22.0231 5
      vertex 75.8801 27.3987 5
    endloop
  endfacet
  facet normal 0 0 1
    outer loop
      vertex 76.5 22.0231 5
      vertex 75.6213 27.1037 5
      vertex 76.148 22.1966 5
    endloop
  endfacet
  facet normal -0 0 1
    outer loop
      vertex 75.3263 26.8449 5
      vertex 76.148 22.1966 5
      vertex 75.6213 27.1037 5
    endloop
  endfacet
  facet normal 0 0 1
    outer loop
      vertex 76.148 22.1966 5
      vertex 75.3263 26.8449 5
      vertex 75.7765 22.3228 5
    endloop
  endfacet
  facet normal -0 0 1
    outer loop
      vertex 75 26.6269 5
      vertex 75.7765 22.3228 5
      vertex 75.3263 26.8449 5
    endloop
  endfacet
  facet normal 0 0 1
    outer loop
      vertex 75.7765 22.3228 5
      vertex 75 26.6269 5
      vertex 75.3916 22.3993 5
    endloop
  endfacet
  facet normal -0 0 1
    outer loop
      vertex 74.648 26.4534 5
      vertex 75.3916 22.3993 5
      vertex 75 26.6269 5
    endloop
  endfacet
  facet normal 0 0 1
    outer loop
      vertex 75.3916 22.3993 5
      vertex 74.648 26.4534 5
      vertex 75 22.425 5
    endloop
  endfacet
  facet normal -0 0 1
    outer loop
      vertex 74.2765 26.3272 5
      vertex 75 22.425 5
      vertex 74.648 26.4534 5
    endloop
  endfacet
  facet normal -0 0 1
    outer loop
      vertex 73.8916 26.2507 5
      vertex 75 22.425 5
      vertex 74.2765 26.3272 5
    endloop
  endfacet
  facet normal -0 0 1
    outer loop
      vertex 73.5 26.225 5
      vertex 75 22.425 5
      vertex 73.8916 26.2507 5
    endloop
  endfacet
  facet normal 0 0 1
    outer loop
      vertex 73.1084 26.2507 5
      vertex 75 22.425 5
      vertex 73.5 26.225 5
    endloop
  endfacet
  facet normal 0 0 1
    outer loop
      vertex 72.7235 26.3272 5
      vertex 75 22.425 5
      vertex 73.1084 26.2507 5
    endloop
  endfacet
  facet normal 0 0 1
    outer loop
      vertex 72.352 26.4534 5
      vertex 75 22.425 5
      vertex 72.7235 26.3272 5
    endloop
  endfacet
  facet normal 0 0 1
    outer loop
      vertex 72 26.6269 5
      vertex 75 22.425 5
      vertex 72.352 26.4534 5
    endloop
  endfacet
  facet normal 0 0 1
    outer loop
      vertex 71.6737 26.8449 5
      vertex 75 22.425 5
      vertex 72 26.6269 5
    endloop
  endfacet
  facet normal 0 0 1
    outer loop
      vertex 71.3787 27.1037 5
      vertex 75 22.425 5
      vertex 71.6737 26.8449 5
    endloop
  endfacet
  facet normal 0 0 1
    outer loop
      vertex 28.6213 27.1037 5
      vertex 71.3787 27.1037 5
      vertex 71.1199 27.3987 5
    endloop
  endfacet
  facet normal 0 0 1
    outer loop
      vertex 70.5257 29.6166 5
      vertex 29.5 29.225 5
      vertex 70.5 29.225 5
    endloop
  endfacet
  facet normal 0 0 1
    outer loop
      vertex 70.5 29.225 5
      vertex 29.5 29.225 5
      vertex 70.5257 28.8334 5
    endloop
  endfacet
  facet normal 0 0 1
    outer loop
      vertex 29.4743 28.8334 5
      vertex 70.5257 28.8334 5
      vertex 29.5 29.225 5
    endloop
  endfacet
  facet normal 0 0 1
    outer loop
      vertex 70.5257 28.8334 5
      vertex 29.4743 28.8334 5
      vertex 70.6022 28.4485 5
    endloop
  endfacet
  facet normal 0 0 1
    outer loop
      vertex 29.3978 28.4485 5
      vertex 70.6022 28.4485 5
      vertex 29.4743 28.8334 5
    endloop
  endfacet
  facet normal 0 0 1
    outer loop
      vertex 70.6022 28.4485 5
      vertex 29.3978 28.4485 5
      vertex 70.7284 28.077 5
    endloop
  endfacet
  facet normal 0 0 1
    outer loop
      vertex 29.2716 28.077 5
      vertex 70.7284 28.077 5
      vertex 29.3978 28.4485 5
    endloop
  endfacet
  facet normal 0 0 1
    outer loop
      vertex 70.7284 28.077 5
      vertex 29.2716 28.077 5
      vertex 70.9019 27.725 5
    endloop
  endfacet
  facet normal 0 0 1
    outer loop
      vertex 29.0981 27.725 5
      vertex 70.9019 27.725 5
      vertex 29.2716 28.077 5
    endloop
  endfacet
  facet normal 0 0 1
    outer loop
      vertex 70.9019 27.725 5
      vertex 29.0981 27.725 5
      vertex 71.1199 27.3987 5
    endloop
  endfacet
  facet normal 0 0 1
    outer loop
      vertex 28.8801 27.3987 5
      vertex 71.1199 27.3987 5
      vertex 29.0981 27.725 5
    endloop
  endfacet
  facet normal 0 0 1
    outer loop
      vertex 28.6213 27.1037 5
      vertex 71.1199 27.3987 5
      vertex 28.8801 27.3987 5
    endloop
  endfacet
  facet normal 0 0 1
    outer loop
      vertex 71.3787 27.1037 5
      vertex 28.6213 27.1037 5
      vertex 75 22.425 5
    endloop
  endfacet
  facet normal 0 0 1
    outer loop
      vertex 25 22.425 5
      vertex 28.6213 27.1037 5
      vertex 28.3263 26.8449 5
    endloop
  endfacet
  facet normal 0 0 1
    outer loop
      vertex 25 22.425 5
      vertex 28.3263 26.8449 5
      vertex 28 26.6269 5
    endloop
  endfacet
  facet normal 0 0 1
    outer loop
      vertex 25 22.425 5
      vertex 28 26.6269 5
      vertex 27.648 26.4534 5
    endloop
  endfacet
  facet normal 0 0 1
    outer loop
      vertex 25 22.425 5
      vertex 27.648 26.4534 5
      vertex 27.2765 26.3272 5
    endloop
  endfacet
  facet normal 0 0 1
    outer loop
      vertex 25 22.425 5
      vertex 27.2765 26.3272 5
      vertex 26.8916 26.2507 5
    endloop
  endfacet
  facet normal 0 0 1
    outer loop
      vertex 25 22.425 5
      vertex 26.8916 26.2507 5
      vertex 26.5 26.225 5
    endloop
  endfacet
  facet normal 0 0 1
    outer loop
      vertex 25 22.425 5
      vertex 26.5 26.225 5
      vertex 26.1084 26.2507 5
    endloop
  endfacet
  facet normal 0 0 1
    outer loop
      vertex 28.6213 27.1037 5
      vertex 25 22.425 5
      vertex 75 22.425 5
    endloop
  endfacet
  facet normal 0 0 1
    outer loop
      vertex 25.7235 26.3272 5
      vertex 25 22.425 5
      vertex 26.1084 26.2507 5
    endloop
  endfacet
  facet normal 0 0 1
    outer loop
      vertex 25.3519 26.4534 5
      vertex 25 22.425 5
      vertex 25.7235 26.3272 5
    endloop
  endfacet
  facet normal 0 0 1
    outer loop
      vertex 24.6084 22.3993 5
      vertex 25.3519 26.4534 5
      vertex 25 26.6269 5
    endloop
  endfacet
  facet normal 0 0 1
    outer loop
      vertex 24.2235 22.3228 5
      vertex 25 26.6269 5
      vertex 24.6737 26.8449 5
    endloop
  endfacet
  facet normal 0 0 1
    outer loop
      vertex 25.3519 26.4534 5
      vertex 24.6084 22.3993 5
      vertex 25 22.425 5
    endloop
  endfacet
  facet normal 0 0 1
    outer loop
      vertex 23.8519 22.1966 5
      vertex 24.6737 26.8449 5
      vertex 24.3787 27.1037 5
    endloop
  endfacet
  facet normal 0 0 1
    outer loop
      vertex 25 26.6269 5
      vertex 24.2235 22.3228 5
      vertex 24.6084 22.3993 5
    endloop
  endfacet
  facet normal 0 0 1
    outer loop
      vertex 23.5 22.0231 5
      vertex 24.3787 27.1037 5
      vertex 24.1199 27.3987 5
    endloop
  endfacet
  facet normal 0 0 1
    outer loop
      vertex 23.5 22.0231 5
      vertex 24.1199 27.3987 5
      vertex 23.9019 27.725 5
    endloop
  endfacet
  facet normal 0 0 1
    outer loop
      vertex 24.6737 26.8449 5
      vertex 23.8519 22.1966 5
      vertex 24.2235 22.3228 5
    endloop
  endfacet
  facet normal 0 0 1
    outer loop
      vertex 23.5 22.0231 5
      vertex 23.9019 27.725 5
      vertex 23.7284 28.077 5
    endloop
  endfacet
  facet normal 0 0 1
    outer loop
      vertex 23.5 22.0231 5
      vertex 23.7284 28.077 5
      vertex 23.6022 28.4485 5
    endloop
  endfacet
  facet normal 0 0 1
    outer loop
      vertex 23.5 22.0231 5
      vertex 23.6022 28.4485 5
      vertex 23.5257 28.8334 5
    endloop
  endfacet
  facet normal 0 0 1
    outer loop
      vertex 23.5 22.0231 5
      vertex 23.5257 28.8334 5
      vertex 23.5 29.225 5
    endloop
  endfacet
  facet normal 0 0 1
    outer loop
      vertex 24.3787 27.1037 5
      vertex 23.5 22.0231 5
      vertex 23.8519 22.1966 5
    endloop
  endfacet
  facet normal 0 0 1
    outer loop
      vertex 22 19.425 5
      vertex 16.84 4.065 5
      vertex 22 0 5
    endloop
  endfacet
  facet normal -0 0 1
    outer loop
      vertex 16.8161 3.70044 5
      vertex 22 0 5
      vertex 16.84 4.065 5
    endloop
  endfacet
  facet normal -0 0 1
    outer loop
      vertex 16.8157 3.69431 5
      vertex 22 0 5
      vertex 16.8161 3.70044 5
    endloop
  endfacet
  facet normal -0 0 1
    outer loop
      vertex 16.8145 3.68828 5
      vertex 22 0 5
      vertex 16.8157 3.69431 5
    endloop
  endfacet
  facet normal -0 0 1
    outer loop
      vertex 16.7432 3.32995 5
      vertex 22 0 5
      vertex 16.8145 3.68828 5
    endloop
  endfacet
  facet normal -0 0 1
    outer loop
      vertex 16.6258 2.984 5
      vertex 22 0 5
      vertex 16.7432 3.32995 5
    endloop
  endfacet
  facet normal -0 0 1
    outer loop
      vertex 16.6238 2.97818 5
      vertex 22 0 5
      vertex 16.6258 2.984 5
    endloop
  endfacet
  facet normal -0 0 1
    outer loop
      vertex 16.4622 2.65051 5
      vertex 22 0 5
      vertex 16.6238 2.97818 5
    endloop
  endfacet
  facet normal -0 0 1
    outer loop
      vertex 16.4595 2.645 5
      vertex 22 0 5
      vertex 16.4622 2.65051 5
    endloop
  endfacet
  facet normal -0 0 1
    outer loop
      vertex 16.4561 2.63989 5
      vertex 22 0 5
      vertex 16.4595 2.645 5
    endloop
  endfacet
  facet normal -0 0 1
    outer loop
      vertex 16.2531 2.33612 5
      vertex 22 0 5
      vertex 16.4561 2.63989 5
    endloop
  endfacet
  facet normal -0 0 1
    outer loop
      vertex 16.0122 2.06144 5
      vertex 22 0 5
      vertex 16.2531 2.33612 5
    endloop
  endfacet
  facet normal -0 0 1
    outer loop
      vertex 16.0082 2.05682 5
      vertex 22 0 5
      vertex 16.0122 2.06144 5
    endloop
  endfacet
  facet normal -0 0 1
    outer loop
      vertex 16.0036 2.05276 5
      vertex 22 0 5
      vertex 16.0082 2.05682 5
    endloop
  endfacet
  facet normal -0 0 1
    outer loop
      vertex 15.7289 1.81188 5
      vertex 22 0 5
      vertex 16.0036 2.05276 5
    endloop
  endfacet
  facet normal -0 0 1
    outer loop
      vertex 15.4251 1.6089 5
      vertex 22 0 5
      vertex 15.7289 1.81188 5
    endloop
  endfacet
  facet normal -0 0 1
    outer loop
      vertex 15.42 1.60549 5
      vertex 22 0 5
      vertex 15.4251 1.6089 5
    endloop
  endfacet
  facet normal -0 0 1
    outer loop
      vertex 15.4145 1.60277 5
      vertex 22 0 5
      vertex 15.42 1.60549 5
    endloop
  endfacet
  facet normal -0 0 1
    outer loop
      vertex 15.0868 1.44118 5
      vertex 22 0 5
      vertex 15.4145 1.60277 5
    endloop
  endfacet
  facet normal -0 0 1
    outer loop
      vertex 15.081 1.43921 5
      vertex 22 0 5
      vertex 15.0868 1.44118 5
    endloop
  endfacet
  facet normal -0 0 1
    outer loop
      vertex 14.735 1.32177 5
      vertex 22 0 5
      vertex 15.081 1.43921 5
    endloop
  endfacet
  facet normal -0 0 1
    outer loop
      vertex 14.3767 1.2505 5
      vertex 22 0 5
      vertex 14.735 1.32177 5
    endloop
  endfacet
  facet normal -0 0 1
    outer loop
      vertex 14.3707 1.2493 5
      vertex 22 0 5
      vertex 14.3767 1.2505 5
    endloop
  endfacet
  facet normal -0 0 1
    outer loop
      vertex 14.3646 1.24889 5
      vertex 22 0 5
      vertex 14.3707 1.2493 5
    endloop
  endfacet
  facet normal -0 0 1
    outer loop
      vertex 14 1.225 5
      vertex 22 0 5
      vertex 14.3646 1.24889 5
    endloop
  endfacet
  facet normal 0 0 1
    outer loop
      vertex 13.6354 1.24889 5
      vertex 22 0 5
      vertex 14 1.225 5
    endloop
  endfacet
  facet normal 0 0 1
    outer loop
      vertex 13.6293 1.2493 5
      vertex 22 0 5
      vertex 13.6354 1.24889 5
    endloop
  endfacet
  facet normal 0 0 1
    outer loop
      vertex 0 0 5
      vertex 11.9964 2.05276 5
      vertex 11.9918 2.05682 5
    endloop
  endfacet
  facet normal 0 0 1
    outer loop
      vertex 0 0 5
      vertex 11.9878 2.06144 5
      vertex 11.7469 2.33612 5
    endloop
  endfacet
  facet normal 0 0 1
    outer loop
      vertex 0 0 5
      vertex 11.5378 2.65051 5
      vertex 11.3762 2.97818 5
    endloop
  endfacet
  facet normal 0 0 1
    outer loop
      vertex 0 0 5
      vertex 11.3742 2.984 5
      vertex 11.2568 3.32995 5
    endloop
  endfacet
  facet normal 0 0 1
    outer loop
      vertex 0 0 5
      vertex 11.1855 3.68828 5
      vertex 11.1843 3.69431 5
    endloop
  endfacet
  facet normal 0 0 1
    outer loop
      vertex 11.1839 4.42956 5
      vertex 0 0 5
      vertex 11.16 4.065 5
    endloop
  endfacet
  facet normal 0 0 1
    outer loop
      vertex 11.16 4.065 5
      vertex 0 0 5
      vertex 11.1839 3.70044 5
    endloop
  endfacet
  facet normal 0 0 1
    outer loop
      vertex 13.6293 1.2493 5
      vertex 0 0 5
      vertex 22 0 5
    endloop
  endfacet
  facet normal 0 0 1
    outer loop
      vertex 13.6233 1.2505 5
      vertex 0 0 5
      vertex 13.6293 1.2493 5
    endloop
  endfacet
  facet normal 0 0 1
    outer loop
      vertex 13.265 1.32177 5
      vertex 0 0 5
      vertex 13.6233 1.2505 5
    endloop
  endfacet
  facet normal 0 0 1
    outer loop
      vertex 12.919 1.43921 5
      vertex 0 0 5
      vertex 13.265 1.32177 5
    endloop
  endfacet
  facet normal 0 0 1
    outer loop
      vertex 12.9132 1.44118 5
      vertex 0 0 5
      vertex 12.919 1.43921 5
    endloop
  endfacet
  facet normal 0 0 1
    outer loop
      vertex 12.5855 1.60277 5
      vertex 0 0 5
      vertex 12.9132 1.44118 5
    endloop
  endfacet
  facet normal 0 0 1
    outer loop
      vertex 12.58 1.60549 5
      vertex 0 0 5
      vertex 12.5855 1.60277 5
    endloop
  endfacet
  facet normal 0 0 1
    outer loop
      vertex 12.5749 1.6089 5
      vertex 0 0 5
      vertex 12.58 1.60549 5
    endloop
  endfacet
  facet normal 0 0 1
    outer loop
      vertex 12.2711 1.81188 5
      vertex 0 0 5
      vertex 12.5749 1.6089 5
    endloop
  endfacet
  facet normal 0 0 1
    outer loop
      vertex 11.9964 2.05276 5
      vertex 0 0 5
      vertex 12.2711 1.81188 5
    endloop
  endfacet
  facet normal 0 0 1
    outer loop
      vertex 11.9878 2.06144 5
      vertex 0 0 5
      vertex 11.9918 2.05682 5
    endloop
  endfacet
  facet normal 0 0 1
    outer loop
      vertex 11.5439 2.63989 5
      vertex 0 0 5
      vertex 11.7469 2.33612 5
    endloop
  endfacet
  facet normal 0 0 1
    outer loop
      vertex 11.5405 2.645 5
      vertex 0 0 5
      vertex 11.5439 2.63989 5
    endloop
  endfacet
  facet normal 0 0 1
    outer loop
      vertex 11.5378 2.65051 5
      vertex 0 0 5
      vertex 11.5405 2.645 5
    endloop
  endfacet
  facet normal 0 0 1
    outer loop
      vertex 11.3742 2.984 5
      vertex 0 0 5
      vertex 11.3762 2.97818 5
    endloop
  endfacet
  facet normal 0 0 1
    outer loop
      vertex 11.1855 3.68828 5
      vertex 0 0 5
      vertex 11.2568 3.32995 5
    endloop
  endfacet
  facet normal 0 0 1
    outer loop
      vertex 11.1839 3.70044 5
      vertex 0 0 5
      vertex 11.1843 3.69431 5
    endloop
  endfacet
  facet normal 0 0 1
    outer loop
      vertex 93.4145 65.4083 5
      vertex 100 69.85 5
      vertex 93.4157 65.4143 5
    endloop
  endfacet
  facet normal 0 0 1
    outer loop
      vertex 100 0 5
      vertex 93.4161 4.42956 5
      vertex 93.44 4.065 5
    endloop
  endfacet
  facet normal 0 0 1
    outer loop
      vertex 93.3432 65.05 5
      vertex 100 69.85 5
      vertex 93.4145 65.4083 5
    endloop
  endfacet
  facet normal 0 0 1
    outer loop
      vertex 100 0 5
      vertex 93.4157 4.43569 5
      vertex 93.4161 4.42956 5
    endloop
  endfacet
  facet normal 0 0 1
    outer loop
      vertex 93.2258 64.704 5
      vertex 100 69.85 5
      vertex 93.3432 65.05 5
    endloop
  endfacet
  facet normal 0 0 1
    outer loop
      vertex 100 0 5
      vertex 93.4145 4.44172 5
      vertex 93.4157 4.43569 5
    endloop
  endfacet
  facet normal 0 0 1
    outer loop
      vertex 93.2238 64.6982 5
      vertex 100 69.85 5
      vertex 93.2258 64.704 5
    endloop
  endfacet
  facet normal 0 0 1
    outer loop
      vertex 100 0 5
      vertex 93.3432 4.80005 5
      vertex 93.4145 4.44172 5
    endloop
  endfacet
  facet normal 0 0 1
    outer loop
      vertex 93.0622 64.3705 5
      vertex 100 69.85 5
      vertex 93.2238 64.6982 5
    endloop
  endfacet
  facet normal 0 0 1
    outer loop
      vertex 100 0 5
      vertex 93.2258 5.146 5
      vertex 93.3432 4.80005 5
    endloop
  endfacet
  facet normal 0 0 1
    outer loop
      vertex 93.0595 64.365 5
      vertex 100 69.85 5
      vertex 93.0622 64.3705 5
    endloop
  endfacet
  facet normal 0 0 1
    outer loop
      vertex 100 0 5
      vertex 93.2238 5.15182 5
      vertex 93.2258 5.146 5
    endloop
  endfacet
  facet normal 0 0 1
    outer loop
      vertex 93.0561 64.3599 5
      vertex 100 69.85 5
      vertex 93.0595 64.365 5
    endloop
  endfacet
  facet normal 0 0 1
    outer loop
      vertex 100 0 5
      vertex 93.0622 5.47949 5
      vertex 93.2238 5.15182 5
    endloop
  endfacet
  facet normal 0 0 1
    outer loop
      vertex 92.8531 64.0561 5
      vertex 100 69.85 5
      vertex 93.0561 64.3599 5
    endloop
  endfacet
  facet normal 0 0 1
    outer loop
      vertex 100 0 5
      vertex 93.0595 5.485 5
      vertex 93.0622 5.47949 5
    endloop
  endfacet
  facet normal 0 0 1
    outer loop
      vertex 92.6122 63.7814 5
      vertex 100 69.85 5
      vertex 92.8531 64.0561 5
    endloop
  endfacet
  facet normal 0 0 1
    outer loop
      vertex 100 0 5
      vertex 93.0561 5.49011 5
      vertex 93.0595 5.485 5
    endloop
  endfacet
  facet normal 0 0 1
    outer loop
      vertex 92.6082 63.7768 5
      vertex 100 69.85 5
      vertex 92.6122 63.7814 5
    endloop
  endfacet
  facet normal 0 0 1
    outer loop
      vertex 100 0 5
      vertex 92.8531 5.79388 5
      vertex 93.0561 5.49011 5
    endloop
  endfacet
  facet normal 0 0 1
    outer loop
      vertex 100 69.85 5
      vertex 92.6082 63.7768 5
      vertex 100 0 5
    endloop
  endfacet
  facet normal 0 0 1
    outer loop
      vertex 100 0 5
      vertex 92.6122 6.06856 5
      vertex 92.8531 5.79388 5
    endloop
  endfacet
  facet normal -0 0 1
    outer loop
      vertex 92.6082 6.07318 5
      vertex 100 0 5
      vertex 92.6082 63.7768 5
    endloop
  endfacet
  facet normal 0 0 1
    outer loop
      vertex 100 0 5
      vertex 92.6082 6.07318 5
      vertex 92.6122 6.06856 5
    endloop
  endfacet
  facet normal -0 0 1
    outer loop
      vertex 92.6036 63.7728 5
      vertex 92.6082 6.07318 5
      vertex 92.6082 63.7768 5
    endloop
  endfacet
  facet normal 0 0 1
    outer loop
      vertex 92.6036 63.7728 5
      vertex 92.6036 6.07724 5
      vertex 92.6082 6.07318 5
    endloop
  endfacet
  facet normal -0 0 1
    outer loop
      vertex 92.3289 63.5319 5
      vertex 92.6036 6.07724 5
      vertex 92.6036 63.7728 5
    endloop
  endfacet
  facet normal 0 0 1
    outer loop
      vertex 92.3289 63.5319 5
      vertex 92.3289 6.31812 5
      vertex 92.6036 6.07724 5
    endloop
  endfacet
  facet normal -0 0 1
    outer loop
      vertex 92.0251 63.3289 5
      vertex 92.3289 6.31812 5
      vertex 92.3289 63.5319 5
    endloop
  endfacet
  facet normal 0 0 1
    outer loop
      vertex 92.0251 63.3289 5
      vertex 92.0251 6.5211 5
      vertex 92.3289 6.31812 5
    endloop
  endfacet
  facet normal -0 0 1
    outer loop
      vertex 92.02 63.3255 5
      vertex 92.0251 6.5211 5
      vertex 92.0251 63.3289 5
    endloop
  endfacet
  facet normal 0 0 1
    outer loop
      vertex 92.02 63.3255 5
      vertex 92.02 6.52451 5
      vertex 92.0251 6.5211 5
    endloop
  endfacet
  facet normal 0 0 1
    outer loop
      vertex 76.4743 40.2334 5
      vertex 92.02 63.3255 5
      vertex 92.0145 63.3228 5
    endloop
  endfacet
  facet normal 0 0 1
    outer loop
      vertex 92.02 63.3255 5
      vertex 76.4743 40.2334 5
      vertex 92.02 6.52451 5
    endloop
  endfacet
  facet normal 0 0 1
    outer loop
      vertex 76.4743 40.2334 5
      vertex 92.0145 63.3228 5
      vertex 91.6868 63.1612 5
    endloop
  endfacet
  facet normal -0 0 1
    outer loop
      vertex 76.4743 29.6166 5
      vertex 92.02 6.52451 5
      vertex 76.4743 40.2334 5
    endloop
  endfacet
  facet normal 0 0 1
    outer loop
      vertex 77.8978 49.6485 5
      vertex 91.335 63.0418 5
      vertex 77.9743 50.0334 5
    endloop
  endfacet
  facet normal -0 0 1
    outer loop
      vertex 91.335 63.0418 5
      vertex 77.8978 49.6485 5
      vertex 91.681 63.1592 5
    endloop
  endfacet
  facet normal -0 0 1
    outer loop
      vertex 90.9767 62.9705 5
      vertex 77.9743 50.0334 5
      vertex 91.335 63.0418 5
    endloop
  endfacet
  facet normal 0 0 1
    outer loop
      vertex 77.7716 49.2769 5
      vertex 91.681 63.1592 5
      vertex 77.8978 49.6485 5
    endloop
  endfacet
  facet normal -0 0 1
    outer loop
      vertex 90.9707 62.9693 5
      vertex 77.9743 50.0334 5
      vertex 90.9767 62.9705 5
    endloop
  endfacet
  facet normal 0 0 1
    outer loop
      vertex 91.6868 6.68882 5
      vertex 78 19.425 5
      vertex 91.681 6.69079 5
    endloop
  endfacet
  facet normal -0 0 1
    outer loop
      vertex 90.9646 62.9689 5
      vertex 77.9743 50.0334 5
      vertex 90.9707 62.9693 5
    endloop
  endfacet
  facet normal 0 0 1
    outer loop
      vertex 91.681 6.69079 5
      vertex 78 19.425 5
      vertex 91.335 6.80823 5
    endloop
  endfacet
  facet normal 0 0 1
    outer loop
      vertex 77.9743 50.0334 5
      vertex 90.9646 62.9689 5
      vertex 78 50.425 5
    endloop
  endfacet
  facet normal 0 0 1
    outer loop
      vertex 91.335 6.80823 5
      vertex 78 19.425 5
      vertex 90.9767 6.8795 5
    endloop
  endfacet
  facet normal 0 0 1
    outer loop
      vertex 78 50.425 5
      vertex 90.9646 62.9689 5
      vertex 90.6 62.945 5
    endloop
  endfacet
  facet normal 0 0 1
    outer loop
      vertex 90.9767 6.8795 5
      vertex 78 19.425 5
      vertex 90.9707 6.8807 5
    endloop
  endfacet
  facet normal 0 0 1
    outer loop
      vertex 78 50.425 5
      vertex 90.6 62.945 5
      vertex 90.2354 62.9689 5
    endloop
  endfacet
  facet normal 0 0 1
    outer loop
      vertex 90.9707 6.8807 5
      vertex 78 19.425 5
      vertex 90.9646 6.88111 5
    endloop
  endfacet
  facet normal 0 0 1
    outer loop
      vertex 78 50.425 5
      vertex 90.2354 62.9689 5
      vertex 90.2293 62.9693 5
    endloop
  endfacet
  facet normal 0 0 1
    outer loop
      vertex 90.9646 6.88111 5
      vertex 78 19.425 5
      vertex 90.6 6.905 5
    endloop
  endfacet
  facet normal 0 0 1
    outer loop
      vertex 78 50.425 5
      vertex 90.2293 62.9693 5
      vertex 90.2233 62.9705 5
    endloop
  endfacet
  facet normal 0 0 1
    outer loop
      vertex 90.6 6.905 5
      vertex 78 19.425 5
      vertex 90.2354 6.88111 5
    endloop
  endfacet
  facet normal 0 0 1
    outer loop
      vertex 78 50.425 5
      vertex 90.2233 62.9705 5
      vertex 89.865 63.0418 5
    endloop
  endfacet
  facet normal 0 0 1
    outer loop
      vertex 90.2354 6.88111 5
      vertex 78 19.425 5
      vertex 90.2293 6.8807 5
    endloop
  endfacet
  facet normal 0 0 1
    outer loop
      vertex 78 50.425 5
      vertex 89.865 63.0418 5
      vertex 89.519 63.1592 5
    endloop
  endfacet
  facet normal 0 0 1
    outer loop
      vertex 90.2293 6.8807 5
      vertex 78 19.425 5
      vertex 90.2233 6.8795 5
    endloop
  endfacet
  facet normal 0 0 1
    outer loop
      vertex 78 50.425 5
      vertex 89.519 63.1592 5
      vertex 89.5132 63.1612 5
    endloop
  endfacet
  facet normal 0 0 1
    outer loop
      vertex 90.2233 6.8795 5
      vertex 78 19.425 5
      vertex 89.865 6.80823 5
    endloop
  endfacet
  facet normal 0 0 1
    outer loop
      vertex 78 50.425 5
      vertex 89.5132 63.1612 5
      vertex 89.1855 63.3228 5
    endloop
  endfacet
  facet normal 0 0 1
    outer loop
      vertex 89.865 6.80823 5
      vertex 78 19.425 5
      vertex 89.519 6.69079 5
    endloop
  endfacet
  facet normal 0 0 1
    outer loop
      vertex 78 50.425 5
      vertex 89.1855 63.3228 5
      vertex 89.18 63.3255 5
    endloop
  endfacet
  facet normal 0 0 1
    outer loop
      vertex 89.519 6.69079 5
      vertex 78 19.425 5
      vertex 89.5132 6.68882 5
    endloop
  endfacet
  facet normal 0 0 1
    outer loop
      vertex 78 50.425 5
      vertex 89.18 63.3255 5
      vertex 89.1749 63.3289 5
    endloop
  endfacet
  facet normal 0 0 1
    outer loop
      vertex 89.5132 6.68882 5
      vertex 78 19.425 5
      vertex 89.1855 6.52723 5
    endloop
  endfacet
  facet normal 0 0 1
    outer loop
      vertex 78 50.425 5
      vertex 89.1749 63.3289 5
      vertex 88.8711 63.5319 5
    endloop
  endfacet
  facet normal 0 0 1
    outer loop
      vertex 89.1855 6.52723 5
      vertex 78 19.425 5
      vertex 89.18 6.52451 5
    endloop
  endfacet
  facet normal 0 0 1
    outer loop
      vertex 78 50.425 5
      vertex 88.8711 63.5319 5
      vertex 88.5964 63.7728 5
    endloop
  endfacet
  facet normal 0 0 1
    outer loop
      vertex 89.18 6.52451 5
      vertex 78 19.425 5
      vertex 89.1749 6.5211 5
    endloop
  endfacet
  facet normal 0 0 1
    outer loop
      vertex 78 50.425 5
      vertex 88.5964 63.7728 5
      vertex 88.5918 63.7768 5
    endloop
  endfacet
  facet normal 0 0 1
    outer loop
      vertex 89.1749 6.5211 5
      vertex 78 19.425 5
      vertex 88.8711 6.31812 5
    endloop
  endfacet
  facet normal 0 0 1
    outer loop
      vertex 78 50.425 5
      vertex 88.5918 63.7768 5
      vertex 88.5878 63.7814 5
    endloop
  endfacet
  facet normal 0 0 1
    outer loop
      vertex 88.8711 6.31812 5
      vertex 78 19.425 5
      vertex 88.5964 6.07724 5
    endloop
  endfacet
  facet normal 0 0 1
    outer loop
      vertex 78 50.425 5
      vertex 88.5878 63.7814 5
      vertex 88.3469 64.0561 5
    endloop
  endfacet
  facet normal 0 0 1
    outer loop
      vertex 88.5964 6.07724 5
      vertex 78 19.425 5
      vertex 88.5918 6.07318 5
    endloop
  endfacet
  facet normal 0 0 1
    outer loop
      vertex 78 50.425 5
      vertex 88.3469 64.0561 5
      vertex 88.1439 64.3599 5
    endloop
  endfacet
  facet normal 0 0 1
    outer loop
      vertex 88.5918 6.07318 5
      vertex 78 19.425 5
      vertex 88.5878 6.06856 5
    endloop
  endfacet
  facet normal 0 0 1
    outer loop
      vertex 78 50.425 5
      vertex 88.1439 64.3599 5
      vertex 88.1405 64.365 5
    endloop
  endfacet
  facet normal 0 0 1
    outer loop
      vertex 88.5878 6.06856 5
      vertex 78 19.425 5
      vertex 88.3469 5.79388 5
    endloop
  endfacet
  facet normal 0 0 1
    outer loop
      vertex 78 50.425 5
      vertex 88.1405 64.365 5
      vertex 88.1378 64.3705 5
    endloop
  endfacet
  facet normal 0 0 1
    outer loop
      vertex 88.3469 5.79388 5
      vertex 78 19.425 5
      vertex 88.1439 5.49011 5
    endloop
  endfacet
  facet normal 0 0 1
    outer loop
      vertex 78 50.425 5
      vertex 88.1378 64.3705 5
      vertex 87.9762 64.6982 5
    endloop
  endfacet
  facet normal 0 0 1
    outer loop
      vertex 88.1439 5.49011 5
      vertex 78 19.425 5
      vertex 88.1405 5.485 5
    endloop
  endfacet
  facet normal 0 0 1
    outer loop
      vertex 78 69.85 5
      vertex 87.9762 64.6982 5
      vertex 87.9742 64.704 5
    endloop
  endfacet
  facet normal 0 0 1
    outer loop
      vertex 88.1405 5.485 5
      vertex 78 19.425 5
      vertex 88.1378 5.47949 5
    endloop
  endfacet
  facet normal 0 0 1
    outer loop
      vertex 78 69.85 5
      vertex 87.9742 64.704 5
      vertex 87.8568 65.05 5
    endloop
  endfacet
  facet normal 0 0 1
    outer loop
      vertex 88.1378 5.47949 5
      vertex 78 19.425 5
      vertex 87.9762 5.15182 5
    endloop
  endfacet
  facet normal 0 0 1
    outer loop
      vertex 78 69.85 5
      vertex 87.8568 65.05 5
      vertex 87.7855 65.4083 5
    endloop
  endfacet
  facet normal 0 0 1
    outer loop
      vertex 78 0 5
      vertex 87.9762 5.15182 5
      vertex 78 19.425 5
    endloop
  endfacet
  facet normal 0 0 1
    outer loop
      vertex 78 69.85 5
      vertex 87.7855 65.4083 5
      vertex 87.7843 65.4143 5
    endloop
  endfacet
  facet normal 0 0 1
    outer loop
      vertex 87.9762 5.15182 5
      vertex 78 0 5
      vertex 87.9742 5.146 5
    endloop
  endfacet
  facet normal 0 0 1
    outer loop
      vertex 78 69.85 5
      vertex 87.7843 65.4143 5
      vertex 87.7839 65.4204 5
    endloop
  endfacet
  facet normal 0 0 1
    outer loop
      vertex 87.9742 5.146 5
      vertex 78 0 5
      vertex 87.8568 4.80005 5
    endloop
  endfacet
  facet normal 0 0 1
    outer loop
      vertex 78 69.85 5
      vertex 87.7839 65.4204 5
      vertex 87.76 65.785 5
    endloop
  endfacet
  facet normal 0 0 1
    outer loop
      vertex 87.8568 4.80005 5
      vertex 78 0 5
      vertex 87.7855 4.44172 5
    endloop
  endfacet
  facet normal 0 0 1
    outer loop
      vertex 93.4161 65.4204 5
      vertex 100 69.85 5
      vertex 93.44 65.785 5
    endloop
  endfacet
  facet normal 0 0 1
    outer loop
      vertex 100 69.85 5
      vertex 93.4161 66.1496 5
      vertex 93.44 65.785 5
    endloop
  endfacet
  facet normal 0 0 1
    outer loop
      vertex 100 69.85 5
      vertex 93.4157 66.1557 5
      vertex 93.4161 66.1496 5
    endloop
  endfacet
  facet normal 0 0 1
    outer loop
      vertex 100 69.85 5
      vertex 93.4145 66.1617 5
      vertex 93.4157 66.1557 5
    endloop
  endfacet
  facet normal 0 0 1
    outer loop
      vertex 100 69.85 5
      vertex 93.3432 66.52 5
      vertex 93.4145 66.1617 5
    endloop
  endfacet
  facet normal 0 0 1
    outer loop
      vertex 100 69.85 5
      vertex 93.2258 66.866 5
      vertex 93.3432 66.52 5
    endloop
  endfacet
  facet normal 0 0 1
    outer loop
      vertex 100 69.85 5
      vertex 93.2238 66.8718 5
      vertex 93.2258 66.866 5
    endloop
  endfacet
  facet normal 0 0 1
    outer loop
      vertex 100 69.85 5
      vertex 93.0622 67.1995 5
      vertex 93.2238 66.8718 5
    endloop
  endfacet
  facet normal 0 0 1
    outer loop
      vertex 100 69.85 5
      vertex 93.0595 67.205 5
      vertex 93.0622 67.1995 5
    endloop
  endfacet
  facet normal 0 0 1
    outer loop
      vertex 100 69.85 5
      vertex 93.0561 67.2101 5
      vertex 93.0595 67.205 5
    endloop
  endfacet
  facet normal 0 0 1
    outer loop
      vertex 100 69.85 5
      vertex 92.8531 67.5139 5
      vertex 93.0561 67.2101 5
    endloop
  endfacet
  facet normal 0 0 1
    outer loop
      vertex 100 69.85 5
      vertex 92.6122 67.7886 5
      vertex 92.8531 67.5139 5
    endloop
  endfacet
  facet normal 0 0 1
    outer loop
      vertex 100 69.85 5
      vertex 92.6082 67.7932 5
      vertex 92.6122 67.7886 5
    endloop
  endfacet
  facet normal 0 0 1
    outer loop
      vertex 100 69.85 5
      vertex 92.6036 67.7972 5
      vertex 92.6082 67.7932 5
    endloop
  endfacet
  facet normal 0 0 1
    outer loop
      vertex 100 69.85 5
      vertex 92.3289 68.0381 5
      vertex 92.6036 67.7972 5
    endloop
  endfacet
  facet normal 0 0 1
    outer loop
      vertex 100 69.85 5
      vertex 92.0251 68.2411 5
      vertex 92.3289 68.0381 5
    endloop
  endfacet
  facet normal 0 0 1
    outer loop
      vertex 100 69.85 5
      vertex 92.02 68.2445 5
      vertex 92.0251 68.2411 5
    endloop
  endfacet
  facet normal 0 0 1
    outer loop
      vertex 100 69.85 5
      vertex 92.0145 68.2472 5
      vertex 92.02 68.2445 5
    endloop
  endfacet
  facet normal 0 0 1
    outer loop
      vertex 100 69.85 5
      vertex 91.6868 68.4088 5
      vertex 92.0145 68.2472 5
    endloop
  endfacet
  facet normal 0 0 1
    outer loop
      vertex 100 69.85 5
      vertex 91.681 68.4108 5
      vertex 91.6868 68.4088 5
    endloop
  endfacet
  facet normal 0 0 1
    outer loop
      vertex 100 69.85 5
      vertex 91.335 68.5282 5
      vertex 91.681 68.4108 5
    endloop
  endfacet
  facet normal 0 0 1
    outer loop
      vertex 100 69.85 5
      vertex 90.9767 68.5995 5
      vertex 91.335 68.5282 5
    endloop
  endfacet
  facet normal 0 0 1
    outer loop
      vertex 100 69.85 5
      vertex 90.9707 68.6007 5
      vertex 90.9767 68.5995 5
    endloop
  endfacet
  facet normal 0 0 1
    outer loop
      vertex 100 69.85 5
      vertex 90.9646 68.6011 5
      vertex 90.9707 68.6007 5
    endloop
  endfacet
  facet normal 0 0 1
    outer loop
      vertex 100 69.85 5
      vertex 90.6 68.625 5
      vertex 90.9646 68.6011 5
    endloop
  endfacet
  facet normal -0 0 1
    outer loop
      vertex 78 69.85 5
      vertex 90.6 68.625 5
      vertex 100 69.85 5
    endloop
  endfacet
  facet normal 0 0 1
    outer loop
      vertex 90.6 68.625 5
      vertex 78 69.85 5
      vertex 90.2354 68.6011 5
    endloop
  endfacet
  facet normal 0 0 1
    outer loop
      vertex 78 69.85 5
      vertex 89.1855 68.2472 5
      vertex 89.5132 68.4088 5
    endloop
  endfacet
  facet normal 0 0 1
    outer loop
      vertex 78 69.85 5
      vertex 89.1749 68.2411 5
      vertex 89.18 68.2445 5
    endloop
  endfacet
  facet normal 0 0 1
    outer loop
      vertex 78 69.85 5
      vertex 88.1439 67.2101 5
      vertex 88.3469 67.5139 5
    endloop
  endfacet
  facet normal 0 0 1
    outer loop
      vertex 78 69.85 5
      vertex 88.1378 67.1995 5
      vertex 88.1405 67.205 5
    endloop
  endfacet
  facet normal 0 0 1
    outer loop
      vertex 78 69.85 5
      vertex 87.7855 66.1617 5
      vertex 87.8568 66.52 5
    endloop
  endfacet
  facet normal 0 0 1
    outer loop
      vertex 78 69.85 5
      vertex 87.7839 66.1496 5
      vertex 87.7843 66.1557 5
    endloop
  endfacet
  facet normal 0 0 1
    outer loop
      vertex 87.9762 64.6982 5
      vertex 78 69.85 5
      vertex 78 50.425 5
    endloop
  endfacet
  facet normal 0 0 1
    outer loop
      vertex 87.7839 66.1496 5
      vertex 78 69.85 5
      vertex 87.76 65.785 5
    endloop
  endfacet
  facet normal 0 0 1
    outer loop
      vertex 87.7855 66.1617 5
      vertex 78 69.85 5
      vertex 87.7843 66.1557 5
    endloop
  endfacet
  facet normal 0 0 1
    outer loop
      vertex 87.9742 66.866 5
      vertex 78 69.85 5
      vertex 87.8568 66.52 5
    endloop
  endfacet
  facet normal 0 0 1
    outer loop
      vertex 87.9762 66.8718 5
      vertex 78 69.85 5
      vertex 87.9742 66.866 5
    endloop
  endfacet
  facet normal 0 0 1
    outer loop
      vertex 88.1378 67.1995 5
      vertex 78 69.85 5
      vertex 87.9762 66.8718 5
    endloop
  endfacet
  facet normal 0 0 1
    outer loop
      vertex 88.1439 67.2101 5
      vertex 78 69.85 5
      vertex 88.1405 67.205 5
    endloop
  endfacet
  facet normal 0 0 1
    outer loop
      vertex 88.5878 67.7886 5
      vertex 78 69.85 5
      vertex 88.3469 67.5139 5
    endloop
  endfacet
  facet normal 0 0 1
    outer loop
      vertex 88.5918 67.7932 5
      vertex 78 69.85 5
      vertex 88.5878 67.7886 5
    endloop
  endfacet
  facet normal 0 0 1
    outer loop
      vertex 88.5964 67.7972 5
      vertex 78 69.85 5
      vertex 88.5918 67.7932 5
    endloop
  endfacet
  facet normal 0 0 1
    outer loop
      vertex 88.8711 68.0381 5
      vertex 78 69.85 5
      vertex 88.5964 67.7972 5
    endloop
  endfacet
  facet normal 0 0 1
    outer loop
      vertex 89.1749 68.2411 5
      vertex 78 69.85 5
      vertex 88.8711 68.0381 5
    endloop
  endfacet
  facet normal 0 0 1
    outer loop
      vertex 89.1855 68.2472 5
      vertex 78 69.85 5
      vertex 89.18 68.2445 5
    endloop
  endfacet
  facet normal 0 0 1
    outer loop
      vertex 89.519 68.4108 5
      vertex 78 69.85 5
      vertex 89.5132 68.4088 5
    endloop
  endfacet
  facet normal 0 0 1
    outer loop
      vertex 89.865 68.5282 5
      vertex 78 69.85 5
      vertex 89.519 68.4108 5
    endloop
  endfacet
  facet normal 0 0 1
    outer loop
      vertex 90.2233 68.5995 5
      vertex 78 69.85 5
      vertex 89.865 68.5282 5
    endloop
  endfacet
  facet normal 0 0 1
    outer loop
      vertex 90.2293 68.6007 5
      vertex 78 69.85 5
      vertex 90.2233 68.5995 5
    endloop
  endfacet
  facet normal 0 0 1
    outer loop
      vertex 90.2354 68.6011 5
      vertex 78 69.85 5
      vertex 90.2293 68.6007 5
    endloop
  endfacet
  facet normal 0 0 1
    outer loop
      vertex 93.4157 65.4143 5
      vertex 100 69.85 5
      vertex 93.4161 65.4204 5
    endloop
  endfacet
  facet normal -0 0 1
    outer loop
      vertex 93.4161 3.70044 5
      vertex 100 0 5
      vertex 93.44 4.065 5
    endloop
  endfacet
  facet normal -0 0 1
    outer loop
      vertex 93.4157 3.69431 5
      vertex 100 0 5
      vertex 93.4161 3.70044 5
    endloop
  endfacet
  facet normal -0 0 1
    outer loop
      vertex 93.4145 3.68828 5
      vertex 100 0 5
      vertex 93.4157 3.69431 5
    endloop
  endfacet
  facet normal -0 0 1
    outer loop
      vertex 93.3432 3.32995 5
      vertex 100 0 5
      vertex 93.4145 3.68828 5
    endloop
  endfacet
  facet normal -0 0 1
    outer loop
      vertex 93.2258 2.984 5
      vertex 100 0 5
      vertex 93.3432 3.32995 5
    endloop
  endfacet
  facet normal -0 0 1
    outer loop
      vertex 93.2238 2.97818 5
      vertex 100 0 5
      vertex 93.2258 2.984 5
    endloop
  endfacet
  facet normal -0 0 1
    outer loop
      vertex 93.0622 2.65051 5
      vertex 100 0 5
      vertex 93.2238 2.97818 5
    endloop
  endfacet
  facet normal -0 0 1
    outer loop
      vertex 93.0595 2.645 5
      vertex 100 0 5
      vertex 93.0622 2.65051 5
    endloop
  endfacet
  facet normal -0 0 1
    outer loop
      vertex 93.0561 2.63989 5
      vertex 100 0 5
      vertex 93.0595 2.645 5
    endloop
  endfacet
  facet normal -0 0 1
    outer loop
      vertex 92.8531 2.33612 5
      vertex 100 0 5
      vertex 93.0561 2.63989 5
    endloop
  endfacet
  facet normal -0 0 1
    outer loop
      vertex 92.6122 2.06144 5
      vertex 100 0 5
      vertex 92.8531 2.33612 5
    endloop
  endfacet
  facet normal -0 0 1
    outer loop
      vertex 92.6082 2.05682 5
      vertex 100 0 5
      vertex 92.6122 2.06144 5
    endloop
  endfacet
  facet normal -0 0 1
    outer loop
      vertex 92.6036 2.05276 5
      vertex 100 0 5
      vertex 92.6082 2.05682 5
    endloop
  endfacet
  facet normal -0 0 1
    outer loop
      vertex 92.3289 1.81188 5
      vertex 100 0 5
      vertex 92.6036 2.05276 5
    endloop
  endfacet
  facet normal -0 0 1
    outer loop
      vertex 92.0251 1.6089 5
      vertex 100 0 5
      vertex 92.3289 1.81188 5
    endloop
  endfacet
  facet normal -0 0 1
    outer loop
      vertex 92.02 1.60549 5
      vertex 100 0 5
      vertex 92.0251 1.6089 5
    endloop
  endfacet
  facet normal -0 0 1
    outer loop
      vertex 92.0145 1.60277 5
      vertex 100 0 5
      vertex 92.02 1.60549 5
    endloop
  endfacet
  facet normal -0 0 1
    outer loop
      vertex 91.6868 1.44118 5
      vertex 100 0 5
      vertex 92.0145 1.60277 5
    endloop
  endfacet
  facet normal -0 0 1
    outer loop
      vertex 91.681 1.43921 5
      vertex 100 0 5
      vertex 91.6868 1.44118 5
    endloop
  endfacet
  facet normal -0 0 1
    outer loop
      vertex 91.335 1.32177 5
      vertex 100 0 5
      vertex 91.681 1.43921 5
    endloop
  endfacet
  facet normal -0 0 1
    outer loop
      vertex 90.9767 1.2505 5
      vertex 100 0 5
      vertex 91.335 1.32177 5
    endloop
  endfacet
  facet normal -0 0 1
    outer loop
      vertex 90.9707 1.2493 5
      vertex 100 0 5
      vertex 90.9767 1.2505 5
    endloop
  endfacet
  facet normal -0 0 1
    outer loop
      vertex 90.9646 1.24889 5
      vertex 100 0 5
      vertex 90.9707 1.2493 5
    endloop
  endfacet
  facet normal -0 0 1
    outer loop
      vertex 90.6 1.225 5
      vertex 100 0 5
      vertex 90.9646 1.24889 5
    endloop
  endfacet
  facet normal 0 0 1
    outer loop
      vertex 78 0 5
      vertex 90.6 1.225 5
      vertex 90.2354 1.24889 5
    endloop
  endfacet
  facet normal 0 0 1
    outer loop
      vertex 78 0 5
      vertex 90.2354 1.24889 5
      vertex 90.2293 1.2493 5
    endloop
  endfacet
  facet normal 0 0 1
    outer loop
      vertex 78 0 5
      vertex 89.1855 1.60277 5
      vertex 89.18 1.60549 5
    endloop
  endfacet
  facet normal 0 0 1
    outer loop
      vertex 78 0 5
      vertex 88.1439 2.63989 5
      vertex 88.1405 2.645 5
    endloop
  endfacet
  facet normal 0 0 1
    outer loop
      vertex 78 0 5
      vertex 88.1378 2.65051 5
      vertex 87.9762 2.97818 5
    endloop
  endfacet
  facet normal 0 0 1
    outer loop
      vertex 78 0 5
      vertex 87.9742 2.984 5
      vertex 87.8568 3.32995 5
    endloop
  endfacet
  facet normal 0 0 1
    outer loop
      vertex 78 0 5
      vertex 87.7855 3.68828 5
      vertex 87.7843 3.69431 5
    endloop
  endfacet
  facet normal 0 0 1
    outer loop
      vertex 78 0 5
      vertex 87.7839 3.70044 5
      vertex 87.76 4.065 5
    endloop
  endfacet
  facet normal 0 0 1
    outer loop
      vertex 87.7855 4.44172 5
      vertex 78 0 5
      vertex 87.7843 4.43569 5
    endloop
  endfacet
  facet normal 0 0 1
    outer loop
      vertex 87.7843 4.43569 5
      vertex 78 0 5
      vertex 87.7839 4.42956 5
    endloop
  endfacet
  facet normal 0 0 1
    outer loop
      vertex 87.7839 4.42956 5
      vertex 78 0 5
      vertex 87.76 4.065 5
    endloop
  endfacet
  facet normal 0 0 1
    outer loop
      vertex 87.7839 3.70044 5
      vertex 78 0 5
      vertex 87.7843 3.69431 5
    endloop
  endfacet
  facet normal 0 0 1
    outer loop
      vertex 87.7855 3.68828 5
      vertex 78 0 5
      vertex 87.8568 3.32995 5
    endloop
  endfacet
  facet normal 0 0 1
    outer loop
      vertex 87.9742 2.984 5
      vertex 78 0 5
      vertex 87.9762 2.97818 5
    endloop
  endfacet
  facet normal 0 0 1
    outer loop
      vertex 90.6 1.225 5
      vertex 78 0 5
      vertex 100 0 5
    endloop
  endfacet
  facet normal 0 0 1
    outer loop
      vertex 90.2233 1.2505 5
      vertex 78 0 5
      vertex 90.2293 1.2493 5
    endloop
  endfacet
  facet normal 0 0 1
    outer loop
      vertex 89.865 1.32177 5
      vertex 78 0 5
      vertex 90.2233 1.2505 5
    endloop
  endfacet
  facet normal 0 0 1
    outer loop
      vertex 89.519 1.43921 5
      vertex 78 0 5
      vertex 89.865 1.32177 5
    endloop
  endfacet
  facet normal 0 0 1
    outer loop
      vertex 89.5132 1.44118 5
      vertex 78 0 5
      vertex 89.519 1.43921 5
    endloop
  endfacet
  facet normal 0 0 1
    outer loop
      vertex 89.1855 1.60277 5
      vertex 78 0 5
      vertex 89.5132 1.44118 5
    endloop
  endfacet
  facet normal 0 0 1
    outer loop
      vertex 89.1749 1.6089 5
      vertex 78 0 5
      vertex 89.18 1.60549 5
    endloop
  endfacet
  facet normal 0 0 1
    outer loop
      vertex 88.8711 1.81188 5
      vertex 78 0 5
      vertex 89.1749 1.6089 5
    endloop
  endfacet
  facet normal 0 0 1
    outer loop
      vertex 88.5964 2.05276 5
      vertex 78 0 5
      vertex 88.8711 1.81188 5
    endloop
  endfacet
  facet normal 0 0 1
    outer loop
      vertex 88.5918 2.05682 5
      vertex 78 0 5
      vertex 88.5964 2.05276 5
    endloop
  endfacet
  facet normal 0 0 1
    outer loop
      vertex 88.5878 2.06144 5
      vertex 78 0 5
      vertex 88.5918 2.05682 5
    endloop
  endfacet
  facet normal 0 0 1
    outer loop
      vertex 88.3469 2.33612 5
      vertex 78 0 5
      vertex 88.5878 2.06144 5
    endloop
  endfacet
  facet normal 0 0 1
    outer loop
      vertex 88.1439 2.63989 5
      vertex 78 0 5
      vertex 88.3469 2.33612 5
    endloop
  endfacet
  facet normal 0 0 1
    outer loop
      vertex 88.1378 2.65051 5
      vertex 78 0 5
      vertex 88.1405 2.645 5
    endloop
  endfacet
  facet normal -0.0654873 -0.997853 0
    outer loop
      vertex 26.1084 26.2507 5
      vertex 26.5 26.225 7
      vertex 26.1084 26.2507 7
    endloop
  endfacet
  facet normal -0.0654873 -0.997853 -0
    outer loop
      vertex 26.5 26.225 7
      vertex 26.1084 26.2507 5
      vertex 26.5 26.225 5
    endloop
  endfacet
  facet normal -0.946858 -0.321651 0
    outer loop
      vertex 23.7284 39.477 5
      vertex 23.6022 39.8485 7
      vertex 23.6022 39.8485 5
    endloop
  endfacet
  facet normal -0.946858 -0.321651 0
    outer loop
      vertex 23.6022 39.8485 7
      vertex 23.7284 39.477 5
      vertex 23.7284 39.477 7
    endloop
  endfacet
  facet normal 0.19494 -0.980815 0
    outer loop
      vertex 26.8916 37.6507 5
      vertex 27.2765 37.7272 7
      vertex 26.8916 37.6507 7
    endloop
  endfacet
  facet normal 0.19494 -0.980815 0
    outer loop
      vertex 27.2765 37.7272 7
      vertex 26.8916 37.6507 5
      vertex 27.2765 37.7272 5
    endloop
  endfacet
  facet normal 0.980815 0.19494 0
    outer loop
      vertex 29.4743 41.0166 7
      vertex 29.3978 41.4015 5
      vertex 29.3978 41.4015 7
    endloop
  endfacet
  facet normal 0.980815 0.19494 0
    outer loop
      vertex 29.3978 41.4015 5
      vertex 29.4743 41.0166 7
      vertex 29.4743 41.0166 5
    endloop
  endfacet
  facet normal 0.997853 0.0654873 0
    outer loop
      vertex 29.5 40.625 7
      vertex 29.4743 41.0166 5
      vertex 29.4743 41.0166 7
    endloop
  endfacet
  facet normal 0.997853 0.0654873 0
    outer loop
      vertex 29.4743 41.0166 5
      vertex 29.5 40.625 7
      vertex 29.5 40.625 5
    endloop
  endfacet
  facet normal -0.442211 0.896911 0
    outer loop
      vertex 25.3519 43.3966 5
      vertex 25 43.2231 7
      vertex 25.3519 43.3966 7
    endloop
  endfacet
  facet normal -0.442211 0.896911 0
    outer loop
      vertex 25 43.2231 7
      vertex 25.3519 43.3966 5
      vertex 25 43.2231 5
    endloop
  endfacet
  facet normal 0.946858 0.321651 0
    outer loop
      vertex 29.3978 41.4015 7
      vertex 29.2716 41.773 5
      vertex 29.2716 41.773 7
    endloop
  endfacet
  facet normal 0.946858 0.321651 0
    outer loop
      vertex 29.2716 41.773 5
      vertex 29.3978 41.4015 7
      vertex 29.3978 41.4015 5
    endloop
  endfacet
  facet normal 0.896961 -0.44211 0
    outer loop
      vertex 29.0981 39.125 7
      vertex 29.2716 39.477 5
      vertex 29.2716 39.477 7
    endloop
  endfacet
  facet normal 0.896961 -0.44211 0
    outer loop
      vertex 29.2716 39.477 5
      vertex 29.0981 39.125 7
      vertex 29.0981 39.125 5
    endloop
  endfacet
  facet normal 0.997853 -0.0654873 0
    outer loop
      vertex 29.4743 40.2334 7
      vertex 29.5 40.625 5
      vertex 29.5 40.625 7
    endloop
  endfacet
  facet normal 0.997853 -0.0654873 0
    outer loop
      vertex 29.5 40.625 5
      vertex 29.4743 40.2334 7
      vertex 29.4743 40.2334 5
    endloop
  endfacet
  facet normal 0.659478 0.751724 -0
    outer loop
      vertex 28.6213 42.7463 5
      vertex 28.3263 43.0051 7
      vertex 28.6213 42.7463 7
    endloop
  endfacet
  facet normal 0.659478 0.751724 0
    outer loop
      vertex 28.3263 43.0051 7
      vertex 28.6213 42.7463 5
      vertex 28.3263 43.0051 5
    endloop
  endfacet
  facet normal -0.659478 0.751724 0
    outer loop
      vertex 24.6737 43.0051 5
      vertex 24.3787 42.7463 7
      vertex 24.6737 43.0051 7
    endloop
  endfacet
  facet normal -0.659478 0.751724 0
    outer loop
      vertex 24.3787 42.7463 7
      vertex 24.6737 43.0051 5
      vertex 24.3787 42.7463 5
    endloop
  endfacet
  facet normal 0.0654873 0.997853 -0
    outer loop
      vertex 26.8916 43.5993 5
      vertex 26.5 43.625 7
      vertex 26.8916 43.5993 7
    endloop
  endfacet
  facet normal 0.0654873 0.997853 0
    outer loop
      vertex 26.5 43.625 7
      vertex 26.8916 43.5993 5
      vertex 26.5 43.625 5
    endloop
  endfacet
  facet normal -0.19494 -0.980815 0
    outer loop
      vertex 25.7235 37.7272 5
      vertex 26.1084 37.6507 7
      vertex 25.7235 37.7272 7
    endloop
  endfacet
  facet normal -0.19494 -0.980815 -0
    outer loop
      vertex 26.1084 37.6507 7
      vertex 25.7235 37.7272 5
      vertex 26.1084 37.6507 5
    endloop
  endfacet
  facet normal -0.997853 0.0654873 0
    outer loop
      vertex 23.5 40.625 5
      vertex 23.5257 41.0166 7
      vertex 23.5257 41.0166 5
    endloop
  endfacet
  facet normal -0.997853 0.0654873 0
    outer loop
      vertex 23.5257 41.0166 7
      vertex 23.5 40.625 5
      vertex 23.5 40.625 7
    endloop
  endfacet
  facet normal -0.751724 -0.659478 0
    outer loop
      vertex 24.3787 38.5037 5
      vertex 24.1199 38.7987 7
      vertex 24.1199 38.7987 5
    endloop
  endfacet
  facet normal -0.751724 -0.659478 0
    outer loop
      vertex 24.1199 38.7987 7
      vertex 24.3787 38.5037 5
      vertex 24.3787 38.5037 7
    endloop
  endfacet
  facet normal -0.980815 -0.19494 0
    outer loop
      vertex 23.6022 39.8485 5
      vertex 23.5257 40.2334 7
      vertex 23.5257 40.2334 5
    endloop
  endfacet
  facet normal -0.980815 -0.19494 0
    outer loop
      vertex 23.5257 40.2334 7
      vertex 23.6022 39.8485 5
      vertex 23.6022 39.8485 7
    endloop
  endfacet
  facet normal 0.831501 -0.555523 0
    outer loop
      vertex 28.8801 38.7987 7
      vertex 29.0981 39.125 5
      vertex 29.0981 39.125 7
    endloop
  endfacet
  facet normal 0.831501 -0.555523 0
    outer loop
      vertex 29.0981 39.125 5
      vertex 28.8801 38.7987 7
      vertex 28.8801 38.7987 5
    endloop
  endfacet
  facet normal -0.896961 0.44211 0
    outer loop
      vertex 23.7284 41.773 5
      vertex 23.9019 42.125 7
      vertex 23.9019 42.125 5
    endloop
  endfacet
  facet normal -0.896961 0.44211 0
    outer loop
      vertex 23.9019 42.125 7
      vertex 23.7284 41.773 5
      vertex 23.7284 41.773 7
    endloop
  endfacet
  facet normal -0.831501 0.555523 0
    outer loop
      vertex 23.9019 42.125 5
      vertex 24.1199 42.4513 7
      vertex 24.1199 42.4513 5
    endloop
  endfacet
  facet normal -0.831501 0.555523 0
    outer loop
      vertex 24.1199 42.4513 7
      vertex 23.9019 42.125 5
      vertex 23.9019 42.125 7
    endloop
  endfacet
  facet normal -0.0654873 0.997853 0
    outer loop
      vertex 26.5 43.625 5
      vertex 26.1084 43.5993 7
      vertex 26.5 43.625 7
    endloop
  endfacet
  facet normal -0.0654873 0.997853 0
    outer loop
      vertex 26.1084 43.5993 7
      vertex 26.5 43.625 5
      vertex 26.1084 43.5993 5
    endloop
  endfacet
  facet normal -0.321574 0.946885 0
    outer loop
      vertex 25.7235 43.5228 5
      vertex 25.3519 43.3966 7
      vertex 25.7235 43.5228 7
    endloop
  endfacet
  facet normal -0.321574 0.946885 0
    outer loop
      vertex 25.3519 43.3966 7
      vertex 25.7235 43.5228 5
      vertex 25.3519 43.3966 5
    endloop
  endfacet
  facet normal -0.321574 -0.946885 0
    outer loop
      vertex 25.3519 37.8534 5
      vertex 25.7235 37.7272 7
      vertex 25.3519 37.8534 7
    endloop
  endfacet
  facet normal -0.321574 -0.946885 -0
    outer loop
      vertex 25.7235 37.7272 7
      vertex 25.3519 37.8534 5
      vertex 25.7235 37.7272 5
    endloop
  endfacet
  facet normal 0.44211 0.896961 -0
    outer loop
      vertex 28 43.2231 5
      vertex 27.648 43.3966 7
      vertex 28 43.2231 7
    endloop
  endfacet
  facet normal 0.44211 0.896961 0
    outer loop
      vertex 27.648 43.3966 7
      vertex 28 43.2231 5
      vertex 27.648 43.3966 5
    endloop
  endfacet
  facet normal 0.0654873 -0.997853 0
    outer loop
      vertex 26.5 37.625 5
      vertex 26.8916 37.6507 7
      vertex 26.5 37.625 7
    endloop
  endfacet
  facet normal 0.0654873 -0.997853 0
    outer loop
      vertex 26.8916 37.6507 7
      vertex 26.5 37.625 5
      vertex 26.8916 37.6507 5
    endloop
  endfacet
  facet normal 0.555523 -0.831501 0
    outer loop
      vertex 28 38.0269 5
      vertex 28.3263 38.2449 7
      vertex 28 38.0269 7
    endloop
  endfacet
  facet normal 0.555523 -0.831501 0
    outer loop
      vertex 28.3263 38.2449 7
      vertex 28 38.0269 5
      vertex 28.3263 38.2449 5
    endloop
  endfacet
  facet normal 0.980815 -0.19494 0
    outer loop
      vertex 29.3978 39.8485 7
      vertex 29.4743 40.2334 5
      vertex 29.4743 40.2334 7
    endloop
  endfacet
  facet normal 0.980815 -0.19494 0
    outer loop
      vertex 29.4743 40.2334 5
      vertex 29.3978 39.8485 7
      vertex 29.3978 39.8485 5
    endloop
  endfacet
  facet normal -0.751724 0.659478 0
    outer loop
      vertex 24.1199 42.4513 5
      vertex 24.3787 42.7463 7
      vertex 24.3787 42.7463 5
    endloop
  endfacet
  facet normal -0.751724 0.659478 0
    outer loop
      vertex 24.3787 42.7463 7
      vertex 24.1199 42.4513 5
      vertex 24.1199 42.4513 7
    endloop
  endfacet
  facet normal -0.980815 0.19494 0
    outer loop
      vertex 23.5257 41.0166 5
      vertex 23.6022 41.4015 7
      vertex 23.6022 41.4015 5
    endloop
  endfacet
  facet normal -0.980815 0.19494 0
    outer loop
      vertex 23.6022 41.4015 7
      vertex 23.5257 41.0166 5
      vertex 23.5257 41.0166 7
    endloop
  endfacet
  facet normal 0.831501 0.555523 0
    outer loop
      vertex 29.0981 42.125 7
      vertex 28.8801 42.4513 5
      vertex 28.8801 42.4513 7
    endloop
  endfacet
  facet normal 0.831501 0.555523 0
    outer loop
      vertex 28.8801 42.4513 5
      vertex 29.0981 42.125 7
      vertex 29.0981 42.125 5
    endloop
  endfacet
  facet normal 0.555523 0.831501 -0
    outer loop
      vertex 28.3263 43.0051 5
      vertex 28 43.2231 7
      vertex 28.3263 43.0051 7
    endloop
  endfacet
  facet normal 0.555523 0.831501 0
    outer loop
      vertex 28 43.2231 7
      vertex 28.3263 43.0051 5
      vertex 28 43.2231 5
    endloop
  endfacet
  facet normal -0.997853 -0.0654873 0
    outer loop
      vertex 23.5257 40.2334 5
      vertex 23.5 40.625 7
      vertex 23.5 40.625 5
    endloop
  endfacet
  facet normal -0.997853 -0.0654873 0
    outer loop
      vertex 23.5 40.625 7
      vertex 23.5257 40.2334 5
      vertex 23.5257 40.2334 7
    endloop
  endfacet
  facet normal 0.321651 0.946858 -0
    outer loop
      vertex 27.648 43.3966 5
      vertex 27.2765 43.5228 7
      vertex 27.648 43.3966 7
    endloop
  endfacet
  facet normal 0.321651 0.946858 0
    outer loop
      vertex 27.2765 43.5228 7
      vertex 27.648 43.3966 5
      vertex 27.2765 43.5228 5
    endloop
  endfacet
  facet normal 0.659478 -0.751724 0
    outer loop
      vertex 28.3263 38.2449 5
      vertex 28.6213 38.5037 7
      vertex 28.3263 38.2449 7
    endloop
  endfacet
  facet normal 0.659478 -0.751724 0
    outer loop
      vertex 28.6213 38.5037 7
      vertex 28.3263 38.2449 5
      vertex 28.6213 38.5037 5
    endloop
  endfacet
  facet normal -0.19494 0.980815 0
    outer loop
      vertex 26.1084 43.5993 5
      vertex 25.7235 43.5228 7
      vertex 26.1084 43.5993 7
    endloop
  endfacet
  facet normal -0.19494 0.980815 0
    outer loop
      vertex 25.7235 43.5228 7
      vertex 26.1084 43.5993 5
      vertex 25.7235 43.5228 5
    endloop
  endfacet
  facet normal 0.896961 0.44211 0
    outer loop
      vertex 29.2716 41.773 7
      vertex 29.0981 42.125 5
      vertex 29.0981 42.125 7
    endloop
  endfacet
  facet normal 0.896961 0.44211 0
    outer loop
      vertex 29.0981 42.125 5
      vertex 29.2716 41.773 7
      vertex 29.2716 41.773 5
    endloop
  endfacet
  facet normal 0.946858 -0.321651 0
    outer loop
      vertex 29.2716 39.477 7
      vertex 29.3978 39.8485 5
      vertex 29.3978 39.8485 7
    endloop
  endfacet
  facet normal 0.946858 -0.321651 0
    outer loop
      vertex 29.3978 39.8485 5
      vertex 29.2716 39.477 7
      vertex 29.2716 39.477 5
    endloop
  endfacet
  facet normal -0.555523 -0.831501 0
    outer loop
      vertex 24.6737 38.2449 5
      vertex 25 38.0269 7
      vertex 24.6737 38.2449 7
    endloop
  endfacet
  facet normal -0.555523 -0.831501 -0
    outer loop
      vertex 25 38.0269 7
      vertex 24.6737 38.2449 5
      vertex 25 38.0269 5
    endloop
  endfacet
  facet normal -0.659478 -0.751724 0
    outer loop
      vertex 24.3787 38.5037 5
      vertex 24.6737 38.2449 7
      vertex 24.3787 38.5037 7
    endloop
  endfacet
  facet normal -0.659478 -0.751724 -0
    outer loop
      vertex 24.6737 38.2449 7
      vertex 24.3787 38.5037 5
      vertex 24.6737 38.2449 5
    endloop
  endfacet
  facet normal 0.751724 -0.659478 0
    outer loop
      vertex 28.6213 38.5037 7
      vertex 28.8801 38.7987 5
      vertex 28.8801 38.7987 7
    endloop
  endfacet
  facet normal 0.751724 -0.659478 0
    outer loop
      vertex 28.8801 38.7987 5
      vertex 28.6213 38.5037 7
      vertex 28.6213 38.5037 5
    endloop
  endfacet
  facet normal -0.896961 -0.44211 0
    outer loop
      vertex 23.9019 39.125 5
      vertex 23.7284 39.477 7
      vertex 23.7284 39.477 5
    endloop
  endfacet
  facet normal -0.896961 -0.44211 0
    outer loop
      vertex 23.7284 39.477 7
      vertex 23.9019 39.125 5
      vertex 23.9019 39.125 7
    endloop
  endfacet
  facet normal -0.0654873 -0.997853 0
    outer loop
      vertex 26.1084 37.6507 5
      vertex 26.5 37.625 7
      vertex 26.1084 37.6507 7
    endloop
  endfacet
  facet normal -0.0654873 -0.997853 -0
    outer loop
      vertex 26.5 37.625 7
      vertex 26.1084 37.6507 5
      vertex 26.5 37.625 5
    endloop
  endfacet
  facet normal 0.751724 0.659478 0
    outer loop
      vertex 28.8801 42.4513 7
      vertex 28.6213 42.7463 5
      vertex 28.6213 42.7463 7
    endloop
  endfacet
  facet normal 0.751724 0.659478 0
    outer loop
      vertex 28.6213 42.7463 5
      vertex 28.8801 42.4513 7
      vertex 28.8801 42.4513 5
    endloop
  endfacet
  facet normal -0.555523 0.831501 0
    outer loop
      vertex 25 43.2231 5
      vertex 24.6737 43.0051 7
      vertex 25 43.2231 7
    endloop
  endfacet
  facet normal -0.555523 0.831501 0
    outer loop
      vertex 24.6737 43.0051 7
      vertex 25 43.2231 5
      vertex 24.6737 43.0051 5
    endloop
  endfacet
  facet normal 0 0 1
    outer loop
      vertex 29.4743 41.0166 7
      vertex 27.9872 40.8208 7
      vertex 28 40.625 7
    endloop
  endfacet
  facet normal 0 0 1
    outer loop
      vertex 28.3263 43.0051 7
      vertex 27.9489 41.0132 7
      vertex 27.9872 40.8208 7
    endloop
  endfacet
  facet normal 0 0 1
    outer loop
      vertex 28.3263 43.0051 7
      vertex 27.8858 41.199 7
      vertex 27.9489 41.0132 7
    endloop
  endfacet
  facet normal 0 0 1
    outer loop
      vertex 28.3263 43.0051 7
      vertex 27.799 41.375 7
      vertex 27.8858 41.199 7
    endloop
  endfacet
  facet normal 0 0 1
    outer loop
      vertex 28.3263 43.0051 7
      vertex 27.69 41.5381 7
      vertex 27.799 41.375 7
    endloop
  endfacet
  facet normal 0 0 1
    outer loop
      vertex 27.25 41.924 7
      vertex 28 43.2231 7
      vertex 27.648 43.3966 7
    endloop
  endfacet
  facet normal 0 0 1
    outer loop
      vertex 28.3263 43.0051 7
      vertex 27.5607 41.6857 7
      vertex 27.69 41.5381 7
    endloop
  endfacet
  facet normal 0 0 1
    outer loop
      vertex 28.3263 43.0051 7
      vertex 27.4131 41.815 7
      vertex 27.5607 41.6857 7
    endloop
  endfacet
  facet normal 0 0 1
    outer loop
      vertex 27.074 42.0108 7
      vertex 27.648 43.3966 7
      vertex 27.2765 43.5228 7
    endloop
  endfacet
  facet normal 0 0 1
    outer loop
      vertex 28 43.2231 7
      vertex 27.25 41.924 7
      vertex 27.4131 41.815 7
    endloop
  endfacet
  facet normal 0 0 1
    outer loop
      vertex 27.648 43.3966 7
      vertex 27.074 42.0108 7
      vertex 27.25 41.924 7
    endloop
  endfacet
  facet normal 0 0 1
    outer loop
      vertex 26.8882 42.0739 7
      vertex 27.2765 43.5228 7
      vertex 26.8916 43.5993 7
    endloop
  endfacet
  facet normal 0 0 1
    outer loop
      vertex 27.2765 43.5228 7
      vertex 26.8882 42.0739 7
      vertex 27.074 42.0108 7
    endloop
  endfacet
  facet normal 0 0 1
    outer loop
      vertex 26.8916 43.5993 7
      vertex 26.6958 42.1122 7
      vertex 26.8882 42.0739 7
    endloop
  endfacet
  facet normal 0 0 1
    outer loop
      vertex 26.5 43.625 7
      vertex 26.6958 42.1122 7
      vertex 26.8916 43.5993 7
    endloop
  endfacet
  facet normal 0 0 1
    outer loop
      vertex 26.5 43.625 7
      vertex 26.5 42.125 7
      vertex 26.6958 42.1122 7
    endloop
  endfacet
  facet normal 0 0 1
    outer loop
      vertex 26.5 43.625 7
      vertex 26.3042 42.1122 7
      vertex 26.5 42.125 7
    endloop
  endfacet
  facet normal -0 0 1
    outer loop
      vertex 26.1084 43.5993 7
      vertex 26.3042 42.1122 7
      vertex 26.5 43.625 7
    endloop
  endfacet
  facet normal 0 0 1
    outer loop
      vertex 26.3042 42.1122 7
      vertex 26.1084 43.5993 7
      vertex 26.1118 42.0739 7
    endloop
  endfacet
  facet normal -0 0 1
    outer loop
      vertex 25.7235 43.5228 7
      vertex 26.1118 42.0739 7
      vertex 26.1084 43.5993 7
    endloop
  endfacet
  facet normal 0 0 1
    outer loop
      vertex 26.1118 42.0739 7
      vertex 25.7235 43.5228 7
      vertex 25.926 42.0108 7
    endloop
  endfacet
  facet normal -0 0 1
    outer loop
      vertex 25.3519 43.3966 7
      vertex 25.926 42.0108 7
      vertex 25.7235 43.5228 7
    endloop
  endfacet
  facet normal 0 0 1
    outer loop
      vertex 25.926 42.0108 7
      vertex 25.3519 43.3966 7
      vertex 25.75 41.924 7
    endloop
  endfacet
  facet normal -0 0 1
    outer loop
      vertex 25 43.2231 7
      vertex 25.75 41.924 7
      vertex 25.3519 43.3966 7
    endloop
  endfacet
  facet normal 0 0 1
    outer loop
      vertex 25.75 41.924 7
      vertex 25 43.2231 7
      vertex 25.5869 41.815 7
    endloop
  endfacet
  facet normal -0 0 1
    outer loop
      vertex 24.6737 43.0051 7
      vertex 25.5869 41.815 7
      vertex 25 43.2231 7
    endloop
  endfacet
  facet normal 0 0 1
    outer loop
      vertex 25.5869 41.815 7
      vertex 24.6737 43.0051 7
      vertex 25.4393 41.6857 7
    endloop
  endfacet
  facet normal -0 0 1
    outer loop
      vertex 24.3787 42.7463 7
      vertex 25.4393 41.6857 7
      vertex 24.6737 43.0051 7
    endloop
  endfacet
  facet normal 0 0 1
    outer loop
      vertex 25.4393 41.6857 7
      vertex 24.3787 42.7463 7
      vertex 25.31 41.5381 7
    endloop
  endfacet
  facet normal -0 0 1
    outer loop
      vertex 24.1199 42.4513 7
      vertex 25.31 41.5381 7
      vertex 24.3787 42.7463 7
    endloop
  endfacet
  facet normal 0 0 1
    outer loop
      vertex 25.31 41.5381 7
      vertex 24.1199 42.4513 7
      vertex 25.201 41.375 7
    endloop
  endfacet
  facet normal -0 0 1
    outer loop
      vertex 23.9019 42.125 7
      vertex 25.201 41.375 7
      vertex 24.1199 42.4513 7
    endloop
  endfacet
  facet normal 0 0 1
    outer loop
      vertex 25.201 41.375 7
      vertex 23.9019 42.125 7
      vertex 25.1142 41.199 7
    endloop
  endfacet
  facet normal -0 0 1
    outer loop
      vertex 23.7284 41.773 7
      vertex 25.1142 41.199 7
      vertex 23.9019 42.125 7
    endloop
  endfacet
  facet normal 0 0 1
    outer loop
      vertex 25 40.625 7
      vertex 24.6737 38.2449 7
      vertex 25 38.0269 7
    endloop
  endfacet
  facet normal 0 0 1
    outer loop
      vertex 25.1142 41.199 7
      vertex 23.7284 41.773 7
      vertex 25.0511 41.0132 7
    endloop
  endfacet
  facet normal 0 0 1
    outer loop
      vertex 25 40.625 7
      vertex 24.3787 38.5037 7
      vertex 24.6737 38.2449 7
    endloop
  endfacet
  facet normal -0 0 1
    outer loop
      vertex 23.6022 41.4015 7
      vertex 25.0511 41.0132 7
      vertex 23.7284 41.773 7
    endloop
  endfacet
  facet normal 0 0 1
    outer loop
      vertex 25 40.625 7
      vertex 24.1199 38.7987 7
      vertex 24.3787 38.5037 7
    endloop
  endfacet
  facet normal 0 0 1
    outer loop
      vertex 25.0511 41.0132 7
      vertex 23.6022 41.4015 7
      vertex 25.0128 40.8208 7
    endloop
  endfacet
  facet normal 0 0 1
    outer loop
      vertex 25 40.625 7
      vertex 23.9019 39.125 7
      vertex 24.1199 38.7987 7
    endloop
  endfacet
  facet normal -0 0 1
    outer loop
      vertex 23.5257 41.0166 7
      vertex 25.0128 40.8208 7
      vertex 23.6022 41.4015 7
    endloop
  endfacet
  facet normal 0 0 1
    outer loop
      vertex 25 40.625 7
      vertex 23.7284 39.477 7
      vertex 23.9019 39.125 7
    endloop
  endfacet
  facet normal 0 0 1
    outer loop
      vertex 25.0128 40.8208 7
      vertex 23.5257 41.0166 7
      vertex 25 40.625 7
    endloop
  endfacet
  facet normal 0 0 1
    outer loop
      vertex 25 40.625 7
      vertex 23.6022 39.8485 7
      vertex 23.7284 39.477 7
    endloop
  endfacet
  facet normal 0 0 1
    outer loop
      vertex 23.5 40.625 7
      vertex 25 40.625 7
      vertex 23.5257 41.0166 7
    endloop
  endfacet
  facet normal 0 0 1
    outer loop
      vertex 25 40.625 7
      vertex 23.5257 40.2334 7
      vertex 23.6022 39.8485 7
    endloop
  endfacet
  facet normal 0 0 1
    outer loop
      vertex 25 40.625 7
      vertex 23.5 40.625 7
      vertex 23.5257 40.2334 7
    endloop
  endfacet
  facet normal 0 0 1
    outer loop
      vertex 28 40.625 7
      vertex 29.5 40.625 7
      vertex 29.4743 41.0166 7
    endloop
  endfacet
  facet normal 0 0 1
    outer loop
      vertex 27.9872 40.8208 7
      vertex 29.4743 41.0166 7
      vertex 29.3978 41.4015 7
    endloop
  endfacet
  facet normal 0 0 1
    outer loop
      vertex 29.5 40.625 7
      vertex 28 40.625 7
      vertex 29.4743 40.2334 7
    endloop
  endfacet
  facet normal 0 0 1
    outer loop
      vertex 27.9872 40.8208 7
      vertex 29.3978 41.4015 7
      vertex 29.2716 41.773 7
    endloop
  endfacet
  facet normal -0 0 1
    outer loop
      vertex 27.9872 40.4292 7
      vertex 29.4743 40.2334 7
      vertex 28 40.625 7
    endloop
  endfacet
  facet normal 0 0 1
    outer loop
      vertex 27.9872 40.8208 7
      vertex 29.2716 41.773 7
      vertex 29.0981 42.125 7
    endloop
  endfacet
  facet normal 0 0 1
    outer loop
      vertex 29.4743 40.2334 7
      vertex 27.9872 40.4292 7
      vertex 29.3978 39.8485 7
    endloop
  endfacet
  facet normal 0 0 1
    outer loop
      vertex 27.9872 40.8208 7
      vertex 29.0981 42.125 7
      vertex 28.8801 42.4513 7
    endloop
  endfacet
  facet normal -0 0 1
    outer loop
      vertex 27.9489 40.2368 7
      vertex 29.3978 39.8485 7
      vertex 27.9872 40.4292 7
    endloop
  endfacet
  facet normal 0 0 1
    outer loop
      vertex 27.9872 40.8208 7
      vertex 28.8801 42.4513 7
      vertex 28.6213 42.7463 7
    endloop
  endfacet
  facet normal 0 0 1
    outer loop
      vertex 29.3978 39.8485 7
      vertex 27.9489 40.2368 7
      vertex 29.2716 39.477 7
    endloop
  endfacet
  facet normal 0 0 1
    outer loop
      vertex 27.9872 40.8208 7
      vertex 28.6213 42.7463 7
      vertex 28.3263 43.0051 7
    endloop
  endfacet
  facet normal -0 0 1
    outer loop
      vertex 27.8858 40.051 7
      vertex 29.2716 39.477 7
      vertex 27.9489 40.2368 7
    endloop
  endfacet
  facet normal 0 0 1
    outer loop
      vertex 27.4131 41.815 7
      vertex 28.3263 43.0051 7
      vertex 28 43.2231 7
    endloop
  endfacet
  facet normal 0 0 1
    outer loop
      vertex 29.2716 39.477 7
      vertex 27.8858 40.051 7
      vertex 29.0981 39.125 7
    endloop
  endfacet
  facet normal -0 0 1
    outer loop
      vertex 27.799 39.875 7
      vertex 29.0981 39.125 7
      vertex 27.8858 40.051 7
    endloop
  endfacet
  facet normal 0 0 1
    outer loop
      vertex 29.0981 39.125 7
      vertex 27.799 39.875 7
      vertex 28.8801 38.7987 7
    endloop
  endfacet
  facet normal -0 0 1
    outer loop
      vertex 27.69 39.7119 7
      vertex 28.8801 38.7987 7
      vertex 27.799 39.875 7
    endloop
  endfacet
  facet normal 0 0 1
    outer loop
      vertex 28.8801 38.7987 7
      vertex 27.69 39.7119 7
      vertex 28.6213 38.5037 7
    endloop
  endfacet
  facet normal -0 0 1
    outer loop
      vertex 27.5607 39.5643 7
      vertex 28.6213 38.5037 7
      vertex 27.69 39.7119 7
    endloop
  endfacet
  facet normal 0 0 1
    outer loop
      vertex 28.6213 38.5037 7
      vertex 27.5607 39.5643 7
      vertex 28.3263 38.2449 7
    endloop
  endfacet
  facet normal -0 0 1
    outer loop
      vertex 27.4131 39.435 7
      vertex 28.3263 38.2449 7
      vertex 27.5607 39.5643 7
    endloop
  endfacet
  facet normal 0 0 1
    outer loop
      vertex 28.3263 38.2449 7
      vertex 27.4131 39.435 7
      vertex 28 38.0269 7
    endloop
  endfacet
  facet normal -0 0 1
    outer loop
      vertex 27.25 39.326 7
      vertex 28 38.0269 7
      vertex 27.4131 39.435 7
    endloop
  endfacet
  facet normal 0 0 1
    outer loop
      vertex 28 38.0269 7
      vertex 27.25 39.326 7
      vertex 27.648 37.8534 7
    endloop
  endfacet
  facet normal -0 0 1
    outer loop
      vertex 27.074 39.2392 7
      vertex 27.648 37.8534 7
      vertex 27.25 39.326 7
    endloop
  endfacet
  facet normal 0 0 1
    outer loop
      vertex 27.648 37.8534 7
      vertex 27.074 39.2392 7
      vertex 27.2765 37.7272 7
    endloop
  endfacet
  facet normal -0 0 1
    outer loop
      vertex 26.8882 39.1761 7
      vertex 27.2765 37.7272 7
      vertex 27.074 39.2392 7
    endloop
  endfacet
  facet normal 0 0 1
    outer loop
      vertex 27.2765 37.7272 7
      vertex 26.8882 39.1761 7
      vertex 26.8916 37.6507 7
    endloop
  endfacet
  facet normal -0 0 1
    outer loop
      vertex 26.6958 39.1378 7
      vertex 26.8916 37.6507 7
      vertex 26.8882 39.1761 7
    endloop
  endfacet
  facet normal -0 0 1
    outer loop
      vertex 26.5 39.125 7
      vertex 26.8916 37.6507 7
      vertex 26.6958 39.1378 7
    endloop
  endfacet
  facet normal 0 0 1
    outer loop
      vertex 26.5 39.125 7
      vertex 26.5 37.625 7
      vertex 26.8916 37.6507 7
    endloop
  endfacet
  facet normal 0 0 1
    outer loop
      vertex 26.3042 39.1378 7
      vertex 26.5 37.625 7
      vertex 26.5 39.125 7
    endloop
  endfacet
  facet normal 0 0 1
    outer loop
      vertex 26.1084 37.6507 7
      vertex 26.3042 39.1378 7
      vertex 26.1118 39.1761 7
    endloop
  endfacet
  facet normal 0 0 1
    outer loop
      vertex 26.3042 39.1378 7
      vertex 26.1084 37.6507 7
      vertex 26.5 37.625 7
    endloop
  endfacet
  facet normal 0 0 1
    outer loop
      vertex 25.7235 37.7272 7
      vertex 26.1118 39.1761 7
      vertex 25.926 39.2392 7
    endloop
  endfacet
  facet normal 0 0 1
    outer loop
      vertex 25.3519 37.8534 7
      vertex 25.926 39.2392 7
      vertex 25.75 39.326 7
    endloop
  endfacet
  facet normal 0 0 1
    outer loop
      vertex 26.1118 39.1761 7
      vertex 25.7235 37.7272 7
      vertex 26.1084 37.6507 7
    endloop
  endfacet
  facet normal 0 0 1
    outer loop
      vertex 25 38.0269 7
      vertex 25.75 39.326 7
      vertex 25.5869 39.435 7
    endloop
  endfacet
  facet normal 0 0 1
    outer loop
      vertex 25 38.0269 7
      vertex 25.5869 39.435 7
      vertex 25.4393 39.5643 7
    endloop
  endfacet
  facet normal 0 0 1
    outer loop
      vertex 25.926 39.2392 7
      vertex 25.3519 37.8534 7
      vertex 25.7235 37.7272 7
    endloop
  endfacet
  facet normal 0 0 1
    outer loop
      vertex 25 38.0269 7
      vertex 25.4393 39.5643 7
      vertex 25.31 39.7119 7
    endloop
  endfacet
  facet normal 0 0 1
    outer loop
      vertex 25 38.0269 7
      vertex 25.31 39.7119 7
      vertex 25.201 39.875 7
    endloop
  endfacet
  facet normal 0 0 1
    outer loop
      vertex 25 38.0269 7
      vertex 25.201 39.875 7
      vertex 25.1142 40.051 7
    endloop
  endfacet
  facet normal 0 0 1
    outer loop
      vertex 25 38.0269 7
      vertex 25.1142 40.051 7
      vertex 25.0511 40.2368 7
    endloop
  endfacet
  facet normal 0 0 1
    outer loop
      vertex 25 38.0269 7
      vertex 25.0511 40.2368 7
      vertex 25.0128 40.4292 7
    endloop
  endfacet
  facet normal 0 0 1
    outer loop
      vertex 25.75 39.326 7
      vertex 25 38.0269 7
      vertex 25.3519 37.8534 7
    endloop
  endfacet
  facet normal 0 0 1
    outer loop
      vertex 25 38.0269 7
      vertex 25.0128 40.4292 7
      vertex 25 40.625 7
    endloop
  endfacet
  facet normal 0.321651 -0.946858 0
    outer loop
      vertex 27.2765 37.7272 5
      vertex 27.648 37.8534 7
      vertex 27.2765 37.7272 7
    endloop
  endfacet
  facet normal 0.321651 -0.946858 0
    outer loop
      vertex 27.648 37.8534 7
      vertex 27.2765 37.7272 5
      vertex 27.648 37.8534 5
    endloop
  endfacet
  facet normal 0.44211 -0.896961 0
    outer loop
      vertex 27.648 37.8534 5
      vertex 28 38.0269 7
      vertex 27.648 37.8534 7
    endloop
  endfacet
  facet normal 0.44211 -0.896961 0
    outer loop
      vertex 28 38.0269 7
      vertex 27.648 37.8534 5
      vertex 28 38.0269 5
    endloop
  endfacet
  facet normal 0.19494 0.980815 -0
    outer loop
      vertex 27.2765 43.5228 5
      vertex 26.8916 43.5993 7
      vertex 27.2765 43.5228 7
    endloop
  endfacet
  facet normal 0.19494 0.980815 0
    outer loop
      vertex 26.8916 43.5993 7
      vertex 27.2765 43.5228 5
      vertex 26.8916 43.5993 5
    endloop
  endfacet
  facet normal -0.442211 -0.896911 0
    outer loop
      vertex 25 38.0269 5
      vertex 25.3519 37.8534 7
      vertex 25 38.0269 7
    endloop
  endfacet
  facet normal -0.442211 -0.896911 -0
    outer loop
      vertex 25.3519 37.8534 7
      vertex 25 38.0269 5
      vertex 25.3519 37.8534 5
    endloop
  endfacet
  facet normal -0.831501 -0.555523 0
    outer loop
      vertex 24.1199 38.7987 5
      vertex 23.9019 39.125 7
      vertex 23.9019 39.125 5
    endloop
  endfacet
  facet normal -0.831501 -0.555523 0
    outer loop
      vertex 23.9019 39.125 7
      vertex 24.1199 38.7987 5
      vertex 24.1199 38.7987 7
    endloop
  endfacet
  facet normal -0.946858 0.321651 0
    outer loop
      vertex 23.6022 41.4015 5
      vertex 23.7284 41.773 7
      vertex 23.7284 41.773 5
    endloop
  endfacet
  facet normal -0.946858 0.321651 0
    outer loop
      vertex 23.7284 41.773 7
      vertex 23.6022 41.4015 5
      vertex 23.6022 41.4015 7
    endloop
  endfacet
  facet normal 0.0654873 -0.997853 0
    outer loop
      vertex 73.5 26.225 5
      vertex 73.8916 26.2507 7
      vertex 73.5 26.225 7
    endloop
  endfacet
  facet normal 0.0654873 -0.997853 0
    outer loop
      vertex 73.8916 26.2507 7
      vertex 73.5 26.225 5
      vertex 73.8916 26.2507 5
    endloop
  endfacet
  facet normal 0.980815 0.19494 0
    outer loop
      vertex 76.4743 29.6166 7
      vertex 76.3978 30.0015 5
      vertex 76.3978 30.0015 7
    endloop
  endfacet
  facet normal 0.980815 0.19494 0
    outer loop
      vertex 76.3978 30.0015 5
      vertex 76.4743 29.6166 7
      vertex 76.4743 29.6166 5
    endloop
  endfacet
  facet normal 0.997853 0.0654873 0
    outer loop
      vertex 76.5 29.225 7
      vertex 76.4743 29.6166 5
      vertex 76.4743 29.6166 7
    endloop
  endfacet
  facet normal 0.997853 0.0654873 0
    outer loop
      vertex 76.4743 29.6166 5
      vertex 76.5 29.225 7
      vertex 76.5 29.225 5
    endloop
  endfacet
  facet normal 0.946885 0.321574 0
    outer loop
      vertex 76.3978 30.0015 7
      vertex 76.2716 30.3731 5
      vertex 76.2716 30.3731 7
    endloop
  endfacet
  facet normal 0.946885 0.321574 0
    outer loop
      vertex 76.2716 30.3731 5
      vertex 76.3978 30.0015 7
      vertex 76.3978 30.0015 5
    endloop
  endfacet
  facet normal 0.321651 0.946858 -0
    outer loop
      vertex 74.648 31.9966 5
      vertex 74.2765 32.1228 7
      vertex 74.648 31.9966 7
    endloop
  endfacet
  facet normal 0.321651 0.946858 0
    outer loop
      vertex 74.2765 32.1228 7
      vertex 74.648 31.9966 5
      vertex 74.2765 32.1228 5
    endloop
  endfacet
  facet normal 0.980815 -0.19494 0
    outer loop
      vertex 76.3978 28.4485 7
      vertex 76.4743 28.8334 5
      vertex 76.4743 28.8334 7
    endloop
  endfacet
  facet normal 0.980815 -0.19494 0
    outer loop
      vertex 76.4743 28.8334 5
      vertex 76.3978 28.4485 7
      vertex 76.3978 28.4485 5
    endloop
  endfacet
  facet normal -0.997853 -0.0654873 0
    outer loop
      vertex 70.5257 28.8334 5
      vertex 70.5 29.225 7
      vertex 70.5 29.225 5
    endloop
  endfacet
  facet normal -0.997853 -0.0654873 0
    outer loop
      vertex 70.5 29.225 7
      vertex 70.5257 28.8334 5
      vertex 70.5257 28.8334 7
    endloop
  endfacet
  facet normal 0.555523 0.831501 -0
    outer loop
      vertex 75.3263 31.6051 5
      vertex 75 31.8231 7
      vertex 75.3263 31.6051 7
    endloop
  endfacet
  facet normal 0.555523 0.831501 0
    outer loop
      vertex 75 31.8231 7
      vertex 75.3263 31.6051 5
      vertex 75 31.8231 5
    endloop
  endfacet
  facet normal 0.896911 0.442211 0
    outer loop
      vertex 76.2716 30.3731 7
      vertex 76.0981 30.725 5
      vertex 76.0981 30.725 7
    endloop
  endfacet
  facet normal 0.896911 0.442211 0
    outer loop
      vertex 76.0981 30.725 5
      vertex 76.2716 30.3731 7
      vertex 76.2716 30.3731 5
    endloop
  endfacet
  facet normal 0.946858 -0.321651 0
    outer loop
      vertex 76.2716 28.077 7
      vertex 76.3978 28.4485 5
      vertex 76.3978 28.4485 7
    endloop
  endfacet
  facet normal 0.946858 -0.321651 0
    outer loop
      vertex 76.3978 28.4485 5
      vertex 76.2716 28.077 7
      vertex 76.2716 28.077 5
    endloop
  endfacet
  facet normal -0.997853 0.0654873 0
    outer loop
      vertex 70.5 29.225 5
      vertex 70.5257 29.6166 7
      vertex 70.5257 29.6166 5
    endloop
  endfacet
  facet normal -0.997853 0.0654873 0
    outer loop
      vertex 70.5257 29.6166 7
      vertex 70.5 29.225 5
      vertex 70.5 29.225 7
    endloop
  endfacet
  facet normal 0.321651 -0.946858 0
    outer loop
      vertex 74.2765 26.3272 5
      vertex 74.648 26.4534 7
      vertex 74.2765 26.3272 7
    endloop
  endfacet
  facet normal 0.321651 -0.946858 0
    outer loop
      vertex 74.648 26.4534 7
      vertex 74.2765 26.3272 5
      vertex 74.648 26.4534 5
    endloop
  endfacet
  facet normal 0.831501 0.555523 0
    outer loop
      vertex 76.0981 30.725 7
      vertex 75.8801 31.0513 5
      vertex 75.8801 31.0513 7
    endloop
  endfacet
  facet normal 0.831501 0.555523 0
    outer loop
      vertex 75.8801 31.0513 5
      vertex 76.0981 30.725 7
      vertex 76.0981 30.725 5
    endloop
  endfacet
  facet normal 0.19494 0.980815 -0
    outer loop
      vertex 74.2765 32.1228 5
      vertex 73.8916 32.1993 7
      vertex 74.2765 32.1228 7
    endloop
  endfacet
  facet normal 0.19494 0.980815 0
    outer loop
      vertex 73.8916 32.1993 7
      vertex 74.2765 32.1228 5
      vertex 73.8916 32.1993 5
    endloop
  endfacet
  facet normal 0.997853 -0.0654873 0
    outer loop
      vertex 76.4743 28.8334 7
      vertex 76.5 29.225 5
      vertex 76.5 29.225 7
    endloop
  endfacet
  facet normal 0.997853 -0.0654873 0
    outer loop
      vertex 76.5 29.225 5
      vertex 76.4743 28.8334 7
      vertex 76.4743 28.8334 5
    endloop
  endfacet
  facet normal -0.659478 -0.751724 0
    outer loop
      vertex 71.3787 27.1037 5
      vertex 71.6737 26.8449 7
      vertex 71.3787 27.1037 7
    endloop
  endfacet
  facet normal -0.659478 -0.751724 -0
    outer loop
      vertex 71.6737 26.8449 7
      vertex 71.3787 27.1037 5
      vertex 71.6737 26.8449 5
    endloop
  endfacet
  facet normal 0.896961 -0.44211 0
    outer loop
      vertex 76.0981 27.725 7
      vertex 76.2716 28.077 5
      vertex 76.2716 28.077 7
    endloop
  endfacet
  facet normal 0.896961 -0.44211 0
    outer loop
      vertex 76.2716 28.077 5
      vertex 76.0981 27.725 7
      vertex 76.0981 27.725 5
    endloop
  endfacet
  facet normal 0.44211 -0.896961 0
    outer loop
      vertex 74.648 26.4534 5
      vertex 75 26.6269 7
      vertex 74.648 26.4534 7
    endloop
  endfacet
  facet normal 0.44211 -0.896961 0
    outer loop
      vertex 75 26.6269 7
      vertex 74.648 26.4534 5
      vertex 75 26.6269 5
    endloop
  endfacet
  facet normal 0.831501 -0.555523 0
    outer loop
      vertex 75.8801 27.3987 7
      vertex 76.0981 27.725 5
      vertex 76.0981 27.725 7
    endloop
  endfacet
  facet normal 0.831501 -0.555523 0
    outer loop
      vertex 76.0981 27.725 5
      vertex 75.8801 27.3987 7
      vertex 75.8801 27.3987 5
    endloop
  endfacet
  facet normal -0.555523 -0.831501 0
    outer loop
      vertex 71.6737 26.8449 5
      vertex 72 26.6269 7
      vertex 71.6737 26.8449 7
    endloop
  endfacet
  facet normal -0.555523 -0.831501 -0
    outer loop
      vertex 72 26.6269 7
      vertex 71.6737 26.8449 5
      vertex 72 26.6269 5
    endloop
  endfacet
  facet normal -0.751724 -0.659478 0
    outer loop
      vertex 71.3787 27.1037 5
      vertex 71.1199 27.3987 7
      vertex 71.1199 27.3987 5
    endloop
  endfacet
  facet normal -0.751724 -0.659478 0
    outer loop
      vertex 71.1199 27.3987 7
      vertex 71.3787 27.1037 5
      vertex 71.3787 27.1037 7
    endloop
  endfacet
  facet normal -0.946858 -0.321651 0
    outer loop
      vertex 70.7284 28.077 5
      vertex 70.6022 28.4485 7
      vertex 70.6022 28.4485 5
    endloop
  endfacet
  facet normal -0.946858 -0.321651 0
    outer loop
      vertex 70.6022 28.4485 7
      vertex 70.7284 28.077 5
      vertex 70.7284 28.077 7
    endloop
  endfacet
  facet normal -0.831501 0.555523 0
    outer loop
      vertex 70.9019 30.725 5
      vertex 71.1199 31.0513 7
      vertex 71.1199 31.0513 5
    endloop
  endfacet
  facet normal -0.831501 0.555523 0
    outer loop
      vertex 71.1199 31.0513 7
      vertex 70.9019 30.725 5
      vertex 70.9019 30.725 7
    endloop
  endfacet
  facet normal -0.751724 0.659478 0
    outer loop
      vertex 71.1199 31.0513 5
      vertex 71.3787 31.3463 7
      vertex 71.3787 31.3463 5
    endloop
  endfacet
  facet normal -0.751724 0.659478 0
    outer loop
      vertex 71.3787 31.3463 7
      vertex 71.1199 31.0513 5
      vertex 71.1199 31.0513 7
    endloop
  endfacet
  facet normal -0.980815 0.19494 0
    outer loop
      vertex 70.5257 29.6166 5
      vertex 70.6022 30.0015 7
      vertex 70.6022 30.0015 5
    endloop
  endfacet
  facet normal -0.980815 0.19494 0
    outer loop
      vertex 70.6022 30.0015 7
      vertex 70.5257 29.6166 5
      vertex 70.5257 29.6166 7
    endloop
  endfacet
  facet normal 0.751724 0.659478 0
    outer loop
      vertex 75.8801 31.0513 7
      vertex 75.6213 31.3463 5
      vertex 75.6213 31.3463 7
    endloop
  endfacet
  facet normal 0.751724 0.659478 0
    outer loop
      vertex 75.6213 31.3463 5
      vertex 75.8801 31.0513 7
      vertex 75.8801 31.0513 5
    endloop
  endfacet
  facet normal 0.659478 0.751724 -0
    outer loop
      vertex 75.6213 31.3463 5
      vertex 75.3263 31.6051 7
      vertex 75.6213 31.3463 7
    endloop
  endfacet
  facet normal 0.659478 0.751724 0
    outer loop
      vertex 75.3263 31.6051 7
      vertex 75.6213 31.3463 5
      vertex 75.3263 31.6051 5
    endloop
  endfacet
  facet normal 0.44211 0.896961 -0
    outer loop
      vertex 75 31.8231 5
      vertex 74.648 31.9966 7
      vertex 75 31.8231 7
    endloop
  endfacet
  facet normal 0.44211 0.896961 0
    outer loop
      vertex 74.648 31.9966 7
      vertex 75 31.8231 5
      vertex 74.648 31.9966 5
    endloop
  endfacet
  facet normal -0.19494 0.980815 0
    outer loop
      vertex 73.1084 32.1993 5
      vertex 72.7235 32.1228 7
      vertex 73.1084 32.1993 7
    endloop
  endfacet
  facet normal -0.19494 0.980815 0
    outer loop
      vertex 72.7235 32.1228 7
      vertex 73.1084 32.1993 5
      vertex 72.7235 32.1228 5
    endloop
  endfacet
  facet normal -0.555523 0.831501 0
    outer loop
      vertex 72 31.8231 5
      vertex 71.6737 31.6051 7
      vertex 72 31.8231 7
    endloop
  endfacet
  facet normal -0.555523 0.831501 0
    outer loop
      vertex 71.6737 31.6051 7
      vertex 72 31.8231 5
      vertex 71.6737 31.6051 5
    endloop
  endfacet
  facet normal -0.44211 -0.896961 0
    outer loop
      vertex 72 26.6269 5
      vertex 72.352 26.4534 7
      vertex 72 26.6269 7
    endloop
  endfacet
  facet normal -0.44211 -0.896961 -0
    outer loop
      vertex 72.352 26.4534 7
      vertex 72 26.6269 5
      vertex 72.352 26.4534 5
    endloop
  endfacet
  facet normal 0.555523 -0.831501 0
    outer loop
      vertex 75 26.6269 5
      vertex 75.3263 26.8449 7
      vertex 75 26.6269 7
    endloop
  endfacet
  facet normal 0.555523 -0.831501 0
    outer loop
      vertex 75.3263 26.8449 7
      vertex 75 26.6269 5
      vertex 75.3263 26.8449 5
    endloop
  endfacet
  facet normal -0.44211 0.896961 0
    outer loop
      vertex 72.352 31.9966 5
      vertex 72 31.8231 7
      vertex 72.352 31.9966 7
    endloop
  endfacet
  facet normal -0.44211 0.896961 0
    outer loop
      vertex 72 31.8231 7
      vertex 72.352 31.9966 5
      vertex 72 31.8231 5
    endloop
  endfacet
  facet normal -0.896961 -0.44211 0
    outer loop
      vertex 70.9019 27.725 5
      vertex 70.7284 28.077 7
      vertex 70.7284 28.077 5
    endloop
  endfacet
  facet normal -0.896961 -0.44211 0
    outer loop
      vertex 70.7284 28.077 7
      vertex 70.9019 27.725 5
      vertex 70.9019 27.725 7
    endloop
  endfacet
  facet normal 0.19494 -0.980815 0
    outer loop
      vertex 73.8916 26.2507 5
      vertex 74.2765 26.3272 7
      vertex 73.8916 26.2507 7
    endloop
  endfacet
  facet normal 0.19494 -0.980815 0
    outer loop
      vertex 74.2765 26.3272 7
      vertex 73.8916 26.2507 5
      vertex 74.2765 26.3272 5
    endloop
  endfacet
  facet normal 0.751724 -0.659478 0
    outer loop
      vertex 75.6213 27.1037 7
      vertex 75.8801 27.3987 5
      vertex 75.8801 27.3987 7
    endloop
  endfacet
  facet normal 0.751724 -0.659478 0
    outer loop
      vertex 75.8801 27.3987 5
      vertex 75.6213 27.1037 7
      vertex 75.6213 27.1037 5
    endloop
  endfacet
  facet normal -0.659478 0.751724 0
    outer loop
      vertex 71.6737 31.6051 5
      vertex 71.3787 31.3463 7
      vertex 71.6737 31.6051 7
    endloop
  endfacet
  facet normal -0.659478 0.751724 0
    outer loop
      vertex 71.3787 31.3463 7
      vertex 71.6737 31.6051 5
      vertex 71.3787 31.3463 5
    endloop
  endfacet
  facet normal -0.946885 0.321574 0
    outer loop
      vertex 70.6022 30.0015 5
      vertex 70.7284 30.3731 7
      vertex 70.7284 30.3731 5
    endloop
  endfacet
  facet normal -0.946885 0.321574 0
    outer loop
      vertex 70.7284 30.3731 7
      vertex 70.6022 30.0015 5
      vertex 70.6022 30.0015 7
    endloop
  endfacet
  facet normal -0.831501 -0.555523 0
    outer loop
      vertex 71.1199 27.3987 5
      vertex 70.9019 27.725 7
      vertex 70.9019 27.725 5
    endloop
  endfacet
  facet normal -0.831501 -0.555523 0
    outer loop
      vertex 70.9019 27.725 7
      vertex 71.1199 27.3987 5
      vertex 71.1199 27.3987 7
    endloop
  endfacet
  facet normal -0.19494 -0.980815 0
    outer loop
      vertex 72.7235 26.3272 5
      vertex 73.1084 26.2507 7
      vertex 72.7235 26.3272 7
    endloop
  endfacet
  facet normal -0.19494 -0.980815 -0
    outer loop
      vertex 73.1084 26.2507 7
      vertex 72.7235 26.3272 5
      vertex 73.1084 26.2507 5
    endloop
  endfacet
  facet normal 0 0 1
    outer loop
      vertex 76.4743 29.6166 7
      vertex 74.9872 29.4208 7
      vertex 75 29.225 7
    endloop
  endfacet
  facet normal 0 0 1
    outer loop
      vertex 75.3263 31.6051 7
      vertex 74.9489 29.6132 7
      vertex 74.9872 29.4208 7
    endloop
  endfacet
  facet normal 0 0 1
    outer loop
      vertex 75.3263 31.6051 7
      vertex 74.8858 29.799 7
      vertex 74.9489 29.6132 7
    endloop
  endfacet
  facet normal 0 0 1
    outer loop
      vertex 75.3263 31.6051 7
      vertex 74.799 29.975 7
      vertex 74.8858 29.799 7
    endloop
  endfacet
  facet normal 0 0 1
    outer loop
      vertex 75.3263 31.6051 7
      vertex 74.69 30.1381 7
      vertex 74.799 29.975 7
    endloop
  endfacet
  facet normal 0 0 1
    outer loop
      vertex 74.25 30.524 7
      vertex 75 31.8231 7
      vertex 74.648 31.9966 7
    endloop
  endfacet
  facet normal 0 0 1
    outer loop
      vertex 75.3263 31.6051 7
      vertex 74.5607 30.2857 7
      vertex 74.69 30.1381 7
    endloop
  endfacet
  facet normal 0 0 1
    outer loop
      vertex 75.3263 31.6051 7
      vertex 74.4131 30.415 7
      vertex 74.5607 30.2857 7
    endloop
  endfacet
  facet normal 0 0 1
    outer loop
      vertex 74.074 30.6108 7
      vertex 74.648 31.9966 7
      vertex 74.2765 32.1228 7
    endloop
  endfacet
  facet normal 0 0 1
    outer loop
      vertex 75 31.8231 7
      vertex 74.25 30.524 7
      vertex 74.4131 30.415 7
    endloop
  endfacet
  facet normal 0 0 1
    outer loop
      vertex 74.648 31.9966 7
      vertex 74.074 30.6108 7
      vertex 74.25 30.524 7
    endloop
  endfacet
  facet normal 0 0 1
    outer loop
      vertex 73.8882 30.6739 7
      vertex 74.2765 32.1228 7
      vertex 73.8916 32.1993 7
    endloop
  endfacet
  facet normal 0 0 1
    outer loop
      vertex 74.2765 32.1228 7
      vertex 73.8882 30.6739 7
      vertex 74.074 30.6108 7
    endloop
  endfacet
  facet normal 0 0 1
    outer loop
      vertex 73.8916 32.1993 7
      vertex 73.6958 30.7122 7
      vertex 73.8882 30.6739 7
    endloop
  endfacet
  facet normal 0 0 1
    outer loop
      vertex 73.5 32.225 7
      vertex 73.6958 30.7122 7
      vertex 73.8916 32.1993 7
    endloop
  endfacet
  facet normal 0 0 1
    outer loop
      vertex 73.5 32.225 7
      vertex 73.5 30.725 7
      vertex 73.6958 30.7122 7
    endloop
  endfacet
  facet normal 0 0 1
    outer loop
      vertex 73.5 32.225 7
      vertex 73.3042 30.7122 7
      vertex 73.5 30.725 7
    endloop
  endfacet
  facet normal -0 0 1
    outer loop
      vertex 73.1084 32.1993 7
      vertex 73.3042 30.7122 7
      vertex 73.5 32.225 7
    endloop
  endfacet
  facet normal 0 0 1
    outer loop
      vertex 73.3042 30.7122 7
      vertex 73.1084 32.1993 7
      vertex 73.1118 30.6739 7
    endloop
  endfacet
  facet normal -0 0 1
    outer loop
      vertex 72.7235 32.1228 7
      vertex 73.1118 30.6739 7
      vertex 73.1084 32.1993 7
    endloop
  endfacet
  facet normal 0 0 1
    outer loop
      vertex 73.1118 30.6739 7
      vertex 72.7235 32.1228 7
      vertex 72.926 30.6108 7
    endloop
  endfacet
  facet normal -0 0 1
    outer loop
      vertex 72.352 31.9966 7
      vertex 72.926 30.6108 7
      vertex 72.7235 32.1228 7
    endloop
  endfacet
  facet normal 0 0 1
    outer loop
      vertex 72.926 30.6108 7
      vertex 72.352 31.9966 7
      vertex 72.75 30.524 7
    endloop
  endfacet
  facet normal -0 0 1
    outer loop
      vertex 72 31.8231 7
      vertex 72.75 30.524 7
      vertex 72.352 31.9966 7
    endloop
  endfacet
  facet normal 0 0 1
    outer loop
      vertex 72.75 30.524 7
      vertex 72 31.8231 7
      vertex 72.5869 30.415 7
    endloop
  endfacet
  facet normal -0 0 1
    outer loop
      vertex 71.6737 31.6051 7
      vertex 72.5869 30.415 7
      vertex 72 31.8231 7
    endloop
  endfacet
  facet normal 0 0 1
    outer loop
      vertex 72.5869 30.415 7
      vertex 71.6737 31.6051 7
      vertex 72.4393 30.2857 7
    endloop
  endfacet
  facet normal -0 0 1
    outer loop
      vertex 71.3787 31.3463 7
      vertex 72.4393 30.2857 7
      vertex 71.6737 31.6051 7
    endloop
  endfacet
  facet normal 0 0 1
    outer loop
      vertex 72.4393 30.2857 7
      vertex 71.3787 31.3463 7
      vertex 72.31 30.1381 7
    endloop
  endfacet
  facet normal -0 0 1
    outer loop
      vertex 71.1199 31.0513 7
      vertex 72.31 30.1381 7
      vertex 71.3787 31.3463 7
    endloop
  endfacet
  facet normal 0 0 1
    outer loop
      vertex 72.31 30.1381 7
      vertex 71.1199 31.0513 7
      vertex 72.201 29.975 7
    endloop
  endfacet
  facet normal -0 0 1
    outer loop
      vertex 70.9019 30.725 7
      vertex 72.201 29.975 7
      vertex 71.1199 31.0513 7
    endloop
  endfacet
  facet normal 0 0 1
    outer loop
      vertex 72.201 29.975 7
      vertex 70.9019 30.725 7
      vertex 72.1142 29.799 7
    endloop
  endfacet
  facet normal -0 0 1
    outer loop
      vertex 70.7284 30.3731 7
      vertex 72.1142 29.799 7
      vertex 70.9019 30.725 7
    endloop
  endfacet
  facet normal 0 0 1
    outer loop
      vertex 72 29.225 7
      vertex 71.6737 26.8449 7
      vertex 72 26.6269 7
    endloop
  endfacet
  facet normal 0 0 1
    outer loop
      vertex 72.1142 29.799 7
      vertex 70.7284 30.3731 7
      vertex 72.0511 29.6132 7
    endloop
  endfacet
  facet normal 0 0 1
    outer loop
      vertex 72 29.225 7
      vertex 71.3787 27.1037 7
      vertex 71.6737 26.8449 7
    endloop
  endfacet
  facet normal -0 0 1
    outer loop
      vertex 70.6022 30.0015 7
      vertex 72.0511 29.6132 7
      vertex 70.7284 30.3731 7
    endloop
  endfacet
  facet normal 0 0 1
    outer loop
      vertex 72 29.225 7
      vertex 71.1199 27.3987 7
      vertex 71.3787 27.1037 7
    endloop
  endfacet
  facet normal 0 0 1
    outer loop
      vertex 72.0511 29.6132 7
      vertex 70.6022 30.0015 7
      vertex 72.0128 29.4208 7
    endloop
  endfacet
  facet normal 0 0 1
    outer loop
      vertex 72 29.225 7
      vertex 70.9019 27.725 7
      vertex 71.1199 27.3987 7
    endloop
  endfacet
  facet normal -0 0 1
    outer loop
      vertex 70.5257 29.6166 7
      vertex 72.0128 29.4208 7
      vertex 70.6022 30.0015 7
    endloop
  endfacet
  facet normal 0 0 1
    outer loop
      vertex 72 29.225 7
      vertex 70.7284 28.077 7
      vertex 70.9019 27.725 7
    endloop
  endfacet
  facet normal 0 0 1
    outer loop
      vertex 72.0128 29.4208 7
      vertex 70.5257 29.6166 7
      vertex 72 29.225 7
    endloop
  endfacet
  facet normal 0 0 1
    outer loop
      vertex 72 29.225 7
      vertex 70.6022 28.4485 7
      vertex 70.7284 28.077 7
    endloop
  endfacet
  facet normal 0 0 1
    outer loop
      vertex 70.5 29.225 7
      vertex 72 29.225 7
      vertex 70.5257 29.6166 7
    endloop
  endfacet
  facet normal 0 0 1
    outer loop
      vertex 72 29.225 7
      vertex 70.5257 28.8334 7
      vertex 70.6022 28.4485 7
    endloop
  endfacet
  facet normal 0 0 1
    outer loop
      vertex 72 29.225 7
      vertex 70.5 29.225 7
      vertex 70.5257 28.8334 7
    endloop
  endfacet
  facet normal 0 0 1
    outer loop
      vertex 75 29.225 7
      vertex 76.5 29.225 7
      vertex 76.4743 29.6166 7
    endloop
  endfacet
  facet normal 0 0 1
    outer loop
      vertex 74.9872 29.4208 7
      vertex 76.4743 29.6166 7
      vertex 76.3978 30.0015 7
    endloop
  endfacet
  facet normal 0 0 1
    outer loop
      vertex 76.5 29.225 7
      vertex 75 29.225 7
      vertex 76.4743 28.8334 7
    endloop
  endfacet
  facet normal 0 0 1
    outer loop
      vertex 74.9872 29.4208 7
      vertex 76.3978 30.0015 7
      vertex 76.2716 30.3731 7
    endloop
  endfacet
  facet normal -0 0 1
    outer loop
      vertex 74.9872 29.0292 7
      vertex 76.4743 28.8334 7
      vertex 75 29.225 7
    endloop
  endfacet
  facet normal 0 0 1
    outer loop
      vertex 74.9872 29.4208 7
      vertex 76.2716 30.3731 7
      vertex 76.0981 30.725 7
    endloop
  endfacet
  facet normal 0 0 1
    outer loop
      vertex 76.4743 28.8334 7
      vertex 74.9872 29.0292 7
      vertex 76.3978 28.4485 7
    endloop
  endfacet
  facet normal 0 0 1
    outer loop
      vertex 74.9872 29.4208 7
      vertex 76.0981 30.725 7
      vertex 75.8801 31.0513 7
    endloop
  endfacet
  facet normal -0 0 1
    outer loop
      vertex 74.9489 28.8368 7
      vertex 76.3978 28.4485 7
      vertex 74.9872 29.0292 7
    endloop
  endfacet
  facet normal 0 0 1
    outer loop
      vertex 74.9872 29.4208 7
      vertex 75.8801 31.0513 7
      vertex 75.6213 31.3463 7
    endloop
  endfacet
  facet normal 0 0 1
    outer loop
      vertex 76.3978 28.4485 7
      vertex 74.9489 28.8368 7
      vertex 76.2716 28.077 7
    endloop
  endfacet
  facet normal 0 0 1
    outer loop
      vertex 74.9872 29.4208 7
      vertex 75.6213 31.3463 7
      vertex 75.3263 31.6051 7
    endloop
  endfacet
  facet normal -0 0 1
    outer loop
      vertex 74.8858 28.651 7
      vertex 76.2716 28.077 7
      vertex 74.9489 28.8368 7
    endloop
  endfacet
  facet normal 0 0 1
    outer loop
      vertex 74.4131 30.415 7
      vertex 75.3263 31.6051 7
      vertex 75 31.8231 7
    endloop
  endfacet
  facet normal 0 0 1
    outer loop
      vertex 76.2716 28.077 7
      vertex 74.8858 28.651 7
      vertex 76.0981 27.725 7
    endloop
  endfacet
  facet normal -0 0 1
    outer loop
      vertex 74.799 28.475 7
      vertex 76.0981 27.725 7
      vertex 74.8858 28.651 7
    endloop
  endfacet
  facet normal 0 0 1
    outer loop
      vertex 76.0981 27.725 7
      vertex 74.799 28.475 7
      vertex 75.8801 27.3987 7
    endloop
  endfacet
  facet normal -0 0 1
    outer loop
      vertex 74.69 28.3119 7
      vertex 75.8801 27.3987 7
      vertex 74.799 28.475 7
    endloop
  endfacet
  facet normal 0 0 1
    outer loop
      vertex 75.8801 27.3987 7
      vertex 74.69 28.3119 7
      vertex 75.6213 27.1037 7
    endloop
  endfacet
  facet normal -0 0 1
    outer loop
      vertex 74.5607 28.1643 7
      vertex 75.6213 27.1037 7
      vertex 74.69 28.3119 7
    endloop
  endfacet
  facet normal 0 0 1
    outer loop
      vertex 75.6213 27.1037 7
      vertex 74.5607 28.1643 7
      vertex 75.3263 26.8449 7
    endloop
  endfacet
  facet normal -0 0 1
    outer loop
      vertex 74.4131 28.035 7
      vertex 75.3263 26.8449 7
      vertex 74.5607 28.1643 7
    endloop
  endfacet
  facet normal 0 0 1
    outer loop
      vertex 75.3263 26.8449 7
      vertex 74.4131 28.035 7
      vertex 75 26.6269 7
    endloop
  endfacet
  facet normal -0 0 1
    outer loop
      vertex 74.25 27.926 7
      vertex 75 26.6269 7
      vertex 74.4131 28.035 7
    endloop
  endfacet
  facet normal 0 0 1
    outer loop
      vertex 75 26.6269 7
      vertex 74.25 27.926 7
      vertex 74.648 26.4534 7
    endloop
  endfacet
  facet normal -0 0 1
    outer loop
      vertex 74.074 27.8392 7
      vertex 74.648 26.4534 7
      vertex 74.25 27.926 7
    endloop
  endfacet
  facet normal 0 0 1
    outer loop
      vertex 74.648 26.4534 7
      vertex 74.074 27.8392 7
      vertex 74.2765 26.3272 7
    endloop
  endfacet
  facet normal -0 0 1
    outer loop
      vertex 73.8882 27.7761 7
      vertex 74.2765 26.3272 7
      vertex 74.074 27.8392 7
    endloop
  endfacet
  facet normal 0 0 1
    outer loop
      vertex 74.2765 26.3272 7
      vertex 73.8882 27.7761 7
      vertex 73.8916 26.2507 7
    endloop
  endfacet
  facet normal -0 0 1
    outer loop
      vertex 73.6958 27.7378 7
      vertex 73.8916 26.2507 7
      vertex 73.8882 27.7761 7
    endloop
  endfacet
  facet normal -0 0 1
    outer loop
      vertex 73.5 27.725 7
      vertex 73.8916 26.2507 7
      vertex 73.6958 27.7378 7
    endloop
  endfacet
  facet normal 0 0 1
    outer loop
      vertex 73.5 27.725 7
      vertex 73.5 26.225 7
      vertex 73.8916 26.2507 7
    endloop
  endfacet
  facet normal 0 0 1
    outer loop
      vertex 73.3042 27.7378 7
      vertex 73.5 26.225 7
      vertex 73.5 27.725 7
    endloop
  endfacet
  facet normal 0 0 1
    outer loop
      vertex 73.1084 26.2507 7
      vertex 73.3042 27.7378 7
      vertex 73.1118 27.7761 7
    endloop
  endfacet
  facet normal 0 0 1
    outer loop
      vertex 73.3042 27.7378 7
      vertex 73.1084 26.2507 7
      vertex 73.5 26.225 7
    endloop
  endfacet
  facet normal 0 0 1
    outer loop
      vertex 72.7235 26.3272 7
      vertex 73.1118 27.7761 7
      vertex 72.926 27.8392 7
    endloop
  endfacet
  facet normal 0 0 1
    outer loop
      vertex 72.352 26.4534 7
      vertex 72.926 27.8392 7
      vertex 72.75 27.926 7
    endloop
  endfacet
  facet normal 0 0 1
    outer loop
      vertex 73.1118 27.7761 7
      vertex 72.7235 26.3272 7
      vertex 73.1084 26.2507 7
    endloop
  endfacet
  facet normal 0 0 1
    outer loop
      vertex 72 26.6269 7
      vertex 72.75 27.926 7
      vertex 72.5869 28.035 7
    endloop
  endfacet
  facet normal 0 0 1
    outer loop
      vertex 72 26.6269 7
      vertex 72.5869 28.035 7
      vertex 72.4393 28.1643 7
    endloop
  endfacet
  facet normal 0 0 1
    outer loop
      vertex 72.926 27.8392 7
      vertex 72.352 26.4534 7
      vertex 72.7235 26.3272 7
    endloop
  endfacet
  facet normal 0 0 1
    outer loop
      vertex 72 26.6269 7
      vertex 72.4393 28.1643 7
      vertex 72.31 28.3119 7
    endloop
  endfacet
  facet normal 0 0 1
    outer loop
      vertex 72 26.6269 7
      vertex 72.31 28.3119 7
      vertex 72.201 28.475 7
    endloop
  endfacet
  facet normal 0 0 1
    outer loop
      vertex 72 26.6269 7
      vertex 72.201 28.475 7
      vertex 72.1142 28.651 7
    endloop
  endfacet
  facet normal 0 0 1
    outer loop
      vertex 72 26.6269 7
      vertex 72.1142 28.651 7
      vertex 72.0511 28.8368 7
    endloop
  endfacet
  facet normal 0 0 1
    outer loop
      vertex 72 26.6269 7
      vertex 72.0511 28.8368 7
      vertex 72.0128 29.0292 7
    endloop
  endfacet
  facet normal 0 0 1
    outer loop
      vertex 72.75 27.926 7
      vertex 72 26.6269 7
      vertex 72.352 26.4534 7
    endloop
  endfacet
  facet normal 0 0 1
    outer loop
      vertex 72 26.6269 7
      vertex 72.0128 29.0292 7
      vertex 72 29.225 7
    endloop
  endfacet
  facet normal -0.321651 0.946858 0
    outer loop
      vertex 72.7235 32.1228 5
      vertex 72.352 31.9966 7
      vertex 72.7235 32.1228 7
    endloop
  endfacet
  facet normal -0.321651 0.946858 0
    outer loop
      vertex 72.352 31.9966 7
      vertex 72.7235 32.1228 5
      vertex 72.352 31.9966 5
    endloop
  endfacet
  facet normal -0.980815 -0.19494 0
    outer loop
      vertex 70.6022 28.4485 5
      vertex 70.5257 28.8334 7
      vertex 70.5257 28.8334 5
    endloop
  endfacet
  facet normal -0.980815 -0.19494 0
    outer loop
      vertex 70.5257 28.8334 7
      vertex 70.6022 28.4485 5
      vertex 70.6022 28.4485 7
    endloop
  endfacet
  facet normal 0.0654873 0.997853 -0
    outer loop
      vertex 73.8916 32.1993 5
      vertex 73.5 32.225 7
      vertex 73.8916 32.1993 7
    endloop
  endfacet
  facet normal 0.0654873 0.997853 0
    outer loop
      vertex 73.5 32.225 7
      vertex 73.8916 32.1993 5
      vertex 73.5 32.225 5
    endloop
  endfacet
  facet normal -0.896911 0.442211 0
    outer loop
      vertex 70.7284 30.3731 5
      vertex 70.9019 30.725 7
      vertex 70.9019 30.725 5
    endloop
  endfacet
  facet normal -0.896911 0.442211 0
    outer loop
      vertex 70.9019 30.725 7
      vertex 70.7284 30.3731 5
      vertex 70.7284 30.3731 7
    endloop
  endfacet
  facet normal 0.659478 -0.751724 0
    outer loop
      vertex 75.3263 26.8449 5
      vertex 75.6213 27.1037 7
      vertex 75.3263 26.8449 7
    endloop
  endfacet
  facet normal 0.659478 -0.751724 0
    outer loop
      vertex 75.6213 27.1037 7
      vertex 75.3263 26.8449 5
      vertex 75.6213 27.1037 5
    endloop
  endfacet
  facet normal -0.321651 -0.946858 0
    outer loop
      vertex 72.352 26.4534 5
      vertex 72.7235 26.3272 7
      vertex 72.352 26.4534 7
    endloop
  endfacet
  facet normal -0.321651 -0.946858 -0
    outer loop
      vertex 72.7235 26.3272 7
      vertex 72.352 26.4534 5
      vertex 72.7235 26.3272 5
    endloop
  endfacet
  facet normal -0.0654873 0.997853 0
    outer loop
      vertex 73.5 32.225 5
      vertex 73.1084 32.1993 7
      vertex 73.5 32.225 7
    endloop
  endfacet
  facet normal -0.0654873 0.997853 0
    outer loop
      vertex 73.1084 32.1993 7
      vertex 73.5 32.225 5
      vertex 73.1084 32.1993 5
    endloop
  endfacet
  facet normal -0.0654873 -0.997853 0
    outer loop
      vertex 73.1084 26.2507 5
      vertex 73.5 26.225 7
      vertex 73.1084 26.2507 7
    endloop
  endfacet
  facet normal -0.0654873 -0.997853 -0
    outer loop
      vertex 73.5 26.225 7
      vertex 73.1084 26.2507 5
      vertex 73.5 26.225 5
    endloop
  endfacet
  facet normal -0.946858 -0.321651 0
    outer loop
      vertex 70.7284 39.477 5
      vertex 70.6022 39.8485 7
      vertex 70.6022 39.8485 5
    endloop
  endfacet
  facet normal -0.946858 -0.321651 0
    outer loop
      vertex 70.6022 39.8485 7
      vertex 70.7284 39.477 5
      vertex 70.7284 39.477 7
    endloop
  endfacet
  facet normal 0.19494 -0.980815 0
    outer loop
      vertex 73.8916 37.6507 5
      vertex 74.2765 37.7272 7
      vertex 73.8916 37.6507 7
    endloop
  endfacet
  facet normal 0.19494 -0.980815 0
    outer loop
      vertex 74.2765 37.7272 7
      vertex 73.8916 37.6507 5
      vertex 74.2765 37.7272 5
    endloop
  endfacet
  facet normal 0.980815 0.19494 0
    outer loop
      vertex 76.4743 41.0166 7
      vertex 76.3978 41.4015 5
      vertex 76.3978 41.4015 7
    endloop
  endfacet
  facet normal 0.980815 0.19494 0
    outer loop
      vertex 76.3978 41.4015 5
      vertex 76.4743 41.0166 7
      vertex 76.4743 41.0166 5
    endloop
  endfacet
  facet normal 0.997853 0.0654873 0
    outer loop
      vertex 76.5 40.625 7
      vertex 76.4743 41.0166 5
      vertex 76.4743 41.0166 7
    endloop
  endfacet
  facet normal 0.997853 0.0654873 0
    outer loop
      vertex 76.4743 41.0166 5
      vertex 76.5 40.625 7
      vertex 76.5 40.625 5
    endloop
  endfacet
  facet normal -0.44211 0.896961 0
    outer loop
      vertex 72.352 43.3966 5
      vertex 72 43.2231 7
      vertex 72.352 43.3966 7
    endloop
  endfacet
  facet normal -0.44211 0.896961 0
    outer loop
      vertex 72 43.2231 7
      vertex 72.352 43.3966 5
      vertex 72 43.2231 5
    endloop
  endfacet
  facet normal 0.946858 0.321651 0
    outer loop
      vertex 76.3978 41.4015 7
      vertex 76.2716 41.773 5
      vertex 76.2716 41.773 7
    endloop
  endfacet
  facet normal 0.946858 0.321651 0
    outer loop
      vertex 76.2716 41.773 5
      vertex 76.3978 41.4015 7
      vertex 76.3978 41.4015 5
    endloop
  endfacet
  facet normal 0.896961 -0.44211 0
    outer loop
      vertex 76.0981 39.125 7
      vertex 76.2716 39.477 5
      vertex 76.2716 39.477 7
    endloop
  endfacet
  facet normal 0.896961 -0.44211 0
    outer loop
      vertex 76.2716 39.477 5
      vertex 76.0981 39.125 7
      vertex 76.0981 39.125 5
    endloop
  endfacet
  facet normal 0.997853 -0.0654873 0
    outer loop
      vertex 76.4743 40.2334 7
      vertex 76.5 40.625 5
      vertex 76.5 40.625 7
    endloop
  endfacet
  facet normal 0.997853 -0.0654873 0
    outer loop
      vertex 76.5 40.625 5
      vertex 76.4743 40.2334 7
      vertex 76.4743 40.2334 5
    endloop
  endfacet
  facet normal 0.659478 0.751724 -0
    outer loop
      vertex 75.6213 42.7463 5
      vertex 75.3263 43.0051 7
      vertex 75.6213 42.7463 7
    endloop
  endfacet
  facet normal 0.659478 0.751724 0
    outer loop
      vertex 75.3263 43.0051 7
      vertex 75.6213 42.7463 5
      vertex 75.3263 43.0051 5
    endloop
  endfacet
  facet normal -0.659478 0.751724 0
    outer loop
      vertex 71.6737 43.0051 5
      vertex 71.3787 42.7463 7
      vertex 71.6737 43.0051 7
    endloop
  endfacet
  facet normal -0.659478 0.751724 0
    outer loop
      vertex 71.3787 42.7463 7
      vertex 71.6737 43.0051 5
      vertex 71.3787 42.7463 5
    endloop
  endfacet
  facet normal 0.0654873 0.997853 -0
    outer loop
      vertex 73.8916 43.5993 5
      vertex 73.5 43.625 7
      vertex 73.8916 43.5993 7
    endloop
  endfacet
  facet normal 0.0654873 0.997853 0
    outer loop
      vertex 73.5 43.625 7
      vertex 73.8916 43.5993 5
      vertex 73.5 43.625 5
    endloop
  endfacet
  facet normal -0.997853 0.0654873 0
    outer loop
      vertex 70.5 40.625 5
      vertex 70.5257 41.0166 7
      vertex 70.5257 41.0166 5
    endloop
  endfacet
  facet normal -0.997853 0.0654873 0
    outer loop
      vertex 70.5257 41.0166 7
      vertex 70.5 40.625 5
      vertex 70.5 40.625 7
    endloop
  endfacet
  facet normal -0.751724 -0.659478 0
    outer loop
      vertex 71.3787 38.5037 5
      vertex 71.1199 38.7987 7
      vertex 71.1199 38.7987 5
    endloop
  endfacet
  facet normal -0.751724 -0.659478 0
    outer loop
      vertex 71.1199 38.7987 7
      vertex 71.3787 38.5037 5
      vertex 71.3787 38.5037 7
    endloop
  endfacet
  facet normal -0.980815 -0.19494 0
    outer loop
      vertex 70.6022 39.8485 5
      vertex 70.5257 40.2334 7
      vertex 70.5257 40.2334 5
    endloop
  endfacet
  facet normal -0.980815 -0.19494 0
    outer loop
      vertex 70.5257 40.2334 7
      vertex 70.6022 39.8485 5
      vertex 70.6022 39.8485 7
    endloop
  endfacet
  facet normal 0.831501 -0.555523 0
    outer loop
      vertex 75.8801 38.7987 7
      vertex 76.0981 39.125 5
      vertex 76.0981 39.125 7
    endloop
  endfacet
  facet normal 0.831501 -0.555523 0
    outer loop
      vertex 76.0981 39.125 5
      vertex 75.8801 38.7987 7
      vertex 75.8801 38.7987 5
    endloop
  endfacet
  facet normal -0.896961 0.44211 0
    outer loop
      vertex 70.7284 41.773 5
      vertex 70.9019 42.125 7
      vertex 70.9019 42.125 5
    endloop
  endfacet
  facet normal -0.896961 0.44211 0
    outer loop
      vertex 70.9019 42.125 7
      vertex 70.7284 41.773 5
      vertex 70.7284 41.773 7
    endloop
  endfacet
  facet normal -0.831501 0.555523 0
    outer loop
      vertex 70.9019 42.125 5
      vertex 71.1199 42.4513 7
      vertex 71.1199 42.4513 5
    endloop
  endfacet
  facet normal -0.831501 0.555523 0
    outer loop
      vertex 71.1199 42.4513 7
      vertex 70.9019 42.125 5
      vertex 70.9019 42.125 7
    endloop
  endfacet
  facet normal -0.0654873 0.997853 0
    outer loop
      vertex 73.5 43.625 5
      vertex 73.1084 43.5993 7
      vertex 73.5 43.625 7
    endloop
  endfacet
  facet normal -0.0654873 0.997853 0
    outer loop
      vertex 73.1084 43.5993 7
      vertex 73.5 43.625 5
      vertex 73.1084 43.5993 5
    endloop
  endfacet
  facet normal -0.321651 -0.946858 0
    outer loop
      vertex 72.352 37.8534 5
      vertex 72.7235 37.7272 7
      vertex 72.352 37.8534 7
    endloop
  endfacet
  facet normal -0.321651 -0.946858 -0
    outer loop
      vertex 72.7235 37.7272 7
      vertex 72.352 37.8534 5
      vertex 72.7235 37.7272 5
    endloop
  endfacet
  facet normal 0.44211 0.896961 -0
    outer loop
      vertex 75 43.2231 5
      vertex 74.648 43.3966 7
      vertex 75 43.2231 7
    endloop
  endfacet
  facet normal 0.44211 0.896961 0
    outer loop
      vertex 74.648 43.3966 7
      vertex 75 43.2231 5
      vertex 74.648 43.3966 5
    endloop
  endfacet
  facet normal 0.0654873 -0.997853 0
    outer loop
      vertex 73.5 37.625 5
      vertex 73.8916 37.6507 7
      vertex 73.5 37.625 7
    endloop
  endfacet
  facet normal 0.0654873 -0.997853 0
    outer loop
      vertex 73.8916 37.6507 7
      vertex 73.5 37.625 5
      vertex 73.8916 37.6507 5
    endloop
  endfacet
  facet normal 0.555523 -0.831501 0
    outer loop
      vertex 75 38.0269 5
      vertex 75.3263 38.2449 7
      vertex 75 38.0269 7
    endloop
  endfacet
  facet normal 0.555523 -0.831501 0
    outer loop
      vertex 75.3263 38.2449 7
      vertex 75 38.0269 5
      vertex 75.3263 38.2449 5
    endloop
  endfacet
  facet normal 0.980815 -0.19494 0
    outer loop
      vertex 76.3978 39.8485 7
      vertex 76.4743 40.2334 5
      vertex 76.4743 40.2334 7
    endloop
  endfacet
  facet normal 0.980815 -0.19494 0
    outer loop
      vertex 76.4743 40.2334 5
      vertex 76.3978 39.8485 7
      vertex 76.3978 39.8485 5
    endloop
  endfacet
  facet normal -0.751724 0.659478 0
    outer loop
      vertex 71.1199 42.4513 5
      vertex 71.3787 42.7463 7
      vertex 71.3787 42.7463 5
    endloop
  endfacet
  facet normal -0.751724 0.659478 0
    outer loop
      vertex 71.3787 42.7463 7
      vertex 71.1199 42.4513 5
      vertex 71.1199 42.4513 7
    endloop
  endfacet
  facet normal -0.980815 0.19494 0
    outer loop
      vertex 70.5257 41.0166 5
      vertex 70.6022 41.4015 7
      vertex 70.6022 41.4015 5
    endloop
  endfacet
  facet normal -0.980815 0.19494 0
    outer loop
      vertex 70.6022 41.4015 7
      vertex 70.5257 41.0166 5
      vertex 70.5257 41.0166 7
    endloop
  endfacet
  facet normal 0.831501 0.555523 0
    outer loop
      vertex 76.0981 42.125 7
      vertex 75.8801 42.4513 5
      vertex 75.8801 42.4513 7
    endloop
  endfacet
  facet normal 0.831501 0.555523 0
    outer loop
      vertex 75.8801 42.4513 5
      vertex 76.0981 42.125 7
      vertex 76.0981 42.125 5
    endloop
  endfacet
  facet normal 0.555523 0.831501 -0
    outer loop
      vertex 75.3263 43.0051 5
      vertex 75 43.2231 7
      vertex 75.3263 43.0051 7
    endloop
  endfacet
  facet normal 0.555523 0.831501 0
    outer loop
      vertex 75 43.2231 7
      vertex 75.3263 43.0051 5
      vertex 75 43.2231 5
    endloop
  endfacet
  facet normal -0.997853 -0.0654873 0
    outer loop
      vertex 70.5257 40.2334 5
      vertex 70.5 40.625 7
      vertex 70.5 40.625 5
    endloop
  endfacet
  facet normal -0.997853 -0.0654873 0
    outer loop
      vertex 70.5 40.625 7
      vertex 70.5257 40.2334 5
      vertex 70.5257 40.2334 7
    endloop
  endfacet
  facet normal 0.321651 0.946858 -0
    outer loop
      vertex 74.648 43.3966 5
      vertex 74.2765 43.5228 7
      vertex 74.648 43.3966 7
    endloop
  endfacet
  facet normal 0.321651 0.946858 0
    outer loop
      vertex 74.2765 43.5228 7
      vertex 74.648 43.3966 5
      vertex 74.2765 43.5228 5
    endloop
  endfacet
  facet normal 0.659478 -0.751724 0
    outer loop
      vertex 75.3263 38.2449 5
      vertex 75.6213 38.5037 7
      vertex 75.3263 38.2449 7
    endloop
  endfacet
  facet normal 0.659478 -0.751724 0
    outer loop
      vertex 75.6213 38.5037 7
      vertex 75.3263 38.2449 5
      vertex 75.6213 38.5037 5
    endloop
  endfacet
  facet normal -0.19494 0.980815 0
    outer loop
      vertex 73.1084 43.5993 5
      vertex 72.7235 43.5228 7
      vertex 73.1084 43.5993 7
    endloop
  endfacet
  facet normal -0.19494 0.980815 0
    outer loop
      vertex 72.7235 43.5228 7
      vertex 73.1084 43.5993 5
      vertex 72.7235 43.5228 5
    endloop
  endfacet
  facet normal 0.896961 0.44211 0
    outer loop
      vertex 76.2716 41.773 7
      vertex 76.0981 42.125 5
      vertex 76.0981 42.125 7
    endloop
  endfacet
  facet normal 0.896961 0.44211 0
    outer loop
      vertex 76.0981 42.125 5
      vertex 76.2716 41.773 7
      vertex 76.2716 41.773 5
    endloop
  endfacet
  facet normal -0.555523 -0.831501 0
    outer loop
      vertex 71.6737 38.2449 5
      vertex 72 38.0269 7
      vertex 71.6737 38.2449 7
    endloop
  endfacet
  facet normal -0.555523 -0.831501 -0
    outer loop
      vertex 72 38.0269 7
      vertex 71.6737 38.2449 5
      vertex 72 38.0269 5
    endloop
  endfacet
  facet normal -0.659478 -0.751724 0
    outer loop
      vertex 71.3787 38.5037 5
      vertex 71.6737 38.2449 7
      vertex 71.3787 38.5037 7
    endloop
  endfacet
  facet normal -0.659478 -0.751724 -0
    outer loop
      vertex 71.6737 38.2449 7
      vertex 71.3787 38.5037 5
      vertex 71.6737 38.2449 5
    endloop
  endfacet
  facet normal 0.751724 -0.659478 0
    outer loop
      vertex 75.6213 38.5037 7
      vertex 75.8801 38.7987 5
      vertex 75.8801 38.7987 7
    endloop
  endfacet
  facet normal 0.751724 -0.659478 0
    outer loop
      vertex 75.8801 38.7987 5
      vertex 75.6213 38.5037 7
      vertex 75.6213 38.5037 5
    endloop
  endfacet
  facet normal -0.896961 -0.44211 0
    outer loop
      vertex 70.9019 39.125 5
      vertex 70.7284 39.477 7
      vertex 70.7284 39.477 5
    endloop
  endfacet
  facet normal -0.896961 -0.44211 0
    outer loop
      vertex 70.7284 39.477 7
      vertex 70.9019 39.125 5
      vertex 70.9019 39.125 7
    endloop
  endfacet
  facet normal -0.0654873 -0.997853 0
    outer loop
      vertex 73.1084 37.6507 5
      vertex 73.5 37.625 7
      vertex 73.1084 37.6507 7
    endloop
  endfacet
  facet normal -0.0654873 -0.997853 -0
    outer loop
      vertex 73.5 37.625 7
      vertex 73.1084 37.6507 5
      vertex 73.5 37.625 5
    endloop
  endfacet
  facet normal 0.751724 0.659478 0
    outer loop
      vertex 75.8801 42.4513 7
      vertex 75.6213 42.7463 5
      vertex 75.6213 42.7463 7
    endloop
  endfacet
  facet normal 0.751724 0.659478 0
    outer loop
      vertex 75.6213 42.7463 5
      vertex 75.8801 42.4513 7
      vertex 75.8801 42.4513 5
    endloop
  endfacet
  facet normal -0.555523 0.831501 0
    outer loop
      vertex 72 43.2231 5
      vertex 71.6737 43.0051 7
      vertex 72 43.2231 7
    endloop
  endfacet
  facet normal -0.555523 0.831501 0
    outer loop
      vertex 71.6737 43.0051 7
      vertex 72 43.2231 5
      vertex 71.6737 43.0051 5
    endloop
  endfacet
  facet normal 0.321651 -0.946858 0
    outer loop
      vertex 74.2765 37.7272 5
      vertex 74.648 37.8534 7
      vertex 74.2765 37.7272 7
    endloop
  endfacet
  facet normal 0.321651 -0.946858 0
    outer loop
      vertex 74.648 37.8534 7
      vertex 74.2765 37.7272 5
      vertex 74.648 37.8534 5
    endloop
  endfacet
  facet normal 0.44211 -0.896961 0
    outer loop
      vertex 74.648 37.8534 5
      vertex 75 38.0269 7
      vertex 74.648 37.8534 7
    endloop
  endfacet
  facet normal 0.44211 -0.896961 0
    outer loop
      vertex 75 38.0269 7
      vertex 74.648 37.8534 5
      vertex 75 38.0269 5
    endloop
  endfacet
  facet normal -0.321651 0.946858 0
    outer loop
      vertex 72.7235 43.5228 5
      vertex 72.352 43.3966 7
      vertex 72.7235 43.5228 7
    endloop
  endfacet
  facet normal -0.321651 0.946858 0
    outer loop
      vertex 72.352 43.3966 7
      vertex 72.7235 43.5228 5
      vertex 72.352 43.3966 5
    endloop
  endfacet
  facet normal 0.946858 -0.321651 0
    outer loop
      vertex 76.2716 39.477 7
      vertex 76.3978 39.8485 5
      vertex 76.3978 39.8485 7
    endloop
  endfacet
  facet normal 0.946858 -0.321651 0
    outer loop
      vertex 76.3978 39.8485 5
      vertex 76.2716 39.477 7
      vertex 76.2716 39.477 5
    endloop
  endfacet
  facet normal 0 0 1
    outer loop
      vertex 76.4743 41.0166 7
      vertex 74.9872 40.8208 7
      vertex 75 40.625 7
    endloop
  endfacet
  facet normal 0 0 1
    outer loop
      vertex 75.3263 43.0051 7
      vertex 74.9489 41.0132 7
      vertex 74.9872 40.8208 7
    endloop
  endfacet
  facet normal 0 0 1
    outer loop
      vertex 75.3263 43.0051 7
      vertex 74.8858 41.199 7
      vertex 74.9489 41.0132 7
    endloop
  endfacet
  facet normal 0 0 1
    outer loop
      vertex 75.3263 43.0051 7
      vertex 74.799 41.375 7
      vertex 74.8858 41.199 7
    endloop
  endfacet
  facet normal 0 0 1
    outer loop
      vertex 75.3263 43.0051 7
      vertex 74.69 41.5381 7
      vertex 74.799 41.375 7
    endloop
  endfacet
  facet normal 0 0 1
    outer loop
      vertex 74.25 41.924 7
      vertex 75 43.2231 7
      vertex 74.648 43.3966 7
    endloop
  endfacet
  facet normal 0 0 1
    outer loop
      vertex 75.3263 43.0051 7
      vertex 74.5607 41.6857 7
      vertex 74.69 41.5381 7
    endloop
  endfacet
  facet normal 0 0 1
    outer loop
      vertex 75.3263 43.0051 7
      vertex 74.4131 41.815 7
      vertex 74.5607 41.6857 7
    endloop
  endfacet
  facet normal 0 0 1
    outer loop
      vertex 74.074 42.0108 7
      vertex 74.648 43.3966 7
      vertex 74.2765 43.5228 7
    endloop
  endfacet
  facet normal 0 0 1
    outer loop
      vertex 75 43.2231 7
      vertex 74.25 41.924 7
      vertex 74.4131 41.815 7
    endloop
  endfacet
  facet normal 0 0 1
    outer loop
      vertex 74.648 43.3966 7
      vertex 74.074 42.0108 7
      vertex 74.25 41.924 7
    endloop
  endfacet
  facet normal 0 0 1
    outer loop
      vertex 73.8882 42.0739 7
      vertex 74.2765 43.5228 7
      vertex 73.8916 43.5993 7
    endloop
  endfacet
  facet normal 0 0 1
    outer loop
      vertex 74.2765 43.5228 7
      vertex 73.8882 42.0739 7
      vertex 74.074 42.0108 7
    endloop
  endfacet
  facet normal 0 0 1
    outer loop
      vertex 73.8916 43.5993 7
      vertex 73.6958 42.1122 7
      vertex 73.8882 42.0739 7
    endloop
  endfacet
  facet normal 0 0 1
    outer loop
      vertex 73.5 43.625 7
      vertex 73.6958 42.1122 7
      vertex 73.8916 43.5993 7
    endloop
  endfacet
  facet normal 0 0 1
    outer loop
      vertex 73.5 43.625 7
      vertex 73.5 42.125 7
      vertex 73.6958 42.1122 7
    endloop
  endfacet
  facet normal 0 0 1
    outer loop
      vertex 73.5 43.625 7
      vertex 73.3042 42.1122 7
      vertex 73.5 42.125 7
    endloop
  endfacet
  facet normal -0 0 1
    outer loop
      vertex 73.1084 43.5993 7
      vertex 73.3042 42.1122 7
      vertex 73.5 43.625 7
    endloop
  endfacet
  facet normal 0 0 1
    outer loop
      vertex 73.3042 42.1122 7
      vertex 73.1084 43.5993 7
      vertex 73.1118 42.0739 7
    endloop
  endfacet
  facet normal -0 0 1
    outer loop
      vertex 72.7235 43.5228 7
      vertex 73.1118 42.0739 7
      vertex 73.1084 43.5993 7
    endloop
  endfacet
  facet normal 0 0 1
    outer loop
      vertex 73.1118 42.0739 7
      vertex 72.7235 43.5228 7
      vertex 72.926 42.0108 7
    endloop
  endfacet
  facet normal -0 0 1
    outer loop
      vertex 72.352 43.3966 7
      vertex 72.926 42.0108 7
      vertex 72.7235 43.5228 7
    endloop
  endfacet
  facet normal 0 0 1
    outer loop
      vertex 72.926 42.0108 7
      vertex 72.352 43.3966 7
      vertex 72.75 41.924 7
    endloop
  endfacet
  facet normal -0 0 1
    outer loop
      vertex 72 43.2231 7
      vertex 72.75 41.924 7
      vertex 72.352 43.3966 7
    endloop
  endfacet
  facet normal 0 0 1
    outer loop
      vertex 72.75 41.924 7
      vertex 72 43.2231 7
      vertex 72.5869 41.815 7
    endloop
  endfacet
  facet normal -0 0 1
    outer loop
      vertex 71.6737 43.0051 7
      vertex 72.5869 41.815 7
      vertex 72 43.2231 7
    endloop
  endfacet
  facet normal 0 0 1
    outer loop
      vertex 72.5869 41.815 7
      vertex 71.6737 43.0051 7
      vertex 72.4393 41.6857 7
    endloop
  endfacet
  facet normal -0 0 1
    outer loop
      vertex 71.3787 42.7463 7
      vertex 72.4393 41.6857 7
      vertex 71.6737 43.0051 7
    endloop
  endfacet
  facet normal 0 0 1
    outer loop
      vertex 72.4393 41.6857 7
      vertex 71.3787 42.7463 7
      vertex 72.31 41.5381 7
    endloop
  endfacet
  facet normal -0 0 1
    outer loop
      vertex 71.1199 42.4513 7
      vertex 72.31 41.5381 7
      vertex 71.3787 42.7463 7
    endloop
  endfacet
  facet normal 0 0 1
    outer loop
      vertex 72.31 41.5381 7
      vertex 71.1199 42.4513 7
      vertex 72.201 41.375 7
    endloop
  endfacet
  facet normal -0 0 1
    outer loop
      vertex 70.9019 42.125 7
      vertex 72.201 41.375 7
      vertex 71.1199 42.4513 7
    endloop
  endfacet
  facet normal 0 0 1
    outer loop
      vertex 72.201 41.375 7
      vertex 70.9019 42.125 7
      vertex 72.1142 41.199 7
    endloop
  endfacet
  facet normal -0 0 1
    outer loop
      vertex 70.7284 41.773 7
      vertex 72.1142 41.199 7
      vertex 70.9019 42.125 7
    endloop
  endfacet
  facet normal 0 0 1
    outer loop
      vertex 72 40.625 7
      vertex 71.6737 38.2449 7
      vertex 72 38.0269 7
    endloop
  endfacet
  facet normal 0 0 1
    outer loop
      vertex 72.1142 41.199 7
      vertex 70.7284 41.773 7
      vertex 72.0511 41.0132 7
    endloop
  endfacet
  facet normal 0 0 1
    outer loop
      vertex 72 40.625 7
      vertex 71.3787 38.5037 7
      vertex 71.6737 38.2449 7
    endloop
  endfacet
  facet normal -0 0 1
    outer loop
      vertex 70.6022 41.4015 7
      vertex 72.0511 41.0132 7
      vertex 70.7284 41.773 7
    endloop
  endfacet
  facet normal 0 0 1
    outer loop
      vertex 72 40.625 7
      vertex 71.1199 38.7987 7
      vertex 71.3787 38.5037 7
    endloop
  endfacet
  facet normal 0 0 1
    outer loop
      vertex 72.0511 41.0132 7
      vertex 70.6022 41.4015 7
      vertex 72.0128 40.8208 7
    endloop
  endfacet
  facet normal 0 0 1
    outer loop
      vertex 72 40.625 7
      vertex 70.9019 39.125 7
      vertex 71.1199 38.7987 7
    endloop
  endfacet
  facet normal -0 0 1
    outer loop
      vertex 70.5257 41.0166 7
      vertex 72.0128 40.8208 7
      vertex 70.6022 41.4015 7
    endloop
  endfacet
  facet normal 0 0 1
    outer loop
      vertex 72 40.625 7
      vertex 70.7284 39.477 7
      vertex 70.9019 39.125 7
    endloop
  endfacet
  facet normal 0 0 1
    outer loop
      vertex 72.0128 40.8208 7
      vertex 70.5257 41.0166 7
      vertex 72 40.625 7
    endloop
  endfacet
  facet normal 0 0 1
    outer loop
      vertex 72 40.625 7
      vertex 70.6022 39.8485 7
      vertex 70.7284 39.477 7
    endloop
  endfacet
  facet normal 0 0 1
    outer loop
      vertex 70.5 40.625 7
      vertex 72 40.625 7
      vertex 70.5257 41.0166 7
    endloop
  endfacet
  facet normal 0 0 1
    outer loop
      vertex 72 40.625 7
      vertex 70.5257 40.2334 7
      vertex 70.6022 39.8485 7
    endloop
  endfacet
  facet normal 0 0 1
    outer loop
      vertex 72 40.625 7
      vertex 70.5 40.625 7
      vertex 70.5257 40.2334 7
    endloop
  endfacet
  facet normal 0 0 1
    outer loop
      vertex 75 40.625 7
      vertex 76.5 40.625 7
      vertex 76.4743 41.0166 7
    endloop
  endfacet
  facet normal 0 0 1
    outer loop
      vertex 74.9872 40.8208 7
      vertex 76.4743 41.0166 7
      vertex 76.3978 41.4015 7
    endloop
  endfacet
  facet normal 0 0 1
    outer loop
      vertex 76.5 40.625 7
      vertex 75 40.625 7
      vertex 76.4743 40.2334 7
    endloop
  endfacet
  facet normal 0 0 1
    outer loop
      vertex 74.9872 40.8208 7
      vertex 76.3978 41.4015 7
      vertex 76.2716 41.773 7
    endloop
  endfacet
  facet normal -0 0 1
    outer loop
      vertex 74.9872 40.4292 7
      vertex 76.4743 40.2334 7
      vertex 75 40.625 7
    endloop
  endfacet
  facet normal 0 0 1
    outer loop
      vertex 74.9872 40.8208 7
      vertex 76.2716 41.773 7
      vertex 76.0981 42.125 7
    endloop
  endfacet
  facet normal 0 0 1
    outer loop
      vertex 76.4743 40.2334 7
      vertex 74.9872 40.4292 7
      vertex 76.3978 39.8485 7
    endloop
  endfacet
  facet normal 0 0 1
    outer loop
      vertex 74.9872 40.8208 7
      vertex 76.0981 42.125 7
      vertex 75.8801 42.4513 7
    endloop
  endfacet
  facet normal -0 0 1
    outer loop
      vertex 74.9489 40.2368 7
      vertex 76.3978 39.8485 7
      vertex 74.9872 40.4292 7
    endloop
  endfacet
  facet normal 0 0 1
    outer loop
      vertex 74.9872 40.8208 7
      vertex 75.8801 42.4513 7
      vertex 75.6213 42.7463 7
    endloop
  endfacet
  facet normal 0 0 1
    outer loop
      vertex 76.3978 39.8485 7
      vertex 74.9489 40.2368 7
      vertex 76.2716 39.477 7
    endloop
  endfacet
  facet normal 0 0 1
    outer loop
      vertex 74.9872 40.8208 7
      vertex 75.6213 42.7463 7
      vertex 75.3263 43.0051 7
    endloop
  endfacet
  facet normal -0 0 1
    outer loop
      vertex 74.8858 40.051 7
      vertex 76.2716 39.477 7
      vertex 74.9489 40.2368 7
    endloop
  endfacet
  facet normal 0 0 1
    outer loop
      vertex 74.4131 41.815 7
      vertex 75.3263 43.0051 7
      vertex 75 43.2231 7
    endloop
  endfacet
  facet normal 0 0 1
    outer loop
      vertex 76.2716 39.477 7
      vertex 74.8858 40.051 7
      vertex 76.0981 39.125 7
    endloop
  endfacet
  facet normal -0 0 1
    outer loop
      vertex 74.799 39.875 7
      vertex 76.0981 39.125 7
      vertex 74.8858 40.051 7
    endloop
  endfacet
  facet normal 0 0 1
    outer loop
      vertex 76.0981 39.125 7
      vertex 74.799 39.875 7
      vertex 75.8801 38.7987 7
    endloop
  endfacet
  facet normal -0 0 1
    outer loop
      vertex 74.69 39.7119 7
      vertex 75.8801 38.7987 7
      vertex 74.799 39.875 7
    endloop
  endfacet
  facet normal 0 0 1
    outer loop
      vertex 75.8801 38.7987 7
      vertex 74.69 39.7119 7
      vertex 75.6213 38.5037 7
    endloop
  endfacet
  facet normal -0 0 1
    outer loop
      vertex 74.5607 39.5643 7
      vertex 75.6213 38.5037 7
      vertex 74.69 39.7119 7
    endloop
  endfacet
  facet normal 0 0 1
    outer loop
      vertex 75.6213 38.5037 7
      vertex 74.5607 39.5643 7
      vertex 75.3263 38.2449 7
    endloop
  endfacet
  facet normal -0 0 1
    outer loop
      vertex 74.4131 39.435 7
      vertex 75.3263 38.2449 7
      vertex 74.5607 39.5643 7
    endloop
  endfacet
  facet normal 0 0 1
    outer loop
      vertex 75.3263 38.2449 7
      vertex 74.4131 39.435 7
      vertex 75 38.0269 7
    endloop
  endfacet
  facet normal -0 0 1
    outer loop
      vertex 74.25 39.326 7
      vertex 75 38.0269 7
      vertex 74.4131 39.435 7
    endloop
  endfacet
  facet normal 0 0 1
    outer loop
      vertex 75 38.0269 7
      vertex 74.25 39.326 7
      vertex 74.648 37.8534 7
    endloop
  endfacet
  facet normal -0 0 1
    outer loop
      vertex 74.074 39.2392 7
      vertex 74.648 37.8534 7
      vertex 74.25 39.326 7
    endloop
  endfacet
  facet normal 0 0 1
    outer loop
      vertex 74.648 37.8534 7
      vertex 74.074 39.2392 7
      vertex 74.2765 37.7272 7
    endloop
  endfacet
  facet normal -0 0 1
    outer loop
      vertex 73.8882 39.1761 7
      vertex 74.2765 37.7272 7
      vertex 74.074 39.2392 7
    endloop
  endfacet
  facet normal 0 0 1
    outer loop
      vertex 74.2765 37.7272 7
      vertex 73.8882 39.1761 7
      vertex 73.8916 37.6507 7
    endloop
  endfacet
  facet normal -0 0 1
    outer loop
      vertex 73.6958 39.1378 7
      vertex 73.8916 37.6507 7
      vertex 73.8882 39.1761 7
    endloop
  endfacet
  facet normal -0 0 1
    outer loop
      vertex 73.5 39.125 7
      vertex 73.8916 37.6507 7
      vertex 73.6958 39.1378 7
    endloop
  endfacet
  facet normal 0 0 1
    outer loop
      vertex 73.5 39.125 7
      vertex 73.5 37.625 7
      vertex 73.8916 37.6507 7
    endloop
  endfacet
  facet normal 0 0 1
    outer loop
      vertex 73.3042 39.1378 7
      vertex 73.5 37.625 7
      vertex 73.5 39.125 7
    endloop
  endfacet
  facet normal 0 0 1
    outer loop
      vertex 73.1084 37.6507 7
      vertex 73.3042 39.1378 7
      vertex 73.1118 39.1761 7
    endloop
  endfacet
  facet normal 0 0 1
    outer loop
      vertex 73.3042 39.1378 7
      vertex 73.1084 37.6507 7
      vertex 73.5 37.625 7
    endloop
  endfacet
  facet normal 0 0 1
    outer loop
      vertex 72.7235 37.7272 7
      vertex 73.1118 39.1761 7
      vertex 72.926 39.2392 7
    endloop
  endfacet
  facet normal 0 0 1
    outer loop
      vertex 72.352 37.8534 7
      vertex 72.926 39.2392 7
      vertex 72.75 39.326 7
    endloop
  endfacet
  facet normal 0 0 1
    outer loop
      vertex 73.1118 39.1761 7
      vertex 72.7235 37.7272 7
      vertex 73.1084 37.6507 7
    endloop
  endfacet
  facet normal 0 0 1
    outer loop
      vertex 72 38.0269 7
      vertex 72.75 39.326 7
      vertex 72.5869 39.435 7
    endloop
  endfacet
  facet normal 0 0 1
    outer loop
      vertex 72 38.0269 7
      vertex 72.5869 39.435 7
      vertex 72.4393 39.5643 7
    endloop
  endfacet
  facet normal 0 0 1
    outer loop
      vertex 72.926 39.2392 7
      vertex 72.352 37.8534 7
      vertex 72.7235 37.7272 7
    endloop
  endfacet
  facet normal 0 0 1
    outer loop
      vertex 72 38.0269 7
      vertex 72.4393 39.5643 7
      vertex 72.31 39.7119 7
    endloop
  endfacet
  facet normal 0 0 1
    outer loop
      vertex 72 38.0269 7
      vertex 72.31 39.7119 7
      vertex 72.201 39.875 7
    endloop
  endfacet
  facet normal 0 0 1
    outer loop
      vertex 72 38.0269 7
      vertex 72.201 39.875 7
      vertex 72.1142 40.051 7
    endloop
  endfacet
  facet normal 0 0 1
    outer loop
      vertex 72 38.0269 7
      vertex 72.1142 40.051 7
      vertex 72.0511 40.2368 7
    endloop
  endfacet
  facet normal 0 0 1
    outer loop
      vertex 72 38.0269 7
      vertex 72.0511 40.2368 7
      vertex 72.0128 40.4292 7
    endloop
  endfacet
  facet normal 0 0 1
    outer loop
      vertex 72.75 39.326 7
      vertex 72 38.0269 7
      vertex 72.352 37.8534 7
    endloop
  endfacet
  facet normal 0 0 1
    outer loop
      vertex 72 38.0269 7
      vertex 72.0128 40.4292 7
      vertex 72 40.625 7
    endloop
  endfacet
  facet normal -0.19494 -0.980815 0
    outer loop
      vertex 72.7235 37.7272 5
      vertex 73.1084 37.6507 7
      vertex 72.7235 37.7272 7
    endloop
  endfacet
  facet normal -0.19494 -0.980815 -0
    outer loop
      vertex 73.1084 37.6507 7
      vertex 72.7235 37.7272 5
      vertex 73.1084 37.6507 5
    endloop
  endfacet
  facet normal 0.19494 0.980815 -0
    outer loop
      vertex 74.2765 43.5228 5
      vertex 73.8916 43.5993 7
      vertex 74.2765 43.5228 7
    endloop
  endfacet
  facet normal 0.19494 0.980815 0
    outer loop
      vertex 73.8916 43.5993 7
      vertex 74.2765 43.5228 5
      vertex 73.8916 43.5993 5
    endloop
  endfacet
  facet normal -0.44211 -0.896961 0
    outer loop
      vertex 72 38.0269 5
      vertex 72.352 37.8534 7
      vertex 72 38.0269 7
    endloop
  endfacet
  facet normal -0.44211 -0.896961 -0
    outer loop
      vertex 72.352 37.8534 7
      vertex 72 38.0269 5
      vertex 72.352 37.8534 5
    endloop
  endfacet
  facet normal -0.831501 -0.555523 0
    outer loop
      vertex 71.1199 38.7987 5
      vertex 70.9019 39.125 7
      vertex 70.9019 39.125 5
    endloop
  endfacet
  facet normal -0.831501 -0.555523 0
    outer loop
      vertex 70.9019 39.125 7
      vertex 71.1199 38.7987 5
      vertex 71.1199 38.7987 7
    endloop
  endfacet
  facet normal -0.946858 0.321651 0
    outer loop
      vertex 70.6022 41.4015 5
      vertex 70.7284 41.773 7
      vertex 70.7284 41.773 5
    endloop
  endfacet
  facet normal -0.946858 0.321651 0
    outer loop
      vertex 70.7284 41.773 7
      vertex 70.6022 41.4015 5
      vertex 70.6022 41.4015 7
    endloop
  endfacet
  facet normal 1 -0 0
    outer loop
      vertex 100 0 5
      vertex 100 69.85 0
      vertex 100 69.85 5
    endloop
  endfacet
  facet normal 1 0 0
    outer loop
      vertex 100 69.85 0
      vertex 100 0 5
      vertex 100 0 0
    endloop
  endfacet
  facet normal 0 0 -1
    outer loop
      vertex 0 0 0
      vertex 22 19.425 0
      vertex 22 0 0
    endloop
  endfacet
  facet normal -0 0 -1
    outer loop
      vertex 22 19.425 0
      vertex 0 0 0
      vertex 22 50.425 0
    endloop
  endfacet
  facet normal 0 0 -1
    outer loop
      vertex 0 69.85 0
      vertex 22 50.425 0
      vertex 0 0 0
    endloop
  endfacet
  facet normal 0 0 -1
    outer loop
      vertex 22 50.425 0
      vertex 0 69.85 0
      vertex 22 69.85 0
    endloop
  endfacet
  facet normal 0 0 -1
    outer loop
      vertex 77.7716 20.573 0
      vertex 100 0 0
      vertex 77.8978 20.2015 0
    endloop
  endfacet
  facet normal 0 0 -1
    outer loop
      vertex 100 69.85 0
      vertex 77.9743 50.0334 0
      vertex 78 50.425 0
    endloop
  endfacet
  facet normal 0 0 -1
    outer loop
      vertex 100 0 0
      vertex 77.7716 20.573 0
      vertex 100 69.85 0
    endloop
  endfacet
  facet normal 0 0 -1
    outer loop
      vertex 100 69.85 0
      vertex 77.8978 49.6485 0
      vertex 77.9743 50.0334 0
    endloop
  endfacet
  facet normal 0 0 -1
    outer loop
      vertex 77.7716 49.2769 0
      vertex 100 69.85 0
      vertex 77.7716 20.573 0
    endloop
  endfacet
  facet normal 0 0 -1
    outer loop
      vertex 100 69.85 0
      vertex 77.7716 49.2769 0
      vertex 77.8978 49.6485 0
    endloop
  endfacet
  facet normal 0 0 -1
    outer loop
      vertex 77.5981 20.925 0
      vertex 77.7716 49.2769 0
      vertex 77.7716 20.573 0
    endloop
  endfacet
  facet normal 0 0 -1
    outer loop
      vertex 77.5981 20.925 0
      vertex 77.5981 48.925 0
      vertex 77.7716 49.2769 0
    endloop
  endfacet
  facet normal 0 0 -1
    outer loop
      vertex 77.3801 21.2513 0
      vertex 77.5981 48.925 0
      vertex 77.5981 20.925 0
    endloop
  endfacet
  facet normal 0 0 -1
    outer loop
      vertex 77.3801 21.2513 0
      vertex 77.3801 48.5987 0
      vertex 77.5981 48.925 0
    endloop
  endfacet
  facet normal 0 0 -1
    outer loop
      vertex 77.1213 21.5463 0
      vertex 77.3801 48.5987 0
      vertex 77.3801 21.2513 0
    endloop
  endfacet
  facet normal 0 0 -1
    outer loop
      vertex 77.1213 21.5463 0
      vertex 77.1213 48.3037 0
      vertex 77.3801 48.5987 0
    endloop
  endfacet
  facet normal 0 0 -1
    outer loop
      vertex 76.8263 21.8051 0
      vertex 77.1213 48.3037 0
      vertex 77.1213 21.5463 0
    endloop
  endfacet
  facet normal 0 0 -1
    outer loop
      vertex 76.8263 21.8051 0
      vertex 76.8263 48.0449 0
      vertex 77.1213 48.3037 0
    endloop
  endfacet
  facet normal 0 0 -1
    outer loop
      vertex 76.5 22.0231 0
      vertex 76.8263 48.0449 0
      vertex 76.8263 21.8051 0
    endloop
  endfacet
  facet normal 0 0 -1
    outer loop
      vertex 76.5 22.0231 0
      vertex 76.5 47.8269 0
      vertex 76.8263 48.0449 0
    endloop
  endfacet
  facet normal 0 0 -1
    outer loop
      vertex 76.148 22.1966 0
      vertex 76.5 47.8269 0
      vertex 76.5 22.0231 0
    endloop
  endfacet
  facet normal 0 0 -1
    outer loop
      vertex 76.148 22.1966 0
      vertex 76.148 47.6534 0
      vertex 76.5 47.8269 0
    endloop
  endfacet
  facet normal 0 0 -1
    outer loop
      vertex 75.7765 22.3228 0
      vertex 76.148 47.6534 0
      vertex 76.148 22.1966 0
    endloop
  endfacet
  facet normal 0 0 -1
    outer loop
      vertex 75.7765 22.3228 0
      vertex 75.7765 47.5272 0
      vertex 76.148 47.6534 0
    endloop
  endfacet
  facet normal 0 0 -1
    outer loop
      vertex 75.3916 22.3993 0
      vertex 75.7765 47.5272 0
      vertex 75.7765 22.3228 0
    endloop
  endfacet
  facet normal 0 0 -1
    outer loop
      vertex 75.3916 22.3993 0
      vertex 75.3916 47.4507 0
      vertex 75.7765 47.5272 0
    endloop
  endfacet
  facet normal 0 0 -1
    outer loop
      vertex 75 22.425 0
      vertex 75.3916 47.4507 0
      vertex 75.3916 22.3993 0
    endloop
  endfacet
  facet normal 0 0 -1
    outer loop
      vertex 75 22.425 0
      vertex 75 47.425 0
      vertex 75.3916 47.4507 0
    endloop
  endfacet
  facet normal 0 0 -1
    outer loop
      vertex 25 22.425 0
      vertex 75 47.425 0
      vertex 75 22.425 0
    endloop
  endfacet
  facet normal 0 0 -1
    outer loop
      vertex 25 22.425 0
      vertex 25 47.425 0
      vertex 75 47.425 0
    endloop
  endfacet
  facet normal 0 0 -1
    outer loop
      vertex 24.6084 22.3993 0
      vertex 25 47.425 0
      vertex 25 22.425 0
    endloop
  endfacet
  facet normal 0 0 -1
    outer loop
      vertex 24.6084 22.3993 0
      vertex 24.6084 47.4507 0
      vertex 25 47.425 0
    endloop
  endfacet
  facet normal 0 0 -1
    outer loop
      vertex 24.2235 22.3228 0
      vertex 24.6084 47.4507 0
      vertex 24.6084 22.3993 0
    endloop
  endfacet
  facet normal 0 0 -1
    outer loop
      vertex 24.2235 22.3228 0
      vertex 24.2235 47.5272 0
      vertex 24.6084 47.4507 0
    endloop
  endfacet
  facet normal 0 0 -1
    outer loop
      vertex 23.8519 22.1966 0
      vertex 24.2235 47.5272 0
      vertex 24.2235 22.3228 0
    endloop
  endfacet
  facet normal 0 0 -1
    outer loop
      vertex 23.8519 22.1966 0
      vertex 23.8519 47.6534 0
      vertex 24.2235 47.5272 0
    endloop
  endfacet
  facet normal 0 0 -1
    outer loop
      vertex 23.5 22.0231 0
      vertex 23.8519 47.6534 0
      vertex 23.8519 22.1966 0
    endloop
  endfacet
  facet normal 0 0 -1
    outer loop
      vertex 23.5 22.0231 0
      vertex 23.5 47.8269 0
      vertex 23.8519 47.6534 0
    endloop
  endfacet
  facet normal 0 0 -1
    outer loop
      vertex 23.1737 21.8051 0
      vertex 23.5 47.8269 0
      vertex 23.5 22.0231 0
    endloop
  endfacet
  facet normal 0 0 -1
    outer loop
      vertex 23.1737 21.8051 0
      vertex 23.1737 48.0449 0
      vertex 23.5 47.8269 0
    endloop
  endfacet
  facet normal 0 0 -1
    outer loop
      vertex 22.8787 21.5463 0
      vertex 23.1737 48.0449 0
      vertex 23.1737 21.8051 0
    endloop
  endfacet
  facet normal 0 0 -1
    outer loop
      vertex 22.8787 21.5463 0
      vertex 22.8787 48.3037 0
      vertex 23.1737 48.0449 0
    endloop
  endfacet
  facet normal 0 0 -1
    outer loop
      vertex 22.6199 21.2513 0
      vertex 22.8787 48.3037 0
      vertex 22.8787 21.5463 0
    endloop
  endfacet
  facet normal 0 0 -1
    outer loop
      vertex 22.6199 21.2513 0
      vertex 22.6199 48.5987 0
      vertex 22.8787 48.3037 0
    endloop
  endfacet
  facet normal 0 0 -1
    outer loop
      vertex 22.4019 20.925 0
      vertex 22.6199 48.5987 0
      vertex 22.6199 21.2513 0
    endloop
  endfacet
  facet normal 0 0 -1
    outer loop
      vertex 22.4019 20.925 0
      vertex 22.4019 48.925 0
      vertex 22.6199 48.5987 0
    endloop
  endfacet
  facet normal 0 0 -1
    outer loop
      vertex 22.2284 20.573 0
      vertex 22.4019 48.925 0
      vertex 22.4019 20.925 0
    endloop
  endfacet
  facet normal 0 0 -1
    outer loop
      vertex 22.2284 20.573 0
      vertex 22.2284 49.2769 0
      vertex 22.4019 48.925 0
    endloop
  endfacet
  facet normal 0 0 -1
    outer loop
      vertex 22.1022 20.2015 0
      vertex 22.2284 49.2769 0
      vertex 22.2284 20.573 0
    endloop
  endfacet
  facet normal 0 0 -1
    outer loop
      vertex 22.1022 20.2015 0
      vertex 22.1022 49.6485 0
      vertex 22.2284 49.2769 0
    endloop
  endfacet
  facet normal 0 0 -1
    outer loop
      vertex 22.0257 19.8166 0
      vertex 22.1022 49.6485 0
      vertex 22.1022 20.2015 0
    endloop
  endfacet
  facet normal 0 0 -1
    outer loop
      vertex 22.0257 19.8166 0
      vertex 22.0257 50.0334 0
      vertex 22.1022 49.6485 0
    endloop
  endfacet
  facet normal 0 0 -1
    outer loop
      vertex 22 19.425 0
      vertex 22.0257 50.0334 0
      vertex 22.0257 19.8166 0
    endloop
  endfacet
  facet normal -0 0 -1
    outer loop
      vertex 22.0257 50.0334 0
      vertex 22 19.425 0
      vertex 22 50.425 0
    endloop
  endfacet
  facet normal 0 0 -1
    outer loop
      vertex 78 19.425 0
      vertex 100 0 0
      vertex 78 0 0
    endloop
  endfacet
  facet normal 0 0 -1
    outer loop
      vertex 77.9743 19.8166 0
      vertex 100 0 0
      vertex 78 19.425 0
    endloop
  endfacet
  facet normal 0 0 -1
    outer loop
      vertex 77.8978 20.2015 0
      vertex 100 0 0
      vertex 77.9743 19.8166 0
    endloop
  endfacet
  facet normal -0 0 -1
    outer loop
      vertex 100 69.85 0
      vertex 78 50.425 0
      vertex 78 69.85 0
    endloop
  endfacet
  facet normal -1 0 0
    outer loop
      vertex 0 0 0
      vertex 0 69.85 5
      vertex 0 69.85 0
    endloop
  endfacet
  facet normal -1 -0 0
    outer loop
      vertex 0 69.85 5
      vertex 0 0 0
      vertex 0 0 5
    endloop
  endfacet
  facet normal 0 1 -0
    outer loop
      vertex 22 69.85 0
      vertex 0 69.85 5
      vertex 22 69.85 5
    endloop
  endfacet
  facet normal 0 1 0
    outer loop
      vertex 0 69.85 5
      vertex 22 69.85 0
      vertex 0 69.85 0
    endloop
  endfacet
  facet normal 0 1 -0
    outer loop
      vertex 100 69.85 0
      vertex 78 69.85 5
      vertex 100 69.85 5
    endloop
  endfacet
  facet normal 0 1 0
    outer loop
      vertex 78 69.85 5
      vertex 100 69.85 0
      vertex 78 69.85 0
    endloop
  endfacet
  facet normal 0 -1 0
    outer loop
      vertex 0 0 0
      vertex 22 0 5
      vertex 0 0 5
    endloop
  endfacet
  facet normal 0 -1 -0
    outer loop
      vertex 22 0 5
      vertex 0 0 0
      vertex 22 0 0
    endloop
  endfacet
  facet normal 0 -1 0
    outer loop
      vertex 78 0 0
      vertex 100 0 5
      vertex 78 0 5
    endloop
  endfacet
  facet normal 0 -1 -0
    outer loop
      vertex 100 0 5
      vertex 78 0 0
      vertex 100 0 0
    endloop
  endfacet
  facet normal 1 -0 0
    outer loop
      vertex 22 0 5
      vertex 22 19.425 0
      vertex 22 19.425 5
    endloop
  endfacet
  facet normal 1 0 0
    outer loop
      vertex 22 19.425 0
      vertex 22 0 5
      vertex 22 0 0
    endloop
  endfacet
  facet normal 0 -1 0
    outer loop
      vertex 25 22.425 0
      vertex 75 22.425 5
      vertex 25 22.425 5
    endloop
  endfacet
  facet normal 0 -1 -0
    outer loop
      vertex 75 22.425 5
      vertex 25 22.425 0
      vertex 75 22.425 0
    endloop
  endfacet
  facet normal 0.555523 -0.831501 0
    outer loop
      vertex 23.1737 21.8051 0
      vertex 23.5 22.0231 5
      vertex 23.1737 21.8051 5
    endloop
  endfacet
  facet normal 0.555523 -0.831501 0
    outer loop
      vertex 23.5 22.0231 5
      vertex 23.1737 21.8051 0
      vertex 23.5 22.0231 0
    endloop
  endfacet
  facet normal -0.980815 -0.19494 0
    outer loop
      vertex 77.9743 19.8166 0
      vertex 77.8978 20.2015 5
      vertex 77.8978 20.2015 0
    endloop
  endfacet
  facet normal -0.980815 -0.19494 0
    outer loop
      vertex 77.8978 20.2015 5
      vertex 77.9743 19.8166 0
      vertex 77.9743 19.8166 5
    endloop
  endfacet
  facet normal 0.896961 -0.44211 0
    outer loop
      vertex 22.2284 20.573 5
      vertex 22.4019 20.925 0
      vertex 22.4019 20.925 5
    endloop
  endfacet
  facet normal 0.896961 -0.44211 0
    outer loop
      vertex 22.4019 20.925 0
      vertex 22.2284 20.573 5
      vertex 22.2284 20.573 0
    endloop
  endfacet
  facet normal 0.442211 -0.896911 0
    outer loop
      vertex 23.5 22.0231 0
      vertex 23.8519 22.1966 5
      vertex 23.5 22.0231 5
    endloop
  endfacet
  facet normal 0.442211 -0.896911 0
    outer loop
      vertex 23.8519 22.1966 5
      vertex 23.5 22.0231 0
      vertex 23.8519 22.1966 0
    endloop
  endfacet
  facet normal 0.659478 -0.751724 0
    outer loop
      vertex 22.8787 21.5463 0
      vertex 23.1737 21.8051 5
      vertex 22.8787 21.5463 5
    endloop
  endfacet
  facet normal 0.659478 -0.751724 0
    outer loop
      vertex 23.1737 21.8051 5
      vertex 22.8787 21.5463 0
      vertex 23.1737 21.8051 0
    endloop
  endfacet
  facet normal 0.321574 -0.946885 0
    outer loop
      vertex 23.8519 22.1966 0
      vertex 24.2235 22.3228 5
      vertex 23.8519 22.1966 5
    endloop
  endfacet
  facet normal 0.321574 -0.946885 0
    outer loop
      vertex 24.2235 22.3228 5
      vertex 23.8519 22.1966 0
      vertex 24.2235 22.3228 0
    endloop
  endfacet
  facet normal 0.831501 -0.555523 0
    outer loop
      vertex 22.4019 20.925 5
      vertex 22.6199 21.2513 0
      vertex 22.6199 21.2513 5
    endloop
  endfacet
  facet normal 0.831501 -0.555523 0
    outer loop
      vertex 22.6199 21.2513 0
      vertex 22.4019 20.925 5
      vertex 22.4019 20.925 0
    endloop
  endfacet
  facet normal -0.946858 -0.321651 0
    outer loop
      vertex 77.8978 20.2015 0
      vertex 77.7716 20.573 5
      vertex 77.7716 20.573 0
    endloop
  endfacet
  facet normal -0.946858 -0.321651 0
    outer loop
      vertex 77.7716 20.573 5
      vertex 77.8978 20.2015 0
      vertex 77.8978 20.2015 5
    endloop
  endfacet
  facet normal -1 0 0
    outer loop
      vertex 78 0 0
      vertex 78 19.425 5
      vertex 78 19.425 0
    endloop
  endfacet
  facet normal -1 -0 0
    outer loop
      vertex 78 19.425 5
      vertex 78 0 0
      vertex 78 0 5
    endloop
  endfacet
  facet normal -0.659478 -0.751724 0
    outer loop
      vertex 76.8263 21.8051 0
      vertex 77.1213 21.5463 5
      vertex 76.8263 21.8051 5
    endloop
  endfacet
  facet normal -0.659478 -0.751724 -0
    outer loop
      vertex 77.1213 21.5463 5
      vertex 76.8263 21.8051 0
      vertex 77.1213 21.5463 0
    endloop
  endfacet
  facet normal -0.751724 -0.659478 0
    outer loop
      vertex 77.3801 21.2513 0
      vertex 77.1213 21.5463 5
      vertex 77.1213 21.5463 0
    endloop
  endfacet
  facet normal -0.751724 -0.659478 0
    outer loop
      vertex 77.1213 21.5463 5
      vertex 77.3801 21.2513 0
      vertex 77.3801 21.2513 5
    endloop
  endfacet
  facet normal 0.0654873 -0.997853 0
    outer loop
      vertex 24.6084 22.3993 0
      vertex 25 22.425 5
      vertex 24.6084 22.3993 5
    endloop
  endfacet
  facet normal 0.0654873 -0.997853 0
    outer loop
      vertex 25 22.425 5
      vertex 24.6084 22.3993 0
      vertex 25 22.425 0
    endloop
  endfacet
  facet normal 0.751724 -0.659478 0
    outer loop
      vertex 22.6199 21.2513 5
      vertex 22.8787 21.5463 0
      vertex 22.8787 21.5463 5
    endloop
  endfacet
  facet normal 0.751724 -0.659478 0
    outer loop
      vertex 22.8787 21.5463 0
      vertex 22.6199 21.2513 5
      vertex 22.6199 21.2513 0
    endloop
  endfacet
  facet normal 0.946858 -0.321651 0
    outer loop
      vertex 22.1022 20.2015 5
      vertex 22.2284 20.573 0
      vertex 22.2284 20.573 5
    endloop
  endfacet
  facet normal 0.946858 -0.321651 0
    outer loop
      vertex 22.2284 20.573 0
      vertex 22.1022 20.2015 5
      vertex 22.1022 20.2015 0
    endloop
  endfacet
  facet normal 0.980815 -0.19494 0
    outer loop
      vertex 22.0257 19.8166 5
      vertex 22.1022 20.2015 0
      vertex 22.1022 20.2015 5
    endloop
  endfacet
  facet normal 0.980815 -0.19494 0
    outer loop
      vertex 22.1022 20.2015 0
      vertex 22.0257 19.8166 5
      vertex 22.0257 19.8166 0
    endloop
  endfacet
  facet normal -0.321651 -0.946858 0
    outer loop
      vertex 75.7765 22.3228 0
      vertex 76.148 22.1966 5
      vertex 75.7765 22.3228 5
    endloop
  endfacet
  facet normal -0.321651 -0.946858 -0
    outer loop
      vertex 76.148 22.1966 5
      vertex 75.7765 22.3228 0
      vertex 76.148 22.1966 0
    endloop
  endfacet
  facet normal -0.19494 -0.980815 0
    outer loop
      vertex 75.3916 22.3993 0
      vertex 75.7765 22.3228 5
      vertex 75.3916 22.3993 5
    endloop
  endfacet
  facet normal -0.19494 -0.980815 -0
    outer loop
      vertex 75.7765 22.3228 5
      vertex 75.3916 22.3993 0
      vertex 75.7765 22.3228 0
    endloop
  endfacet
  facet normal -0.0654873 -0.997853 0
    outer loop
      vertex 75 22.425 0
      vertex 75.3916 22.3993 5
      vertex 75 22.425 5
    endloop
  endfacet
  facet normal -0.0654873 -0.997853 -0
    outer loop
      vertex 75.3916 22.3993 5
      vertex 75 22.425 0
      vertex 75.3916 22.3993 0
    endloop
  endfacet
  facet normal 0.19494 -0.980815 0
    outer loop
      vertex 24.2235 22.3228 0
      vertex 24.6084 22.3993 5
      vertex 24.2235 22.3228 5
    endloop
  endfacet
  facet normal 0.19494 -0.980815 0
    outer loop
      vertex 24.6084 22.3993 5
      vertex 24.2235 22.3228 0
      vertex 24.6084 22.3993 0
    endloop
  endfacet
  facet normal 0.997853 -0.0654873 0
    outer loop
      vertex 22 19.425 5
      vertex 22.0257 19.8166 0
      vertex 22.0257 19.8166 5
    endloop
  endfacet
  facet normal 0.997853 -0.0654873 0
    outer loop
      vertex 22.0257 19.8166 0
      vertex 22 19.425 5
      vertex 22 19.425 0
    endloop
  endfacet
  facet normal -0.896961 -0.44211 0
    outer loop
      vertex 77.7716 20.573 0
      vertex 77.5981 20.925 5
      vertex 77.5981 20.925 0
    endloop
  endfacet
  facet normal -0.896961 -0.44211 0
    outer loop
      vertex 77.5981 20.925 5
      vertex 77.7716 20.573 0
      vertex 77.7716 20.573 5
    endloop
  endfacet
  facet normal -0.44211 -0.896961 0
    outer loop
      vertex 76.148 22.1966 0
      vertex 76.5 22.0231 5
      vertex 76.148 22.1966 5
    endloop
  endfacet
  facet normal -0.44211 -0.896961 -0
    outer loop
      vertex 76.5 22.0231 5
      vertex 76.148 22.1966 0
      vertex 76.5 22.0231 0
    endloop
  endfacet
  facet normal -0.555523 -0.831501 0
    outer loop
      vertex 76.5 22.0231 0
      vertex 76.8263 21.8051 5
      vertex 76.5 22.0231 5
    endloop
  endfacet
  facet normal -0.555523 -0.831501 -0
    outer loop
      vertex 76.8263 21.8051 5
      vertex 76.5 22.0231 0
      vertex 76.8263 21.8051 0
    endloop
  endfacet
  facet normal -0.997853 -0.0654873 0
    outer loop
      vertex 78 19.425 0
      vertex 77.9743 19.8166 5
      vertex 77.9743 19.8166 0
    endloop
  endfacet
  facet normal -0.997853 -0.0654873 0
    outer loop
      vertex 77.9743 19.8166 5
      vertex 78 19.425 0
      vertex 78 19.425 5
    endloop
  endfacet
  facet normal -0.831501 -0.555523 0
    outer loop
      vertex 77.5981 20.925 0
      vertex 77.3801 21.2513 5
      vertex 77.3801 21.2513 0
    endloop
  endfacet
  facet normal -0.831501 -0.555523 0
    outer loop
      vertex 77.3801 21.2513 5
      vertex 77.5981 20.925 0
      vertex 77.5981 20.925 5
    endloop
  endfacet
  facet normal 1 -0 0
    outer loop
      vertex 22 50.425 5
      vertex 22 69.85 0
      vertex 22 69.85 5
    endloop
  endfacet
  facet normal 1 0 0
    outer loop
      vertex 22 69.85 0
      vertex 22 50.425 5
      vertex 22 50.425 0
    endloop
  endfacet
  facet normal -0.980815 0.19494 0
    outer loop
      vertex 77.8978 49.6485 0
      vertex 77.9743 50.0334 5
      vertex 77.9743 50.0334 0
    endloop
  endfacet
  facet normal -0.980815 0.19494 0
    outer loop
      vertex 77.9743 50.0334 5
      vertex 77.8978 49.6485 0
      vertex 77.8978 49.6485 5
    endloop
  endfacet
  facet normal -1 0 0
    outer loop
      vertex 78 50.425 0
      vertex 78 69.85 5
      vertex 78 69.85 0
    endloop
  endfacet
  facet normal -1 -0 0
    outer loop
      vertex 78 69.85 5
      vertex 78 50.425 0
      vertex 78 50.425 5
    endloop
  endfacet
  facet normal 0.831501 0.555523 0
    outer loop
      vertex 22.6199 48.5987 5
      vertex 22.4019 48.925 0
      vertex 22.4019 48.925 5
    endloop
  endfacet
  facet normal 0.831501 0.555523 0
    outer loop
      vertex 22.4019 48.925 0
      vertex 22.6199 48.5987 5
      vertex 22.6199 48.5987 0
    endloop
  endfacet
  facet normal -0.321651 0.946858 0
    outer loop
      vertex 76.148 47.6534 0
      vertex 75.7765 47.5272 5
      vertex 76.148 47.6534 5
    endloop
  endfacet
  facet normal -0.321651 0.946858 0
    outer loop
      vertex 75.7765 47.5272 5
      vertex 76.148 47.6534 0
      vertex 75.7765 47.5272 0
    endloop
  endfacet
  facet normal 0.659478 0.751724 -0
    outer loop
      vertex 23.1737 48.0449 0
      vertex 22.8787 48.3037 5
      vertex 23.1737 48.0449 5
    endloop
  endfacet
  facet normal 0.659478 0.751724 0
    outer loop
      vertex 22.8787 48.3037 5
      vertex 23.1737 48.0449 0
      vertex 22.8787 48.3037 0
    endloop
  endfacet
  facet normal 0.997853 0.0654873 0
    outer loop
      vertex 22.0257 50.0334 5
      vertex 22 50.425 0
      vertex 22 50.425 5
    endloop
  endfacet
  facet normal 0.997853 0.0654873 0
    outer loop
      vertex 22 50.425 0
      vertex 22.0257 50.0334 5
      vertex 22.0257 50.0334 0
    endloop
  endfacet
  facet normal 0.946885 0.321574 0
    outer loop
      vertex 22.2284 49.2769 5
      vertex 22.1022 49.6485 0
      vertex 22.1022 49.6485 5
    endloop
  endfacet
  facet normal 0.946885 0.321574 0
    outer loop
      vertex 22.1022 49.6485 0
      vertex 22.2284 49.2769 5
      vertex 22.2284 49.2769 0
    endloop
  endfacet
  facet normal -0.946885 0.321574 0
    outer loop
      vertex 77.7716 49.2769 0
      vertex 77.8978 49.6485 5
      vertex 77.8978 49.6485 0
    endloop
  endfacet
  facet normal -0.946885 0.321574 0
    outer loop
      vertex 77.8978 49.6485 5
      vertex 77.7716 49.2769 0
      vertex 77.7716 49.2769 5
    endloop
  endfacet
  facet normal 0.442211 0.896911 -0
    outer loop
      vertex 23.8519 47.6534 0
      vertex 23.5 47.8269 5
      vertex 23.8519 47.6534 5
    endloop
  endfacet
  facet normal 0.442211 0.896911 0
    outer loop
      vertex 23.5 47.8269 5
      vertex 23.8519 47.6534 0
      vertex 23.5 47.8269 0
    endloop
  endfacet
  facet normal 0 1 -0
    outer loop
      vertex 75 47.425 0
      vertex 25 47.425 5
      vertex 75 47.425 5
    endloop
  endfacet
  facet normal 0 1 0
    outer loop
      vertex 25 47.425 5
      vertex 75 47.425 0
      vertex 25 47.425 0
    endloop
  endfacet
  facet normal -0.0654873 0.997853 0
    outer loop
      vertex 75.3916 47.4507 0
      vertex 75 47.425 5
      vertex 75.3916 47.4507 5
    endloop
  endfacet
  facet normal -0.0654873 0.997853 0
    outer loop
      vertex 75 47.425 5
      vertex 75.3916 47.4507 0
      vertex 75 47.425 0
    endloop
  endfacet
  facet normal -0.896911 0.442211 0
    outer loop
      vertex 77.5981 48.925 0
      vertex 77.7716 49.2769 5
      vertex 77.7716 49.2769 0
    endloop
  endfacet
  facet normal -0.896911 0.442211 0
    outer loop
      vertex 77.7716 49.2769 5
      vertex 77.5981 48.925 0
      vertex 77.5981 48.925 5
    endloop
  endfacet
  facet normal -0.997853 0.0654873 0
    outer loop
      vertex 77.9743 50.0334 0
      vertex 78 50.425 5
      vertex 78 50.425 0
    endloop
  endfacet
  facet normal -0.997853 0.0654873 0
    outer loop
      vertex 78 50.425 5
      vertex 77.9743 50.0334 0
      vertex 77.9743 50.0334 5
    endloop
  endfacet
  facet normal -0.831501 0.555523 0
    outer loop
      vertex 77.3801 48.5987 0
      vertex 77.5981 48.925 5
      vertex 77.5981 48.925 0
    endloop
  endfacet
  facet normal -0.831501 0.555523 0
    outer loop
      vertex 77.5981 48.925 5
      vertex 77.3801 48.5987 0
      vertex 77.3801 48.5987 5
    endloop
  endfacet
  facet normal -0.555523 0.831501 0
    outer loop
      vertex 76.8263 48.0449 0
      vertex 76.5 47.8269 5
      vertex 76.8263 48.0449 5
    endloop
  endfacet
  facet normal -0.555523 0.831501 0
    outer loop
      vertex 76.5 47.8269 5
      vertex 76.8263 48.0449 0
      vertex 76.5 47.8269 0
    endloop
  endfacet
  facet normal 0.0654873 0.997853 -0
    outer loop
      vertex 25 47.425 0
      vertex 24.6084 47.4507 5
      vertex 25 47.425 5
    endloop
  endfacet
  facet normal 0.0654873 0.997853 0
    outer loop
      vertex 24.6084 47.4507 5
      vertex 25 47.425 0
      vertex 24.6084 47.4507 0
    endloop
  endfacet
  facet normal -0.19494 0.980815 0
    outer loop
      vertex 75.7765 47.5272 0
      vertex 75.3916 47.4507 5
      vertex 75.7765 47.5272 5
    endloop
  endfacet
  facet normal -0.19494 0.980815 0
    outer loop
      vertex 75.3916 47.4507 5
      vertex 75.7765 47.5272 0
      vertex 75.3916 47.4507 0
    endloop
  endfacet
  facet normal 0.555523 0.831501 -0
    outer loop
      vertex 23.5 47.8269 0
      vertex 23.1737 48.0449 5
      vertex 23.5 47.8269 5
    endloop
  endfacet
  facet normal 0.555523 0.831501 0
    outer loop
      vertex 23.1737 48.0449 5
      vertex 23.5 47.8269 0
      vertex 23.1737 48.0449 0
    endloop
  endfacet
  facet normal 0.19494 0.980815 -0
    outer loop
      vertex 24.6084 47.4507 0
      vertex 24.2235 47.5272 5
      vertex 24.6084 47.4507 5
    endloop
  endfacet
  facet normal 0.19494 0.980815 0
    outer loop
      vertex 24.2235 47.5272 5
      vertex 24.6084 47.4507 0
      vertex 24.2235 47.5272 0
    endloop
  endfacet
  facet normal -0.44211 0.896961 0
    outer loop
      vertex 76.5 47.8269 0
      vertex 76.148 47.6534 5
      vertex 76.5 47.8269 5
    endloop
  endfacet
  facet normal -0.44211 0.896961 0
    outer loop
      vertex 76.148 47.6534 5
      vertex 76.5 47.8269 0
      vertex 76.148 47.6534 0
    endloop
  endfacet
  facet normal 0.980815 0.19494 0
    outer loop
      vertex 22.1022 49.6485 5
      vertex 22.0257 50.0334 0
      vertex 22.0257 50.0334 5
    endloop
  endfacet
  facet normal 0.980815 0.19494 0
    outer loop
      vertex 22.0257 50.0334 0
      vertex 22.1022 49.6485 5
      vertex 22.1022 49.6485 0
    endloop
  endfacet
  facet normal 0.751724 0.659478 0
    outer loop
      vertex 22.8787 48.3037 5
      vertex 22.6199 48.5987 0
      vertex 22.6199 48.5987 5
    endloop
  endfacet
  facet normal 0.751724 0.659478 0
    outer loop
      vertex 22.6199 48.5987 0
      vertex 22.8787 48.3037 5
      vertex 22.8787 48.3037 0
    endloop
  endfacet
  facet normal 0.896911 0.442211 0
    outer loop
      vertex 22.4019 48.925 5
      vertex 22.2284 49.2769 0
      vertex 22.2284 49.2769 5
    endloop
  endfacet
  facet normal 0.896911 0.442211 0
    outer loop
      vertex 22.2284 49.2769 0
      vertex 22.4019 48.925 5
      vertex 22.4019 48.925 0
    endloop
  endfacet
  facet normal -0.659478 0.751724 0
    outer loop
      vertex 77.1213 48.3037 0
      vertex 76.8263 48.0449 5
      vertex 77.1213 48.3037 5
    endloop
  endfacet
  facet normal -0.659478 0.751724 0
    outer loop
      vertex 76.8263 48.0449 5
      vertex 77.1213 48.3037 0
      vertex 76.8263 48.0449 0
    endloop
  endfacet
  facet normal 0.321574 0.946885 -0
    outer loop
      vertex 24.2235 47.5272 0
      vertex 23.8519 47.6534 5
      vertex 24.2235 47.5272 5
    endloop
  endfacet
  facet normal 0.321574 0.946885 0
    outer loop
      vertex 23.8519 47.6534 5
      vertex 24.2235 47.5272 0
      vertex 23.8519 47.6534 0
    endloop
  endfacet
  facet normal -0.751724 0.659478 0
    outer loop
      vertex 77.1213 48.3037 0
      vertex 77.3801 48.5987 5
      vertex 77.3801 48.5987 0
    endloop
  endfacet
  facet normal -0.751724 0.659478 0
    outer loop
      vertex 77.3801 48.5987 5
      vertex 77.1213 48.3037 0
      vertex 77.1213 48.3037 5
    endloop
  endfacet
  facet normal -0.195084 -0.980787 0
    outer loop
      vertex 14.3067 6.3949 0.6
      vertex 14.6082 6.33493 4.51
      vertex 14.3067 6.3949 4.51
    endloop
  endfacet
  facet normal -0.195084 -0.980787 -0
    outer loop
      vertex 14.6082 6.33493 4.51
      vertex 14.3067 6.3949 0.6
      vertex 14.6082 6.33493 0.6
    endloop
  endfacet
  facet normal -0.980765 -0.19519 0
    outer loop
      vertex 16.3299 4.37174 0.6
      vertex 16.2699 4.67322 4.51
      vertex 16.2699 4.67322 0.6
    endloop
  endfacet
  facet normal -0.980765 -0.19519 0
    outer loop
      vertex 16.2699 4.67322 4.51
      vertex 16.3299 4.37174 0.6
      vertex 16.3299 4.37174 4.51
    endloop
  endfacet
  facet normal -0.99786 -0.0653876 0
    outer loop
      vertex 16.35 4.065 0.6
      vertex 16.3299 4.37174 4.51
      vertex 16.3299 4.37174 0.6
    endloop
  endfacet
  facet normal -0.99786 -0.0653876 0
    outer loop
      vertex 16.3299 4.37174 4.51
      vertex 16.35 4.065 0.6
      vertex 16.35 4.065 4.51
    endloop
  endfacet
  facet normal -0.946942 -0.321405 0
    outer loop
      vertex 16.2699 4.67322 0.6
      vertex 16.1711 4.96431 4.51
      vertex 16.1711 4.96431 0.6
    endloop
  endfacet
  facet normal -0.946942 -0.321405 0
    outer loop
      vertex 16.1711 4.96431 4.51
      vertex 16.2699 4.67322 0.6
      vertex 16.2699 4.67322 4.51
    endloop
  endfacet
  facet normal -0.831439 -0.555616 0
    outer loop
      vertex 16.0352 5.24 0.6
      vertex 15.8644 5.49559 4.51
      vertex 15.8644 5.49559 0.6
    endloop
  endfacet
  facet normal -0.831439 -0.555616 0
    outer loop
      vertex 15.8644 5.49559 4.51
      vertex 16.0352 5.24 0.6
      vertex 16.0352 5.24 4.51
    endloop
  endfacet
  facet normal -0.321424 -0.946935 0
    outer loop
      vertex 14.6082 6.33493 0.6
      vertex 14.8993 6.23612 4.51
      vertex 14.6082 6.33493 4.51
    endloop
  endfacet
  facet normal -0.321424 -0.946935 -0
    outer loop
      vertex 14.8993 6.23612 4.51
      vertex 14.6082 6.33493 0.6
      vertex 14.8993 6.23612 0.6
    endloop
  endfacet
  facet normal 0.980765 0.19519 0
    outer loop
      vertex 11.7301 3.45678 4.51
      vertex 11.6701 3.75826 0.6
      vertex 11.6701 3.75826 4.51
    endloop
  endfacet
  facet normal 0.980765 0.19519 0
    outer loop
      vertex 11.6701 3.75826 0.6
      vertex 11.7301 3.45678 4.51
      vertex 11.7301 3.45678 0.6
    endloop
  endfacet
  facet normal -0.99786 0.0653876 0
    outer loop
      vertex 16.3299 3.75826 0.6
      vertex 16.35 4.065 4.51
      vertex 16.35 4.065 0.6
    endloop
  endfacet
  facet normal -0.99786 0.0653876 0
    outer loop
      vertex 16.35 4.065 4.51
      vertex 16.3299 3.75826 0.6
      vertex 16.3299 3.75826 4.51
    endloop
  endfacet
  facet normal 0.99786 0.0653876 0
    outer loop
      vertex 11.6701 3.75826 4.51
      vertex 11.65 4.065 0.6
      vertex 11.65 4.065 4.51
    endloop
  endfacet
  facet normal 0.99786 0.0653876 0
    outer loop
      vertex 11.65 4.065 0.6
      vertex 11.6701 3.75826 4.51
      vertex 11.6701 3.75826 0.6
    endloop
  endfacet
  facet normal 0.321424 0.946935 -0
    outer loop
      vertex 13.3918 1.79507 0.6
      vertex 13.1007 1.89388 4.51
      vertex 13.3918 1.79507 4.51
    endloop
  endfacet
  facet normal 0.321424 0.946935 0
    outer loop
      vertex 13.1007 1.89388 4.51
      vertex 13.3918 1.79507 0.6
      vertex 13.1007 1.89388 0.6
    endloop
  endfacet
  facet normal -0.896944 -0.442144 0
    outer loop
      vertex 16.1711 4.96431 0.6
      vertex 16.0352 5.24 4.51
      vertex 16.0352 5.24 0.6
    endloop
  endfacet
  facet normal -0.896944 -0.442144 0
    outer loop
      vertex 16.0352 5.24 4.51
      vertex 16.1711 4.96431 0.6
      vertex 16.1711 4.96431 4.51
    endloop
  endfacet
  facet normal -0.751804 -0.659386 0
    outer loop
      vertex 15.8644 5.49559 0.6
      vertex 15.6617 5.7267 4.51
      vertex 15.6617 5.7267 0.6
    endloop
  endfacet
  facet normal -0.751804 -0.659386 0
    outer loop
      vertex 15.6617 5.7267 4.51
      vertex 15.8644 5.49559 0.6
      vertex 15.8644 5.49559 4.51
    endloop
  endfacet
  facet normal -0.946942 0.321405 0
    outer loop
      vertex 16.1711 3.16569 0.6
      vertex 16.2699 3.45678 4.51
      vertex 16.2699 3.45678 0.6
    endloop
  endfacet
  facet normal -0.946942 0.321405 0
    outer loop
      vertex 16.2699 3.45678 4.51
      vertex 16.1711 3.16569 0.6
      vertex 16.1711 3.16569 4.51
    endloop
  endfacet
  facet normal 0.751804 0.659386 0
    outer loop
      vertex 12.3383 2.4033 4.51
      vertex 12.1356 2.63441 0.6
      vertex 12.1356 2.63441 4.51
    endloop
  endfacet
  facet normal 0.751804 0.659386 0
    outer loop
      vertex 12.1356 2.63441 0.6
      vertex 12.3383 2.4033 4.51
      vertex 12.3383 2.4033 0.6
    endloop
  endfacet
  facet normal -0.980765 0.19519 0
    outer loop
      vertex 16.2699 3.45678 0.6
      vertex 16.3299 3.75826 4.51
      vertex 16.3299 3.75826 0.6
    endloop
  endfacet
  facet normal -0.980765 0.19519 0
    outer loop
      vertex 16.3299 3.75826 4.51
      vertex 16.2699 3.45678 0.6
      vertex 16.2699 3.45678 4.51
    endloop
  endfacet
  facet normal -0.0654285 0.997857 0
    outer loop
      vertex 14.3067 1.73511 0.6
      vertex 14 1.715 4.51
      vertex 14.3067 1.73511 4.51
    endloop
  endfacet
  facet normal -0.0654285 0.997857 0
    outer loop
      vertex 14 1.715 4.51
      vertex 14.3067 1.73511 0.6
      vertex 14 1.715 0.6
    endloop
  endfacet
  facet normal 0.946942 0.321405 0
    outer loop
      vertex 11.8289 3.16569 4.51
      vertex 11.7301 3.45678 0.6
      vertex 11.7301 3.45678 4.51
    endloop
  endfacet
  facet normal 0.946942 0.321405 0
    outer loop
      vertex 11.7301 3.45678 0.6
      vertex 11.8289 3.16569 4.51
      vertex 11.8289 3.16569 0.6
    endloop
  endfacet
  facet normal -0.831439 0.555616 0
    outer loop
      vertex 15.8644 2.63441 0.6
      vertex 16.0352 2.89 4.51
      vertex 16.0352 2.89 0.6
    endloop
  endfacet
  facet normal -0.831439 0.555616 0
    outer loop
      vertex 16.0352 2.89 4.51
      vertex 15.8644 2.63441 0.6
      vertex 15.8644 2.63441 4.51
    endloop
  endfacet
  facet normal -0.442288 -0.896873 0
    outer loop
      vertex 14.8993 6.23612 0.6
      vertex 15.175 6.10016 4.51
      vertex 14.8993 6.23612 4.51
    endloop
  endfacet
  facet normal -0.442288 -0.896873 -0
    outer loop
      vertex 15.175 6.10016 4.51
      vertex 14.8993 6.23612 0.6
      vertex 15.175 6.10016 0.6
    endloop
  endfacet
  facet normal 0.442288 -0.896873 0
    outer loop
      vertex 12.825 6.10016 0.6
      vertex 13.1007 6.23612 4.51
      vertex 12.825 6.10016 4.51
    endloop
  endfacet
  facet normal 0.442288 -0.896873 0
    outer loop
      vertex 13.1007 6.23612 4.51
      vertex 12.825 6.10016 0.6
      vertex 13.1007 6.23612 0.6
    endloop
  endfacet
  facet normal -0.442288 0.896873 0
    outer loop
      vertex 15.175 2.02984 0.6
      vertex 14.8993 1.89388 4.51
      vertex 15.175 2.02984 4.51
    endloop
  endfacet
  facet normal -0.442288 0.896873 0
    outer loop
      vertex 14.8993 1.89388 4.51
      vertex 15.175 2.02984 0.6
      vertex 14.8993 1.89388 0.6
    endloop
  endfacet
  facet normal -0.321424 0.946935 0
    outer loop
      vertex 14.8993 1.89388 0.6
      vertex 14.6082 1.79507 4.51
      vertex 14.8993 1.89388 4.51
    endloop
  endfacet
  facet normal -0.321424 0.946935 0
    outer loop
      vertex 14.6082 1.79507 4.51
      vertex 14.8993 1.89388 0.6
      vertex 14.6082 1.79507 0.6
    endloop
  endfacet
  facet normal 0.195053 0.980793 -0
    outer loop
      vertex 13.6933 1.73511 0.6
      vertex 13.3918 1.79507 4.51
      vertex 13.6933 1.73511 4.51
    endloop
  endfacet
  facet normal 0.195053 0.980793 0
    outer loop
      vertex 13.3918 1.79507 4.51
      vertex 13.6933 1.73511 0.6
      vertex 13.3918 1.79507 0.6
    endloop
  endfacet
  facet normal 0.946942 -0.321405 0
    outer loop
      vertex 11.7301 4.67322 4.51
      vertex 11.8289 4.96431 0.6
      vertex 11.8289 4.96431 4.51
    endloop
  endfacet
  facet normal 0.946942 -0.321405 0
    outer loop
      vertex 11.8289 4.96431 0.6
      vertex 11.7301 4.67322 4.51
      vertex 11.7301 4.67322 0.6
    endloop
  endfacet
  facet normal 0.195084 -0.980787 0
    outer loop
      vertex 13.3918 6.33493 0.6
      vertex 13.6933 6.3949 4.51
      vertex 13.3918 6.33493 4.51
    endloop
  endfacet
  facet normal 0.195084 -0.980787 0
    outer loop
      vertex 13.6933 6.3949 4.51
      vertex 13.3918 6.33493 0.6
      vertex 13.6933 6.3949 0.6
    endloop
  endfacet
  facet normal 0.555556 -0.831479 0
    outer loop
      vertex 12.5694 5.92938 0.6
      vertex 12.825 6.10016 4.51
      vertex 12.5694 5.92938 4.51
    endloop
  endfacet
  facet normal 0.555556 -0.831479 0
    outer loop
      vertex 12.825 6.10016 4.51
      vertex 12.5694 5.92938 0.6
      vertex 12.825 6.10016 0.6
    endloop
  endfacet
  facet normal -0.555556 0.831479 0
    outer loop
      vertex 15.4306 2.20062 0.6
      vertex 15.175 2.02984 4.51
      vertex 15.4306 2.20062 4.51
    endloop
  endfacet
  facet normal -0.555556 0.831479 0
    outer loop
      vertex 15.175 2.02984 4.51
      vertex 15.4306 2.20062 0.6
      vertex 15.175 2.02984 0.6
    endloop
  endfacet
  facet normal -0.195053 0.980793 0
    outer loop
      vertex 14.6082 1.79507 0.6
      vertex 14.3067 1.73511 4.51
      vertex 14.6082 1.79507 4.51
    endloop
  endfacet
  facet normal -0.195053 0.980793 0
    outer loop
      vertex 14.3067 1.73511 4.51
      vertex 14.6082 1.79507 0.6
      vertex 14.3067 1.73511 0.6
    endloop
  endfacet
  facet normal 0.896944 -0.442144 0
    outer loop
      vertex 11.8289 4.96431 4.51
      vertex 11.9648 5.24 0.6
      vertex 11.9648 5.24 4.51
    endloop
  endfacet
  facet normal 0.896944 -0.442144 0
    outer loop
      vertex 11.9648 5.24 0.6
      vertex 11.8289 4.96431 4.51
      vertex 11.8289 4.96431 0.6
    endloop
  endfacet
  facet normal -0.659366 -0.751822 0
    outer loop
      vertex 15.4306 5.92938 0.6
      vertex 15.6617 5.7267 4.51
      vertex 15.4306 5.92938 4.51
    endloop
  endfacet
  facet normal -0.659366 -0.751822 -0
    outer loop
      vertex 15.6617 5.7267 4.51
      vertex 15.4306 5.92938 0.6
      vertex 15.6617 5.7267 0.6
    endloop
  endfacet
  facet normal 0.831439 -0.555616 0
    outer loop
      vertex 11.9648 5.24 4.51
      vertex 12.1356 5.49559 0.6
      vertex 12.1356 5.49559 4.51
    endloop
  endfacet
  facet normal 0.831439 -0.555616 0
    outer loop
      vertex 12.1356 5.49559 0.6
      vertex 11.9648 5.24 4.51
      vertex 11.9648 5.24 0.6
    endloop
  endfacet
  facet normal 0.0654285 0.997857 -0
    outer loop
      vertex 14 1.715 0.6
      vertex 13.6933 1.73511 4.51
      vertex 14 1.715 4.51
    endloop
  endfacet
  facet normal 0.0654285 0.997857 0
    outer loop
      vertex 13.6933 1.73511 4.51
      vertex 14 1.715 0.6
      vertex 13.6933 1.73511 0.6
    endloop
  endfacet
  facet normal 0.0653961 -0.997859 0
    outer loop
      vertex 13.6933 6.3949 0.6
      vertex 14 6.415 4.51
      vertex 13.6933 6.3949 4.51
    endloop
  endfacet
  facet normal 0.0653961 -0.997859 0
    outer loop
      vertex 14 6.415 4.51
      vertex 13.6933 6.3949 0.6
      vertex 14 6.415 0.6
    endloop
  endfacet
  facet normal 0.659366 -0.751822 0
    outer loop
      vertex 12.3383 5.7267 0.6
      vertex 12.5694 5.92938 4.51
      vertex 12.3383 5.7267 4.51
    endloop
  endfacet
  facet normal 0.659366 -0.751822 0
    outer loop
      vertex 12.5694 5.92938 4.51
      vertex 12.3383 5.7267 0.6
      vertex 12.5694 5.92938 0.6
    endloop
  endfacet
  facet normal 0.659366 0.751822 -0
    outer loop
      vertex 12.5694 2.20062 0.6
      vertex 12.3383 2.4033 4.51
      vertex 12.5694 2.20062 4.51
    endloop
  endfacet
  facet normal 0.659366 0.751822 0
    outer loop
      vertex 12.3383 2.4033 4.51
      vertex 12.5694 2.20062 0.6
      vertex 12.3383 2.4033 0.6
    endloop
  endfacet
  facet normal 0 0 1
    outer loop
      vertex 16.3299 4.37174 0.6
      vertex 16.3299 3.75826 0.6
      vertex 16.35 4.065 0.6
    endloop
  endfacet
  facet normal 0 0 1
    outer loop
      vertex 16.2699 4.67322 0.6
      vertex 16.3299 3.75826 0.6
      vertex 16.3299 4.37174 0.6
    endloop
  endfacet
  facet normal 0 0 1
    outer loop
      vertex 16.2699 4.67322 0.6
      vertex 16.2699 3.45678 0.6
      vertex 16.3299 3.75826 0.6
    endloop
  endfacet
  facet normal 0 0 1
    outer loop
      vertex 16.1711 4.96431 0.6
      vertex 16.2699 3.45678 0.6
      vertex 16.2699 4.67322 0.6
    endloop
  endfacet
  facet normal 0 0 1
    outer loop
      vertex 16.1711 4.96431 0.6
      vertex 16.1711 3.16569 0.6
      vertex 16.2699 3.45678 0.6
    endloop
  endfacet
  facet normal 0 0 1
    outer loop
      vertex 16.0352 5.24 0.6
      vertex 16.1711 3.16569 0.6
      vertex 16.1711 4.96431 0.6
    endloop
  endfacet
  facet normal 0 0 1
    outer loop
      vertex 16.0352 5.24 0.6
      vertex 16.0352 2.89 0.6
      vertex 16.1711 3.16569 0.6
    endloop
  endfacet
  facet normal 0 0 1
    outer loop
      vertex 15.8644 5.49559 0.6
      vertex 16.0352 2.89 0.6
      vertex 16.0352 5.24 0.6
    endloop
  endfacet
  facet normal 0 0 1
    outer loop
      vertex 15.8644 5.49559 0.6
      vertex 15.8644 2.63441 0.6
      vertex 16.0352 2.89 0.6
    endloop
  endfacet
  facet normal 0 0 1
    outer loop
      vertex 15.6617 5.7267 0.6
      vertex 15.8644 2.63441 0.6
      vertex 15.8644 5.49559 0.6
    endloop
  endfacet
  facet normal 0 0 1
    outer loop
      vertex 15.6617 5.7267 0.6
      vertex 15.6617 2.4033 0.6
      vertex 15.8644 2.63441 0.6
    endloop
  endfacet
  facet normal 0 0 1
    outer loop
      vertex 15.4306 5.92938 0.6
      vertex 15.6617 2.4033 0.6
      vertex 15.6617 5.7267 0.6
    endloop
  endfacet
  facet normal 0 0 1
    outer loop
      vertex 15.4306 5.92938 0.6
      vertex 15.4306 2.20062 0.6
      vertex 15.6617 2.4033 0.6
    endloop
  endfacet
  facet normal 0 0 1
    outer loop
      vertex 15.175 6.10016 0.6
      vertex 15.4306 2.20062 0.6
      vertex 15.4306 5.92938 0.6
    endloop
  endfacet
  facet normal 0 0 1
    outer loop
      vertex 15.175 6.10016 0.6
      vertex 15.175 2.02984 0.6
      vertex 15.4306 2.20062 0.6
    endloop
  endfacet
  facet normal 0 0 1
    outer loop
      vertex 14.8993 6.23612 0.6
      vertex 15.175 2.02984 0.6
      vertex 15.175 6.10016 0.6
    endloop
  endfacet
  facet normal 0 0 1
    outer loop
      vertex 14.8993 6.23612 0.6
      vertex 14.8993 1.89388 0.6
      vertex 15.175 2.02984 0.6
    endloop
  endfacet
  facet normal 0 0 1
    outer loop
      vertex 14.6082 6.33493 0.6
      vertex 14.8993 1.89388 0.6
      vertex 14.8993 6.23612 0.6
    endloop
  endfacet
  facet normal 0 0 1
    outer loop
      vertex 14.6082 6.33493 0.6
      vertex 14.6082 1.79507 0.6
      vertex 14.8993 1.89388 0.6
    endloop
  endfacet
  facet normal 0 0 1
    outer loop
      vertex 14.3067 6.3949 0.6
      vertex 14.6082 1.79507 0.6
      vertex 14.6082 6.33493 0.6
    endloop
  endfacet
  facet normal 0 0 1
    outer loop
      vertex 14.3067 6.3949 0.6
      vertex 14.3067 1.73511 0.6
      vertex 14.6082 1.79507 0.6
    endloop
  endfacet
  facet normal 0 0 1
    outer loop
      vertex 14 6.415 0.6
      vertex 14.3067 1.73511 0.6
      vertex 14.3067 6.3949 0.6
    endloop
  endfacet
  facet normal 0 0 1
    outer loop
      vertex 14 6.415 0.6
      vertex 14 1.715 0.6
      vertex 14.3067 1.73511 0.6
    endloop
  endfacet
  facet normal -0 0 1
    outer loop
      vertex 13.6933 6.3949 0.6
      vertex 14 1.715 0.6
      vertex 14 6.415 0.6
    endloop
  endfacet
  facet normal 0 0 1
    outer loop
      vertex 13.6933 6.3949 0.6
      vertex 13.6933 1.73511 0.6
      vertex 14 1.715 0.6
    endloop
  endfacet
  facet normal -0 0 1
    outer loop
      vertex 13.3918 6.33493 0.6
      vertex 13.6933 1.73511 0.6
      vertex 13.6933 6.3949 0.6
    endloop
  endfacet
  facet normal 0 0 1
    outer loop
      vertex 13.3918 6.33493 0.6
      vertex 13.3918 1.79507 0.6
      vertex 13.6933 1.73511 0.6
    endloop
  endfacet
  facet normal -0 0 1
    outer loop
      vertex 13.1007 6.23612 0.6
      vertex 13.3918 1.79507 0.6
      vertex 13.3918 6.33493 0.6
    endloop
  endfacet
  facet normal 0 0 1
    outer loop
      vertex 13.1007 6.23612 0.6
      vertex 13.1007 1.89388 0.6
      vertex 13.3918 1.79507 0.6
    endloop
  endfacet
  facet normal -0 0 1
    outer loop
      vertex 12.825 6.10016 0.6
      vertex 13.1007 1.89388 0.6
      vertex 13.1007 6.23612 0.6
    endloop
  endfacet
  facet normal 0 0 1
    outer loop
      vertex 12.825 6.10016 0.6
      vertex 12.825 2.02984 0.6
      vertex 13.1007 1.89388 0.6
    endloop
  endfacet
  facet normal -0 0 1
    outer loop
      vertex 12.5694 5.92938 0.6
      vertex 12.825 2.02984 0.6
      vertex 12.825 6.10016 0.6
    endloop
  endfacet
  facet normal 0 0 1
    outer loop
      vertex 12.5694 5.92938 0.6
      vertex 12.5694 2.20062 0.6
      vertex 12.825 2.02984 0.6
    endloop
  endfacet
  facet normal -0 0 1
    outer loop
      vertex 12.3383 5.7267 0.6
      vertex 12.5694 2.20062 0.6
      vertex 12.5694 5.92938 0.6
    endloop
  endfacet
  facet normal 0 0 1
    outer loop
      vertex 12.3383 5.7267 0.6
      vertex 12.3383 2.4033 0.6
      vertex 12.5694 2.20062 0.6
    endloop
  endfacet
  facet normal -0 0 1
    outer loop
      vertex 12.1356 5.49559 0.6
      vertex 12.3383 2.4033 0.6
      vertex 12.3383 5.7267 0.6
    endloop
  endfacet
  facet normal 0 0 1
    outer loop
      vertex 12.1356 5.49559 0.6
      vertex 12.1356 2.63441 0.6
      vertex 12.3383 2.4033 0.6
    endloop
  endfacet
  facet normal -0 0 1
    outer loop
      vertex 11.9648 5.24 0.6
      vertex 12.1356 2.63441 0.6
      vertex 12.1356 5.49559 0.6
    endloop
  endfacet
  facet normal 0 0 1
    outer loop
      vertex 11.9648 5.24 0.6
      vertex 11.9648 2.89 0.6
      vertex 12.1356 2.63441 0.6
    endloop
  endfacet
  facet normal -0 0 1
    outer loop
      vertex 11.8289 4.96431 0.6
      vertex 11.9648 2.89 0.6
      vertex 11.9648 5.24 0.6
    endloop
  endfacet
  facet normal 0 0 1
    outer loop
      vertex 11.8289 4.96431 0.6
      vertex 11.8289 3.16569 0.6
      vertex 11.9648 2.89 0.6
    endloop
  endfacet
  facet normal -0 0 1
    outer loop
      vertex 11.7301 4.67322 0.6
      vertex 11.8289 3.16569 0.6
      vertex 11.8289 4.96431 0.6
    endloop
  endfacet
  facet normal 0 0 1
    outer loop
      vertex 11.7301 4.67322 0.6
      vertex 11.7301 3.45678 0.6
      vertex 11.8289 3.16569 0.6
    endloop
  endfacet
  facet normal -0 0 1
    outer loop
      vertex 11.6701 4.37174 0.6
      vertex 11.7301 3.45678 0.6
      vertex 11.7301 4.67322 0.6
    endloop
  endfacet
  facet normal 0 0 1
    outer loop
      vertex 11.6701 4.37174 0.6
      vertex 11.6701 3.75826 0.6
      vertex 11.7301 3.45678 0.6
    endloop
  endfacet
  facet normal 0 -0 1
    outer loop
      vertex 11.6701 3.75826 0.6
      vertex 11.6701 4.37174 0.6
      vertex 11.65 4.065 0.6
    endloop
  endfacet
  facet normal 0.751804 -0.659386 0
    outer loop
      vertex 12.1356 5.49559 4.51
      vertex 12.3383 5.7267 0.6
      vertex 12.3383 5.7267 4.51
    endloop
  endfacet
  facet normal 0.751804 -0.659386 0
    outer loop
      vertex 12.3383 5.7267 0.6
      vertex 12.1356 5.49559 4.51
      vertex 12.1356 5.49559 0.6
    endloop
  endfacet
  facet normal -0.751804 0.659386 0
    outer loop
      vertex 15.6617 2.4033 0.6
      vertex 15.8644 2.63441 4.51
      vertex 15.8644 2.63441 0.6
    endloop
  endfacet
  facet normal -0.751804 0.659386 0
    outer loop
      vertex 15.8644 2.63441 4.51
      vertex 15.6617 2.4033 0.6
      vertex 15.6617 2.4033 4.51
    endloop
  endfacet
  facet normal -0.896944 0.442144 0
    outer loop
      vertex 16.0352 2.89 0.6
      vertex 16.1711 3.16569 4.51
      vertex 16.1711 3.16569 0.6
    endloop
  endfacet
  facet normal -0.896944 0.442144 0
    outer loop
      vertex 16.1711 3.16569 4.51
      vertex 16.0352 2.89 0.6
      vertex 16.0352 2.89 4.51
    endloop
  endfacet
  facet normal 0.555556 0.831479 -0
    outer loop
      vertex 12.825 2.02984 0.6
      vertex 12.5694 2.20062 4.51
      vertex 12.825 2.02984 4.51
    endloop
  endfacet
  facet normal 0.555556 0.831479 0
    outer loop
      vertex 12.5694 2.20062 4.51
      vertex 12.825 2.02984 0.6
      vertex 12.5694 2.20062 0.6
    endloop
  endfacet
  facet normal 0.980765 -0.19519 0
    outer loop
      vertex 11.6701 4.37174 4.51
      vertex 11.7301 4.67322 0.6
      vertex 11.7301 4.67322 4.51
    endloop
  endfacet
  facet normal 0.980765 -0.19519 0
    outer loop
      vertex 11.7301 4.67322 0.6
      vertex 11.6701 4.37174 4.51
      vertex 11.6701 4.37174 0.6
    endloop
  endfacet
  facet normal -0.0653961 -0.997859 0
    outer loop
      vertex 14 6.415 0.6
      vertex 14.3067 6.3949 4.51
      vertex 14 6.415 4.51
    endloop
  endfacet
  facet normal -0.0653961 -0.997859 -0
    outer loop
      vertex 14.3067 6.3949 4.51
      vertex 14 6.415 0.6
      vertex 14.3067 6.3949 0.6
    endloop
  endfacet
  facet normal -0.555556 -0.831479 0
    outer loop
      vertex 15.175 6.10016 0.6
      vertex 15.4306 5.92938 4.51
      vertex 15.175 6.10016 4.51
    endloop
  endfacet
  facet normal -0.555556 -0.831479 -0
    outer loop
      vertex 15.4306 5.92938 4.51
      vertex 15.175 6.10016 0.6
      vertex 15.4306 5.92938 0.6
    endloop
  endfacet
  facet normal 0.321424 -0.946935 0
    outer loop
      vertex 13.1007 6.23612 0.6
      vertex 13.3918 6.33493 4.51
      vertex 13.1007 6.23612 4.51
    endloop
  endfacet
  facet normal 0.321424 -0.946935 0
    outer loop
      vertex 13.3918 6.33493 4.51
      vertex 13.1007 6.23612 0.6
      vertex 13.3918 6.33493 0.6
    endloop
  endfacet
  facet normal 0.99786 -0.0653876 0
    outer loop
      vertex 11.65 4.065 4.51
      vertex 11.6701 4.37174 0.6
      vertex 11.6701 4.37174 4.51
    endloop
  endfacet
  facet normal 0.99786 -0.0653876 0
    outer loop
      vertex 11.6701 4.37174 0.6
      vertex 11.65 4.065 4.51
      vertex 11.65 4.065 0.6
    endloop
  endfacet
  facet normal 0.896944 0.442144 0
    outer loop
      vertex 11.9648 2.89 4.51
      vertex 11.8289 3.16569 0.6
      vertex 11.8289 3.16569 4.51
    endloop
  endfacet
  facet normal 0.896944 0.442144 0
    outer loop
      vertex 11.8289 3.16569 0.6
      vertex 11.9648 2.89 4.51
      vertex 11.9648 2.89 0.6
    endloop
  endfacet
  facet normal 0.442288 0.896873 -0
    outer loop
      vertex 13.1007 1.89388 0.6
      vertex 12.825 2.02984 4.51
      vertex 13.1007 1.89388 4.51
    endloop
  endfacet
  facet normal 0.442288 0.896873 0
    outer loop
      vertex 12.825 2.02984 4.51
      vertex 13.1007 1.89388 0.6
      vertex 12.825 2.02984 0.6
    endloop
  endfacet
  facet normal -0.659366 0.751822 0
    outer loop
      vertex 15.6617 2.4033 0.6
      vertex 15.4306 2.20062 4.51
      vertex 15.6617 2.4033 4.51
    endloop
  endfacet
  facet normal -0.659366 0.751822 0
    outer loop
      vertex 15.4306 2.20062 4.51
      vertex 15.6617 2.4033 0.6
      vertex 15.4306 2.20062 0.6
    endloop
  endfacet
  facet normal 0.831439 0.555616 0
    outer loop
      vertex 12.1356 2.63441 4.51
      vertex 11.9648 2.89 0.6
      vertex 11.9648 2.89 4.51
    endloop
  endfacet
  facet normal 0.831439 0.555616 0
    outer loop
      vertex 11.9648 2.89 0.6
      vertex 12.1356 2.63441 4.51
      vertex 12.1356 2.63441 0.6
    endloop
  endfacet
  facet normal 0.0474684 -0.706236 0.706383
    outer loop
      vertex 13.6933 6.3949 4.51
      vertex 13.6354 6.88111 5
      vertex 13.6293 6.8807 5
    endloop
  endfacet
  facet normal 0.0462913 -0.706345 0.706352
    outer loop
      vertex 13.6354 6.88111 5
      vertex 13.6933 6.3949 4.51
      vertex 14 6.415 4.51
    endloop
  endfacet
  facet normal -0.393259 0.588577 0.706346
    outer loop
      vertex 15.175 2.02984 4.51
      vertex 15.4251 1.6089 5
      vertex 15.4306 2.20062 4.51
    endloop
  endfacet
  facet normal -0.393456 0.588453 0.70634
    outer loop
      vertex 15.4251 1.6089 5
      vertex 15.175 2.02984 4.51
      vertex 15.42 1.60549 5
    endloop
  endfacet
  facet normal -0.706348 -0.0463071 0.706348
    outer loop
      vertex 16.84 4.065 5
      vertex 16.8161 4.42956 5
      vertex 16.35 4.065 4.51
    endloop
  endfacet
  facet normal -0.706375 -0.046093 0.706336
    outer loop
      vertex 16.3299 4.37174 4.51
      vertex 16.8161 4.42956 5
      vertex 16.8157 4.43569 5
    endloop
  endfacet
  facet normal -0.706357 -0.046286 0.706341
    outer loop
      vertex 16.8161 4.42956 5
      vertex 16.3299 4.37174 4.51
      vertex 16.35 4.065 4.51
    endloop
  endfacet
  facet normal -0.694254 0.138142 0.706349
    outer loop
      vertex 16.7432 3.32995 5
      vertex 16.8145 3.68828 5
      vertex 16.2699 3.45678 4.51
    endloop
  endfacet
  facet normal 0.466727 -0.532172 0.70637
    outer loop
      vertex 11.9964 6.07724 5
      vertex 12.3383 5.7267 4.51
      vertex 12.5694 5.92938 4.51
    endloop
  endfacet
  facet normal 0.468362 -0.530657 0.706428
    outer loop
      vertex 12.3383 5.7267 4.51
      vertex 11.9964 6.07724 5
      vertex 11.9918 6.07318 5
    endloop
  endfacet
  facet normal 0.138098 0.694268 0.706343
    outer loop
      vertex 13.6233 1.2505 5
      vertex 13.3918 1.79507 4.51
      vertex 13.265 1.32177 5
    endloop
  endfacet
  facet normal 0.466727 0.532172 0.70637
    outer loop
      vertex 12.3383 2.4033 4.51
      vertex 11.9964 2.05276 5
      vertex 12.5694 2.20062 4.51
    endloop
  endfacet
  facet normal 0.468362 0.530657 0.706428
    outer loop
      vertex 11.9964 2.05276 5
      vertex 12.3383 2.4033 4.51
      vertex 11.9918 2.05682 5
    endloop
  endfacet
  facet normal -0.466698 0.532223 0.706351
    outer loop
      vertex 15.7289 1.81188 5
      vertex 16.0036 2.05276 5
      vertex 15.4306 2.20062 4.51
    endloop
  endfacet
  facet normal 0.227526 0.670305 0.706345
    outer loop
      vertex 13.1007 1.89388 4.51
      vertex 12.919 1.43921 5
      vertex 13.3918 1.79507 4.51
    endloop
  endfacet
  facet normal 0.227656 0.670257 0.706349
    outer loop
      vertex 12.919 1.43921 5
      vertex 13.1007 1.89388 4.51
      vertex 12.9132 1.44118 5
    endloop
  endfacet
  facet normal 0.0462827 0.706349 0.706349
    outer loop
      vertex 14 1.225 5
      vertex 14 1.715 4.51
      vertex 13.6354 1.24889 5
    endloop
  endfacet
  facet normal 0.694258 0.13817 0.706339
    outer loop
      vertex 11.6701 3.75826 4.51
      vertex 11.1855 3.68828 5
      vertex 11.7301 3.45678 4.51
    endloop
  endfacet
  facet normal 0.694259 0.138161 0.70634
    outer loop
      vertex 11.1855 3.68828 5
      vertex 11.6701 3.75826 4.51
      vertex 11.1843 3.69431 5
    endloop
  endfacet
  facet normal -0.706357 0.046286 0.706341
    outer loop
      vertex 16.3299 3.75826 4.51
      vertex 16.8161 3.70044 5
      vertex 16.35 4.065 4.51
    endloop
  endfacet
  facet normal -0.706375 0.046093 0.706336
    outer loop
      vertex 16.8161 3.70044 5
      vertex 16.3299 3.75826 4.51
      vertex 16.8157 3.69431 5
    endloop
  endfacet
  facet normal -0.0474684 -0.706236 0.706383
    outer loop
      vertex 14.3646 6.88111 5
      vertex 14.3067 6.3949 4.51
      vertex 14.3707 6.8807 5
    endloop
  endfacet
  facet normal -0.0462913 -0.706345 0.706352
    outer loop
      vertex 14.3067 6.3949 4.51
      vertex 14.3646 6.88111 5
      vertex 14 6.415 4.51
    endloop
  endfacet
  facet normal -0.313061 0.634879 0.706344
    outer loop
      vertex 15.0868 1.44118 5
      vertex 15.4145 1.60277 5
      vertex 14.8993 1.89388 4.51
    endloop
  endfacet
  facet normal -0.706348 0.0463071 0.706348
    outer loop
      vertex 16.8161 3.70044 5
      vertex 16.84 4.065 5
      vertex 16.35 4.065 4.51
    endloop
  endfacet
  facet normal 0.532189 0.466768 0.70633
    outer loop
      vertex 11.9878 2.06144 5
      vertex 12.3383 2.4033 4.51
      vertex 12.1356 2.63441 4.51
    endloop
  endfacet
  facet normal 0.535265 0.463433 0.706203
    outer loop
      vertex 12.3383 2.4033 4.51
      vertex 11.9878 2.06144 5
      vertex 11.9918 2.05682 5
    endloop
  endfacet
  facet normal 0.227518 0.670311 0.706342
    outer loop
      vertex 13.265 1.32177 5
      vertex 13.3918 1.79507 4.51
      vertex 12.919 1.43921 5
    endloop
  endfacet
  facet normal 0.588564 0.393319 0.706323
    outer loop
      vertex 11.7469 2.33612 5
      vertex 12.1356 2.63441 4.51
      vertex 11.5439 2.63989 5
    endloop
  endfacet
  facet normal -0.138098 0.694268 0.706343
    outer loop
      vertex 14.735 1.32177 5
      vertex 14.6082 1.79507 4.51
      vertex 14.3767 1.2505 5
    endloop
  endfacet
  facet normal 0.393456 -0.588453 0.70634
    outer loop
      vertex 12.5749 6.5211 5
      vertex 12.825 6.10016 4.51
      vertex 12.58 6.52451 5
    endloop
  endfacet
  facet normal 0.393259 -0.588577 0.706346
    outer loop
      vertex 12.825 6.10016 4.51
      vertex 12.5749 6.5211 5
      vertex 12.5694 5.92938 4.51
    endloop
  endfacet
  facet normal -0.313784 0.63449 0.706373
    outer loop
      vertex 15.175 2.02984 4.51
      vertex 15.4145 1.60277 5
      vertex 15.42 1.60549 5
    endloop
  endfacet
  facet normal -0.313078 0.634861 0.706352
    outer loop
      vertex 15.4145 1.60277 5
      vertex 15.175 2.02984 4.51
      vertex 14.8993 1.89388 4.51
    endloop
  endfacet
  facet normal 0.393251 -0.588579 0.706349
    outer loop
      vertex 12.5694 5.92938 4.51
      vertex 12.5749 6.5211 5
      vertex 12.2711 6.31812 5
    endloop
  endfacet
  facet normal -0.670293 0.227507 0.706363
    outer loop
      vertex 16.1711 3.16569 4.51
      vertex 16.6258 2.984 5
      vertex 16.2699 3.45678 4.51
    endloop
  endfacet
  facet normal -0.669362 0.230021 0.706431
    outer loop
      vertex 16.6258 2.984 5
      vertex 16.1711 3.16569 4.51
      vertex 16.6238 2.97818 5
    endloop
  endfacet
  facet normal 0.0463137 0.706336 0.70636
    outer loop
      vertex 13.6933 1.73511 4.51
      vertex 13.6354 1.24889 5
      vertex 14 1.715 4.51
    endloop
  endfacet
  facet normal 0.0474679 0.706229 0.70639
    outer loop
      vertex 13.6354 1.24889 5
      vertex 13.6933 1.73511 4.51
      vertex 13.6293 1.2493 5
    endloop
  endfacet
  facet normal 0.313061 0.634879 0.706344
    outer loop
      vertex 12.9132 1.44118 5
      vertex 13.1007 1.89388 4.51
      vertex 12.5855 1.60277 5
    endloop
  endfacet
  facet normal -0.634858 0.313099 0.706346
    outer loop
      vertex 16.4622 2.65051 5
      vertex 16.6238 2.97818 5
      vertex 16.1711 3.16569 4.51
    endloop
  endfacet
  facet normal 0.669362 -0.230021 0.706431
    outer loop
      vertex 11.3742 5.146 5
      vertex 11.8289 4.96431 4.51
      vertex 11.3762 5.15182 5
    endloop
  endfacet
  facet normal 0.670293 -0.227507 0.706363
    outer loop
      vertex 11.8289 4.96431 4.51
      vertex 11.3742 5.146 5
      vertex 11.7301 4.67322 4.51
    endloop
  endfacet
  facet normal 0.532208 0.466757 0.706323
    outer loop
      vertex 11.9878 2.06144 5
      vertex 12.1356 2.63441 4.51
      vertex 11.7469 2.33612 5
    endloop
  endfacet
  facet normal -0.694259 0.138161 0.70634
    outer loop
      vertex 16.3299 3.75826 4.51
      vertex 16.8145 3.68828 5
      vertex 16.8157 3.69431 5
    endloop
  endfacet
  facet normal -0.694258 0.13817 0.706339
    outer loop
      vertex 16.8145 3.68828 5
      vertex 16.3299 3.75826 4.51
      vertex 16.2699 3.45678 4.51
    endloop
  endfacet
  facet normal -0.466698 -0.532223 0.706351
    outer loop
      vertex 16.0036 6.07724 5
      vertex 15.7289 6.31812 5
      vertex 15.4306 5.92938 4.51
    endloop
  endfacet
  facet normal 0.706348 0.0463071 0.706348
    outer loop
      vertex 11.1839 3.70044 5
      vertex 11.65 4.065 4.51
      vertex 11.16 4.065 5
    endloop
  endfacet
  facet normal 0.588566 -0.393314 0.706325
    outer loop
      vertex 11.5439 5.49011 5
      vertex 11.9648 5.24 4.51
      vertex 12.1356 5.49559 4.51
    endloop
  endfacet
  facet normal 0.589322 -0.392113 0.706362
    outer loop
      vertex 11.9648 5.24 4.51
      vertex 11.5439 5.49011 5
      vertex 11.5405 5.485 5
    endloop
  endfacet
  facet normal -0.670317 0.227476 0.70635
    outer loop
      vertex 16.6258 2.984 5
      vertex 16.7432 3.32995 5
      vertex 16.2699 3.45678 4.51
    endloop
  endfacet
  facet normal 0.466698 0.532223 0.706351
    outer loop
      vertex 12.2711 1.81188 5
      vertex 12.5694 2.20062 4.51
      vertex 11.9964 2.05276 5
    endloop
  endfacet
  facet normal 0.706348 -0.0463071 0.706348
    outer loop
      vertex 11.65 4.065 4.51
      vertex 11.1839 4.42956 5
      vertex 11.16 4.065 5
    endloop
  endfacet
  facet normal -0.393456 -0.588453 0.70634
    outer loop
      vertex 15.175 6.10016 4.51
      vertex 15.4251 6.5211 5
      vertex 15.42 6.52451 5
    endloop
  endfacet
  facet normal -0.393259 -0.588577 0.706346
    outer loop
      vertex 15.4251 6.5211 5
      vertex 15.175 6.10016 4.51
      vertex 15.4306 5.92938 4.51
    endloop
  endfacet
  facet normal 0.138828 -0.694142 0.706324
    outer loop
      vertex 13.6233 6.8795 5
      vertex 13.6933 6.3949 4.51
      vertex 13.6293 6.8807 5
    endloop
  endfacet
  facet normal 0.138094 -0.694268 0.706344
    outer loop
      vertex 13.6933 6.3949 4.51
      vertex 13.6233 6.8795 5
      vertex 13.3918 6.33493 4.51
    endloop
  endfacet
  facet normal -0.13807 0.694265 0.706352
    outer loop
      vertex 14.3067 1.73511 4.51
      vertex 14.3767 1.2505 5
      vertex 14.6082 1.79507 4.51
    endloop
  endfacet
  facet normal -0.138827 0.694135 0.706332
    outer loop
      vertex 14.3767 1.2505 5
      vertex 14.3067 1.73511 4.51
      vertex 14.3707 1.2493 5
    endloop
  endfacet
  facet normal -0.532189 0.466768 0.70633
    outer loop
      vertex 15.6617 2.4033 4.51
      vertex 16.0122 2.06144 5
      vertex 15.8644 2.63441 4.51
    endloop
  endfacet
  facet normal -0.535265 0.463433 0.706203
    outer loop
      vertex 16.0122 2.06144 5
      vertex 15.6617 2.4033 4.51
      vertex 16.0082 2.05682 5
    endloop
  endfacet
  facet normal -0.393251 0.588579 0.706349
    outer loop
      vertex 15.7289 1.81188 5
      vertex 15.4306 2.20062 4.51
      vertex 15.4251 1.6089 5
    endloop
  endfacet
  facet normal -0.138828 -0.694142 0.706324
    outer loop
      vertex 14.3067 6.3949 4.51
      vertex 14.3767 6.8795 5
      vertex 14.3707 6.8807 5
    endloop
  endfacet
  facet normal -0.138094 -0.694268 0.706344
    outer loop
      vertex 14.3767 6.8795 5
      vertex 14.3067 6.3949 4.51
      vertex 14.6082 6.33493 4.51
    endloop
  endfacet
  facet normal -0.468362 0.530657 0.706428
    outer loop
      vertex 15.6617 2.4033 4.51
      vertex 16.0036 2.05276 5
      vertex 16.0082 2.05682 5
    endloop
  endfacet
  facet normal -0.466727 0.532172 0.70637
    outer loop
      vertex 16.0036 2.05276 5
      vertex 15.6617 2.4033 4.51
      vertex 15.4306 2.20062 4.51
    endloop
  endfacet
  facet normal 0.393251 0.588579 0.706349
    outer loop
      vertex 12.5749 1.6089 5
      vertex 12.5694 2.20062 4.51
      vertex 12.2711 1.81188 5
    endloop
  endfacet
  facet normal -0.0462827 0.706349 0.706349
    outer loop
      vertex 14.3646 1.24889 5
      vertex 14 1.715 4.51
      vertex 14 1.225 5
    endloop
  endfacet
  facet normal 0.670317 0.227476 0.70635
    outer loop
      vertex 11.3742 2.984 5
      vertex 11.7301 3.45678 4.51
      vertex 11.2568 3.32995 5
    endloop
  endfacet
  facet normal -0.532208 0.466757 0.706323
    outer loop
      vertex 16.0122 2.06144 5
      vertex 16.2531 2.33612 5
      vertex 15.8644 2.63441 4.51
    endloop
  endfacet
  facet normal -0.227518 0.670311 0.706342
    outer loop
      vertex 14.735 1.32177 5
      vertex 15.081 1.43921 5
      vertex 14.6082 1.79507 4.51
    endloop
  endfacet
  facet normal -0.0462827 -0.706349 0.706349
    outer loop
      vertex 14.3646 6.88111 5
      vertex 14 6.905 5
      vertex 14 6.415 4.51
    endloop
  endfacet
  facet normal 0.670317 -0.227476 0.70635
    outer loop
      vertex 11.7301 4.67322 4.51
      vertex 11.3742 5.146 5
      vertex 11.2568 4.80005 5
    endloop
  endfacet
  facet normal 0.694258 -0.13817 0.706339
    outer loop
      vertex 11.1855 4.44172 5
      vertex 11.6701 4.37174 4.51
      vertex 11.7301 4.67322 4.51
    endloop
  endfacet
  facet normal 0.694259 -0.138161 0.70634
    outer loop
      vertex 11.6701 4.37174 4.51
      vertex 11.1855 4.44172 5
      vertex 11.1843 4.43569 5
    endloop
  endfacet
  facet normal -0.0474679 0.706229 0.70639
    outer loop
      vertex 14.3067 1.73511 4.51
      vertex 14.3646 1.24889 5
      vertex 14.3707 1.2493 5
    endloop
  endfacet
  facet normal -0.0463137 0.706336 0.70636
    outer loop
      vertex 14.3646 1.24889 5
      vertex 14.3067 1.73511 4.51
      vertex 14 1.715 4.51
    endloop
  endfacet
  facet normal -0.313061 -0.634879 0.706344
    outer loop
      vertex 15.4145 6.52723 5
      vertex 15.0868 6.68882 5
      vertex 14.8993 6.23612 4.51
    endloop
  endfacet
  facet normal 0.313061 -0.634879 0.706344
    outer loop
      vertex 13.1007 6.23612 4.51
      vertex 12.9132 6.68882 5
      vertex 12.5855 6.52723 5
    endloop
  endfacet
  facet normal 0.535265 -0.463433 0.706203
    outer loop
      vertex 11.9878 6.06856 5
      vertex 12.3383 5.7267 4.51
      vertex 11.9918 6.07318 5
    endloop
  endfacet
  facet normal 0.532189 -0.466768 0.70633
    outer loop
      vertex 12.3383 5.7267 4.51
      vertex 11.9878 6.06856 5
      vertex 12.1356 5.49559 4.51
    endloop
  endfacet
  facet normal 0.634958 0.312999 0.7063
    outer loop
      vertex 11.5378 2.65051 5
      vertex 11.9648 2.89 4.51
      vertex 11.8289 3.16569 4.51
    endloop
  endfacet
  facet normal 0.635735 0.311521 0.706255
    outer loop
      vertex 11.9648 2.89 4.51
      vertex 11.5378 2.65051 5
      vertex 11.5405 2.645 5
    endloop
  endfacet
  facet normal 0.706357 0.046286 0.706341
    outer loop
      vertex 11.1839 3.70044 5
      vertex 11.6701 3.75826 4.51
      vertex 11.65 4.065 4.51
    endloop
  endfacet
  facet normal 0.706375 0.046093 0.706336
    outer loop
      vertex 11.6701 3.75826 4.51
      vertex 11.1839 3.70044 5
      vertex 11.1843 3.69431 5
    endloop
  endfacet
  facet normal 0.670293 0.227507 0.706363
    outer loop
      vertex 11.3742 2.984 5
      vertex 11.8289 3.16569 4.51
      vertex 11.7301 3.45678 4.51
    endloop
  endfacet
  facet normal 0.669362 0.230021 0.706431
    outer loop
      vertex 11.8289 3.16569 4.51
      vertex 11.3742 2.984 5
      vertex 11.3762 2.97818 5
    endloop
  endfacet
  facet normal -0.589322 -0.392113 0.706362
    outer loop
      vertex 16.4561 5.49011 5
      vertex 16.0352 5.24 4.51
      vertex 16.4595 5.485 5
    endloop
  endfacet
  facet normal -0.588566 -0.393314 0.706325
    outer loop
      vertex 16.0352 5.24 4.51
      vertex 16.4561 5.49011 5
      vertex 15.8644 5.49559 4.51
    endloop
  endfacet
  facet normal 0.634858 0.313099 0.706346
    outer loop
      vertex 11.5378 2.65051 5
      vertex 11.8289 3.16569 4.51
      vertex 11.3762 2.97818 5
    endloop
  endfacet
  facet normal 0.588566 0.393314 0.706325
    outer loop
      vertex 11.9648 2.89 4.51
      vertex 11.5439 2.63989 5
      vertex 12.1356 2.63441 4.51
    endloop
  endfacet
  facet normal 0.589322 0.392113 0.706362
    outer loop
      vertex 11.5439 2.63989 5
      vertex 11.9648 2.89 4.51
      vertex 11.5405 2.645 5
    endloop
  endfacet
  facet normal 0.694254 -0.138142 0.706349
    outer loop
      vertex 11.7301 4.67322 4.51
      vertex 11.2568 4.80005 5
      vertex 11.1855 4.44172 5
    endloop
  endfacet
  facet normal -0.138098 -0.694268 0.706343
    outer loop
      vertex 14.6082 6.33493 4.51
      vertex 14.735 6.80823 5
      vertex 14.3767 6.8795 5
    endloop
  endfacet
  facet normal -0.227656 0.670257 0.706349
    outer loop
      vertex 14.8993 1.89388 4.51
      vertex 15.081 1.43921 5
      vertex 15.0868 1.44118 5
    endloop
  endfacet
  facet normal -0.227526 0.670305 0.706345
    outer loop
      vertex 15.081 1.43921 5
      vertex 14.8993 1.89388 4.51
      vertex 14.6082 1.79507 4.51
    endloop
  endfacet
  facet normal -0.227518 -0.670311 0.706342
    outer loop
      vertex 15.081 6.69079 5
      vertex 14.735 6.80823 5
      vertex 14.6082 6.33493 4.51
    endloop
  endfacet
  facet normal 0.706375 -0.046093 0.706336
    outer loop
      vertex 11.1839 4.42956 5
      vertex 11.6701 4.37174 4.51
      vertex 11.1843 4.43569 5
    endloop
  endfacet
  facet normal 0.706357 -0.046286 0.706341
    outer loop
      vertex 11.6701 4.37174 4.51
      vertex 11.1839 4.42956 5
      vertex 11.65 4.065 4.51
    endloop
  endfacet
  facet normal -0.634858 -0.313099 0.706346
    outer loop
      vertex 16.6238 5.15182 5
      vertex 16.4622 5.47949 5
      vertex 16.1711 4.96431 4.51
    endloop
  endfacet
  facet normal 0.694254 0.138142 0.706349
    outer loop
      vertex 11.2568 3.32995 5
      vertex 11.7301 3.45678 4.51
      vertex 11.1855 3.68828 5
    endloop
  endfacet
  facet normal 0.138827 0.694135 0.706332
    outer loop
      vertex 13.6933 1.73511 4.51
      vertex 13.6233 1.2505 5
      vertex 13.6293 1.2493 5
    endloop
  endfacet
  facet normal 0.13807 0.694265 0.706352
    outer loop
      vertex 13.6233 1.2505 5
      vertex 13.6933 1.73511 4.51
      vertex 13.3918 1.79507 4.51
    endloop
  endfacet
  facet normal 0.588564 -0.393319 0.706323
    outer loop
      vertex 12.1356 5.49559 4.51
      vertex 11.7469 5.79388 5
      vertex 11.5439 5.49011 5
    endloop
  endfacet
  facet normal 0.0462827 -0.706349 0.706349
    outer loop
      vertex 14 6.415 4.51
      vertex 14 6.905 5
      vertex 13.6354 6.88111 5
    endloop
  endfacet
  facet normal -0.588564 -0.393319 0.706323
    outer loop
      vertex 16.4561 5.49011 5
      vertex 16.2531 5.79388 5
      vertex 15.8644 5.49559 4.51
    endloop
  endfacet
  facet normal -0.588564 0.393319 0.706323
    outer loop
      vertex 16.2531 2.33612 5
      vertex 16.4561 2.63989 5
      vertex 15.8644 2.63441 4.51
    endloop
  endfacet
  facet normal -0.227656 -0.670257 0.706349
    outer loop
      vertex 15.081 6.69079 5
      vertex 14.8993 6.23612 4.51
      vertex 15.0868 6.68882 5
    endloop
  endfacet
  facet normal -0.227526 -0.670305 0.706345
    outer loop
      vertex 14.8993 6.23612 4.51
      vertex 15.081 6.69079 5
      vertex 14.6082 6.33493 4.51
    endloop
  endfacet
  facet normal -0.589322 0.392113 0.706362
    outer loop
      vertex 16.0352 2.89 4.51
      vertex 16.4561 2.63989 5
      vertex 16.4595 2.645 5
    endloop
  endfacet
  facet normal -0.588566 0.393314 0.706325
    outer loop
      vertex 16.4561 2.63989 5
      vertex 16.0352 2.89 4.51
      vertex 15.8644 2.63441 4.51
    endloop
  endfacet
  facet normal 0.635735 -0.311521 0.706255
    outer loop
      vertex 11.5378 5.47949 5
      vertex 11.9648 5.24 4.51
      vertex 11.5405 5.485 5
    endloop
  endfacet
  facet normal 0.634958 -0.312999 0.7063
    outer loop
      vertex 11.9648 5.24 4.51
      vertex 11.5378 5.47949 5
      vertex 11.8289 4.96431 4.51
    endloop
  endfacet
  facet normal 0.634858 -0.313099 0.706346
    outer loop
      vertex 11.8289 4.96431 4.51
      vertex 11.5378 5.47949 5
      vertex 11.3762 5.15182 5
    endloop
  endfacet
  facet normal -0.393251 -0.588579 0.706349
    outer loop
      vertex 15.4306 5.92938 4.51
      vertex 15.7289 6.31812 5
      vertex 15.4251 6.5211 5
    endloop
  endfacet
  facet normal -0.635735 -0.311521 0.706255
    outer loop
      vertex 16.0352 5.24 4.51
      vertex 16.4622 5.47949 5
      vertex 16.4595 5.485 5
    endloop
  endfacet
  facet normal -0.634958 -0.312999 0.7063
    outer loop
      vertex 16.4622 5.47949 5
      vertex 16.0352 5.24 4.51
      vertex 16.1711 4.96431 4.51
    endloop
  endfacet
  facet normal -0.468362 -0.530657 0.706428
    outer loop
      vertex 16.0036 6.07724 5
      vertex 15.6617 5.7267 4.51
      vertex 16.0082 6.07318 5
    endloop
  endfacet
  facet normal -0.466727 -0.532172 0.70637
    outer loop
      vertex 15.6617 5.7267 4.51
      vertex 16.0036 6.07724 5
      vertex 15.4306 5.92938 4.51
    endloop
  endfacet
  facet normal 0.313078 0.634861 0.706352
    outer loop
      vertex 12.825 2.02984 4.51
      vertex 12.5855 1.60277 5
      vertex 13.1007 1.89388 4.51
    endloop
  endfacet
  facet normal 0.313784 0.63449 0.706373
    outer loop
      vertex 12.5855 1.60277 5
      vertex 12.825 2.02984 4.51
      vertex 12.58 1.60549 5
    endloop
  endfacet
  facet normal 0.466698 -0.532223 0.706351
    outer loop
      vertex 12.5694 5.92938 4.51
      vertex 12.2711 6.31812 5
      vertex 11.9964 6.07724 5
    endloop
  endfacet
  facet normal 0.393456 0.588453 0.70634
    outer loop
      vertex 12.825 2.02984 4.51
      vertex 12.5749 1.6089 5
      vertex 12.58 1.60549 5
    endloop
  endfacet
  facet normal 0.393259 0.588577 0.706346
    outer loop
      vertex 12.5749 1.6089 5
      vertex 12.825 2.02984 4.51
      vertex 12.5694 2.20062 4.51
    endloop
  endfacet
  facet normal 0.227518 -0.670311 0.706342
    outer loop
      vertex 13.3918 6.33493 4.51
      vertex 13.265 6.80823 5
      vertex 12.919 6.69079 5
    endloop
  endfacet
  facet normal 0.138098 -0.694268 0.706343
    outer loop
      vertex 13.3918 6.33493 4.51
      vertex 13.6233 6.8795 5
      vertex 13.265 6.80823 5
    endloop
  endfacet
  facet normal 0.532208 -0.466757 0.706323
    outer loop
      vertex 12.1356 5.49559 4.51
      vertex 11.9878 6.06856 5
      vertex 11.7469 5.79388 5
    endloop
  endfacet
  facet normal -0.313784 -0.63449 0.706373
    outer loop
      vertex 15.4145 6.52723 5
      vertex 15.175 6.10016 4.51
      vertex 15.42 6.52451 5
    endloop
  endfacet
  facet normal -0.313078 -0.634861 0.706352
    outer loop
      vertex 15.175 6.10016 4.51
      vertex 15.4145 6.52723 5
      vertex 14.8993 6.23612 4.51
    endloop
  endfacet
  facet normal -0.669362 -0.230021 0.706431
    outer loop
      vertex 16.1711 4.96431 4.51
      vertex 16.6258 5.146 5
      vertex 16.6238 5.15182 5
    endloop
  endfacet
  facet normal -0.670293 -0.227507 0.706363
    outer loop
      vertex 16.6258 5.146 5
      vertex 16.1711 4.96431 4.51
      vertex 16.2699 4.67322 4.51
    endloop
  endfacet
  facet normal 0.227526 -0.670305 0.706345
    outer loop
      vertex 12.919 6.69079 5
      vertex 13.1007 6.23612 4.51
      vertex 13.3918 6.33493 4.51
    endloop
  endfacet
  facet normal 0.227656 -0.670257 0.706349
    outer loop
      vertex 13.1007 6.23612 4.51
      vertex 12.919 6.69079 5
      vertex 12.9132 6.68882 5
    endloop
  endfacet
  facet normal 0.313078 -0.634861 0.706352
    outer loop
      vertex 12.5855 6.52723 5
      vertex 12.825 6.10016 4.51
      vertex 13.1007 6.23612 4.51
    endloop
  endfacet
  facet normal 0.313784 -0.63449 0.706373
    outer loop
      vertex 12.825 6.10016 4.51
      vertex 12.5855 6.52723 5
      vertex 12.58 6.52451 5
    endloop
  endfacet
  facet normal -0.634958 0.312999 0.7063
    outer loop
      vertex 16.0352 2.89 4.51
      vertex 16.4622 2.65051 5
      vertex 16.1711 3.16569 4.51
    endloop
  endfacet
  facet normal -0.635735 0.311521 0.706255
    outer loop
      vertex 16.4622 2.65051 5
      vertex 16.0352 2.89 4.51
      vertex 16.4595 2.645 5
    endloop
  endfacet
  facet normal -0.535265 -0.463433 0.706203
    outer loop
      vertex 15.6617 5.7267 4.51
      vertex 16.0122 6.06856 5
      vertex 16.0082 6.07318 5
    endloop
  endfacet
  facet normal -0.532189 -0.466768 0.70633
    outer loop
      vertex 16.0122 6.06856 5
      vertex 15.6617 5.7267 4.51
      vertex 15.8644 5.49559 4.51
    endloop
  endfacet
  facet normal -0.532208 -0.466757 0.706323
    outer loop
      vertex 16.2531 5.79388 5
      vertex 16.0122 6.06856 5
      vertex 15.8644 5.49559 4.51
    endloop
  endfacet
  facet normal -0.670317 -0.227476 0.70635
    outer loop
      vertex 16.7432 4.80005 5
      vertex 16.6258 5.146 5
      vertex 16.2699 4.67322 4.51
    endloop
  endfacet
  facet normal -0.694254 -0.138142 0.706349
    outer loop
      vertex 16.8145 4.44172 5
      vertex 16.7432 4.80005 5
      vertex 16.2699 4.67322 4.51
    endloop
  endfacet
  facet normal -0.694259 -0.138161 0.70634
    outer loop
      vertex 16.8145 4.44172 5
      vertex 16.3299 4.37174 4.51
      vertex 16.8157 4.43569 5
    endloop
  endfacet
  facet normal -0.694258 -0.13817 0.706339
    outer loop
      vertex 16.3299 4.37174 4.51
      vertex 16.8145 4.44172 5
      vertex 16.2699 4.67322 4.51
    endloop
  endfacet
  facet normal -0.195178 -0.980768 0
    outer loop
      vertex 14.3067 68.1149 0.6
      vertex 14.6082 68.0549 4.51
      vertex 14.3067 68.1149 4.51
    endloop
  endfacet
  facet normal -0.195178 -0.980768 -0
    outer loop
      vertex 14.6082 68.0549 4.51
      vertex 14.3067 68.1149 0.6
      vertex 14.6082 68.0549 0.6
    endloop
  endfacet
  facet normal -0.980768 -0.195178 0
    outer loop
      vertex 16.3299 66.0917 0.6
      vertex 16.2699 66.3932 4.51
      vertex 16.2699 66.3932 0.6
    endloop
  endfacet
  facet normal -0.980768 -0.195178 0
    outer loop
      vertex 16.2699 66.3932 4.51
      vertex 16.3299 66.0917 0.6
      vertex 16.3299 66.0917 4.51
    endloop
  endfacet
  facet normal -0.997859 -0.0653961 0
    outer loop
      vertex 16.35 65.785 0.6
      vertex 16.3299 66.0917 4.51
      vertex 16.3299 66.0917 0.6
    endloop
  endfacet
  facet normal -0.997859 -0.0653961 0
    outer loop
      vertex 16.3299 66.0917 4.51
      vertex 16.35 65.785 0.6
      vertex 16.35 65.785 4.51
    endloop
  endfacet
  facet normal -0.946945 -0.321395 0
    outer loop
      vertex 16.2699 66.3932 0.6
      vertex 16.1711 66.6843 4.51
      vertex 16.1711 66.6843 0.6
    endloop
  endfacet
  facet normal -0.946945 -0.321395 0
    outer loop
      vertex 16.1711 66.6843 4.51
      vertex 16.2699 66.3932 0.6
      vertex 16.2699 66.3932 4.51
    endloop
  endfacet
  facet normal -0.831449 -0.555601 0
    outer loop
      vertex 16.0352 66.96 0.6
      vertex 15.8644 67.2156 4.51
      vertex 15.8644 67.2156 0.6
    endloop
  endfacet
  facet normal -0.831449 -0.555601 0
    outer loop
      vertex 15.8644 67.2156 4.51
      vertex 16.0352 66.96 0.6
      vertex 16.0352 66.96 4.51
    endloop
  endfacet
  facet normal -0.321395 -0.946945 0
    outer loop
      vertex 14.6082 68.0549 0.6
      vertex 14.8993 67.9561 4.51
      vertex 14.6082 68.0549 4.51
    endloop
  endfacet
  facet normal -0.321395 -0.946945 -0
    outer loop
      vertex 14.8993 67.9561 4.51
      vertex 14.6082 68.0549 0.6
      vertex 14.8993 67.9561 0.6
    endloop
  endfacet
  facet normal 0.980768 0.195178 0
    outer loop
      vertex 11.7301 65.1768 4.51
      vertex 11.6701 65.4783 0.6
      vertex 11.6701 65.4783 4.51
    endloop
  endfacet
  facet normal 0.980768 0.195178 0
    outer loop
      vertex 11.6701 65.4783 0.6
      vertex 11.7301 65.1768 4.51
      vertex 11.7301 65.1768 0.6
    endloop
  endfacet
  facet normal -0.997859 0.0653961 0
    outer loop
      vertex 16.3299 65.4783 0.6
      vertex 16.35 65.785 4.51
      vertex 16.35 65.785 0.6
    endloop
  endfacet
  facet normal -0.997859 0.0653961 0
    outer loop
      vertex 16.35 65.785 4.51
      vertex 16.3299 65.4783 0.6
      vertex 16.3299 65.4783 4.51
    endloop
  endfacet
  facet normal 0.997859 0.0653961 0
    outer loop
      vertex 11.6701 65.4783 4.51
      vertex 11.65 65.785 0.6
      vertex 11.65 65.785 4.51
    endloop
  endfacet
  facet normal 0.997859 0.0653961 0
    outer loop
      vertex 11.65 65.785 0.6
      vertex 11.6701 65.4783 4.51
      vertex 11.6701 65.4783 0.6
    endloop
  endfacet
  facet normal 0.321395 0.946945 -0
    outer loop
      vertex 13.3918 63.5151 0.6
      vertex 13.1007 63.6139 4.51
      vertex 13.3918 63.5151 4.51
    endloop
  endfacet
  facet normal 0.321395 0.946945 0
    outer loop
      vertex 13.1007 63.6139 4.51
      vertex 13.3918 63.5151 0.6
      vertex 13.1007 63.6139 0.6
    endloop
  endfacet
  facet normal -0.89695 -0.442131 0
    outer loop
      vertex 16.1711 66.6843 0.6
      vertex 16.0352 66.96 4.51
      vertex 16.0352 66.96 0.6
    endloop
  endfacet
  facet normal -0.89695 -0.442131 0
    outer loop
      vertex 16.0352 66.96 4.51
      vertex 16.1711 66.6843 0.6
      vertex 16.1711 66.6843 4.51
    endloop
  endfacet
  facet normal -0.75179 -0.659402 0
    outer loop
      vertex 15.8644 67.2156 0.6
      vertex 15.6617 67.4467 4.51
      vertex 15.6617 67.4467 0.6
    endloop
  endfacet
  facet normal -0.75179 -0.659402 0
    outer loop
      vertex 15.6617 67.4467 4.51
      vertex 15.8644 67.2156 0.6
      vertex 15.8644 67.2156 4.51
    endloop
  endfacet
  facet normal -0.946945 0.321395 0
    outer loop
      vertex 16.1711 64.8857 0.6
      vertex 16.2699 65.1768 4.51
      vertex 16.2699 65.1768 0.6
    endloop
  endfacet
  facet normal -0.946945 0.321395 0
    outer loop
      vertex 16.2699 65.1768 4.51
      vertex 16.1711 64.8857 0.6
      vertex 16.1711 64.8857 4.51
    endloop
  endfacet
  facet normal 0.75179 0.659402 0
    outer loop
      vertex 12.3383 64.1233 4.51
      vertex 12.1356 64.3544 0.6
      vertex 12.1356 64.3544 4.51
    endloop
  endfacet
  facet normal 0.75179 0.659402 0
    outer loop
      vertex 12.1356 64.3544 0.6
      vertex 12.3383 64.1233 4.51
      vertex 12.3383 64.1233 0.6
    endloop
  endfacet
  facet normal -0.980768 0.195178 0
    outer loop
      vertex 16.2699 65.1768 0.6
      vertex 16.3299 65.4783 4.51
      vertex 16.3299 65.4783 0.6
    endloop
  endfacet
  facet normal -0.980768 0.195178 0
    outer loop
      vertex 16.3299 65.4783 4.51
      vertex 16.2699 65.1768 0.6
      vertex 16.2699 65.1768 4.51
    endloop
  endfacet
  facet normal -0.0653961 0.997859 0
    outer loop
      vertex 14.3067 63.4551 0.6
      vertex 14 63.435 4.51
      vertex 14.3067 63.4551 4.51
    endloop
  endfacet
  facet normal -0.0653961 0.997859 0
    outer loop
      vertex 14 63.435 4.51
      vertex 14.3067 63.4551 0.6
      vertex 14 63.435 0.6
    endloop
  endfacet
  facet normal 0.946945 0.321395 0
    outer loop
      vertex 11.8289 64.8857 4.51
      vertex 11.7301 65.1768 0.6
      vertex 11.7301 65.1768 4.51
    endloop
  endfacet
  facet normal 0.946945 0.321395 0
    outer loop
      vertex 11.7301 65.1768 0.6
      vertex 11.8289 64.8857 4.51
      vertex 11.8289 64.8857 0.6
    endloop
  endfacet
  facet normal -0.831449 0.555601 0
    outer loop
      vertex 15.8644 64.3544 0.6
      vertex 16.0352 64.61 4.51
      vertex 16.0352 64.61 0.6
    endloop
  endfacet
  facet normal -0.831449 0.555601 0
    outer loop
      vertex 16.0352 64.61 4.51
      vertex 15.8644 64.3544 0.6
      vertex 15.8644 64.3544 4.51
    endloop
  endfacet
  facet normal -0.442131 -0.89695 0
    outer loop
      vertex 14.8993 67.9561 0.6
      vertex 15.175 67.8202 4.51
      vertex 14.8993 67.9561 4.51
    endloop
  endfacet
  facet normal -0.442131 -0.89695 -0
    outer loop
      vertex 15.175 67.8202 4.51
      vertex 14.8993 67.9561 0.6
      vertex 15.175 67.8202 0.6
    endloop
  endfacet
  facet normal 0.442131 -0.89695 0
    outer loop
      vertex 12.825 67.8202 0.6
      vertex 13.1007 67.9561 4.51
      vertex 12.825 67.8202 4.51
    endloop
  endfacet
  facet normal 0.442131 -0.89695 0
    outer loop
      vertex 13.1007 67.9561 4.51
      vertex 12.825 67.8202 0.6
      vertex 13.1007 67.9561 0.6
    endloop
  endfacet
  facet normal -0.442131 0.89695 0
    outer loop
      vertex 15.175 63.7498 0.6
      vertex 14.8993 63.6139 4.51
      vertex 15.175 63.7498 4.51
    endloop
  endfacet
  facet normal -0.442131 0.89695 0
    outer loop
      vertex 14.8993 63.6139 4.51
      vertex 15.175 63.7498 0.6
      vertex 14.8993 63.6139 0.6
    endloop
  endfacet
  facet normal -0.321395 0.946945 0
    outer loop
      vertex 14.8993 63.6139 0.6
      vertex 14.6082 63.5151 4.51
      vertex 14.8993 63.6139 4.51
    endloop
  endfacet
  facet normal -0.321395 0.946945 0
    outer loop
      vertex 14.6082 63.5151 4.51
      vertex 14.8993 63.6139 0.6
      vertex 14.6082 63.5151 0.6
    endloop
  endfacet
  facet normal 0.195178 0.980768 -0
    outer loop
      vertex 13.6933 63.4551 0.6
      vertex 13.3918 63.5151 4.51
      vertex 13.6933 63.4551 4.51
    endloop
  endfacet
  facet normal 0.195178 0.980768 0
    outer loop
      vertex 13.3918 63.5151 4.51
      vertex 13.6933 63.4551 0.6
      vertex 13.3918 63.5151 0.6
    endloop
  endfacet
  facet normal 0.946945 -0.321395 0
    outer loop
      vertex 11.7301 66.3932 4.51
      vertex 11.8289 66.6843 0.6
      vertex 11.8289 66.6843 4.51
    endloop
  endfacet
  facet normal 0.946945 -0.321395 0
    outer loop
      vertex 11.8289 66.6843 0.6
      vertex 11.7301 66.3932 4.51
      vertex 11.7301 66.3932 0.6
    endloop
  endfacet
  facet normal 0.195178 -0.980768 0
    outer loop
      vertex 13.3918 68.0549 0.6
      vertex 13.6933 68.1149 4.51
      vertex 13.3918 68.0549 4.51
    endloop
  endfacet
  facet normal 0.195178 -0.980768 0
    outer loop
      vertex 13.6933 68.1149 4.51
      vertex 13.3918 68.0549 0.6
      vertex 13.6933 68.1149 0.6
    endloop
  endfacet
  facet normal 0.555601 -0.831449 0
    outer loop
      vertex 12.5694 67.6494 0.6
      vertex 12.825 67.8202 4.51
      vertex 12.5694 67.6494 4.51
    endloop
  endfacet
  facet normal 0.555601 -0.831449 0
    outer loop
      vertex 12.825 67.8202 4.51
      vertex 12.5694 67.6494 0.6
      vertex 12.825 67.8202 0.6
    endloop
  endfacet
  facet normal -0.555601 0.831449 0
    outer loop
      vertex 15.4306 63.9206 0.6
      vertex 15.175 63.7498 4.51
      vertex 15.4306 63.9206 4.51
    endloop
  endfacet
  facet normal -0.555601 0.831449 0
    outer loop
      vertex 15.175 63.7498 4.51
      vertex 15.4306 63.9206 0.6
      vertex 15.175 63.7498 0.6
    endloop
  endfacet
  facet normal -0.195178 0.980768 0
    outer loop
      vertex 14.6082 63.5151 0.6
      vertex 14.3067 63.4551 4.51
      vertex 14.6082 63.5151 4.51
    endloop
  endfacet
  facet normal -0.195178 0.980768 0
    outer loop
      vertex 14.3067 63.4551 4.51
      vertex 14.6082 63.5151 0.6
      vertex 14.3067 63.4551 0.6
    endloop
  endfacet
  facet normal 0.89695 -0.442131 0
    outer loop
      vertex 11.8289 66.6843 4.51
      vertex 11.9648 66.96 0.6
      vertex 11.9648 66.96 4.51
    endloop
  endfacet
  facet normal 0.89695 -0.442131 0
    outer loop
      vertex 11.9648 66.96 0.6
      vertex 11.8289 66.6843 4.51
      vertex 11.8289 66.6843 0.6
    endloop
  endfacet
  facet normal 0.831449 -0.555601 0
    outer loop
      vertex 11.9648 66.96 4.51
      vertex 12.1356 67.2156 0.6
      vertex 12.1356 67.2156 4.51
    endloop
  endfacet
  facet normal 0.831449 -0.555601 0
    outer loop
      vertex 12.1356 67.2156 0.6
      vertex 11.9648 66.96 4.51
      vertex 11.9648 66.96 0.6
    endloop
  endfacet
  facet normal 0.0653961 0.997859 -0
    outer loop
      vertex 14 63.435 0.6
      vertex 13.6933 63.4551 4.51
      vertex 14 63.435 4.51
    endloop
  endfacet
  facet normal 0.0653961 0.997859 0
    outer loop
      vertex 13.6933 63.4551 4.51
      vertex 14 63.435 0.6
      vertex 13.6933 63.4551 0.6
    endloop
  endfacet
  facet normal 0.659402 -0.75179 0
    outer loop
      vertex 12.3383 67.4467 0.6
      vertex 12.5694 67.6494 4.51
      vertex 12.3383 67.4467 4.51
    endloop
  endfacet
  facet normal 0.659402 -0.75179 0
    outer loop
      vertex 12.5694 67.6494 4.51
      vertex 12.3383 67.4467 0.6
      vertex 12.5694 67.6494 0.6
    endloop
  endfacet
  facet normal 0.659402 0.75179 -0
    outer loop
      vertex 12.5694 63.9206 0.6
      vertex 12.3383 64.1233 4.51
      vertex 12.5694 63.9206 4.51
    endloop
  endfacet
  facet normal 0.659402 0.75179 0
    outer loop
      vertex 12.3383 64.1233 4.51
      vertex 12.5694 63.9206 0.6
      vertex 12.3383 64.1233 0.6
    endloop
  endfacet
  facet normal 0 0 1
    outer loop
      vertex 16.3299 66.0917 0.6
      vertex 16.3299 65.4783 0.6
      vertex 16.35 65.785 0.6
    endloop
  endfacet
  facet normal 0 0 1
    outer loop
      vertex 16.2699 66.3932 0.6
      vertex 16.3299 65.4783 0.6
      vertex 16.3299 66.0917 0.6
    endloop
  endfacet
  facet normal 0 0 1
    outer loop
      vertex 16.2699 66.3932 0.6
      vertex 16.2699 65.1768 0.6
      vertex 16.3299 65.4783 0.6
    endloop
  endfacet
  facet normal 0 0 1
    outer loop
      vertex 16.1711 66.6843 0.6
      vertex 16.2699 65.1768 0.6
      vertex 16.2699 66.3932 0.6
    endloop
  endfacet
  facet normal 0 0 1
    outer loop
      vertex 16.1711 66.6843 0.6
      vertex 16.1711 64.8857 0.6
      vertex 16.2699 65.1768 0.6
    endloop
  endfacet
  facet normal 0 0 1
    outer loop
      vertex 16.0352 66.96 0.6
      vertex 16.1711 64.8857 0.6
      vertex 16.1711 66.6843 0.6
    endloop
  endfacet
  facet normal 0 0 1
    outer loop
      vertex 16.0352 66.96 0.6
      vertex 16.0352 64.61 0.6
      vertex 16.1711 64.8857 0.6
    endloop
  endfacet
  facet normal 0 0 1
    outer loop
      vertex 15.8644 67.2156 0.6
      vertex 16.0352 64.61 0.6
      vertex 16.0352 66.96 0.6
    endloop
  endfacet
  facet normal 0 0 1
    outer loop
      vertex 15.8644 67.2156 0.6
      vertex 15.8644 64.3544 0.6
      vertex 16.0352 64.61 0.6
    endloop
  endfacet
  facet normal 0 0 1
    outer loop
      vertex 15.6617 67.4467 0.6
      vertex 15.8644 64.3544 0.6
      vertex 15.8644 67.2156 0.6
    endloop
  endfacet
  facet normal 0 0 1
    outer loop
      vertex 15.6617 67.4467 0.6
      vertex 15.6617 64.1233 0.6
      vertex 15.8644 64.3544 0.6
    endloop
  endfacet
  facet normal 0 0 1
    outer loop
      vertex 15.4306 67.6494 0.6
      vertex 15.6617 64.1233 0.6
      vertex 15.6617 67.4467 0.6
    endloop
  endfacet
  facet normal 0 0 1
    outer loop
      vertex 15.4306 67.6494 0.6
      vertex 15.4306 63.9206 0.6
      vertex 15.6617 64.1233 0.6
    endloop
  endfacet
  facet normal 0 0 1
    outer loop
      vertex 15.175 67.8202 0.6
      vertex 15.4306 63.9206 0.6
      vertex 15.4306 67.6494 0.6
    endloop
  endfacet
  facet normal 0 0 1
    outer loop
      vertex 15.175 67.8202 0.6
      vertex 15.175 63.7498 0.6
      vertex 15.4306 63.9206 0.6
    endloop
  endfacet
  facet normal 0 0 1
    outer loop
      vertex 14.8993 67.9561 0.6
      vertex 15.175 63.7498 0.6
      vertex 15.175 67.8202 0.6
    endloop
  endfacet
  facet normal 0 0 1
    outer loop
      vertex 14.8993 67.9561 0.6
      vertex 14.8993 63.6139 0.6
      vertex 15.175 63.7498 0.6
    endloop
  endfacet
  facet normal 0 0 1
    outer loop
      vertex 14.6082 68.0549 0.6
      vertex 14.8993 63.6139 0.6
      vertex 14.8993 67.9561 0.6
    endloop
  endfacet
  facet normal 0 0 1
    outer loop
      vertex 14.6082 68.0549 0.6
      vertex 14.6082 63.5151 0.6
      vertex 14.8993 63.6139 0.6
    endloop
  endfacet
  facet normal 0 0 1
    outer loop
      vertex 14.3067 68.1149 0.6
      vertex 14.6082 63.5151 0.6
      vertex 14.6082 68.0549 0.6
    endloop
  endfacet
  facet normal 0 0 1
    outer loop
      vertex 14.3067 68.1149 0.6
      vertex 14.3067 63.4551 0.6
      vertex 14.6082 63.5151 0.6
    endloop
  endfacet
  facet normal 0 0 1
    outer loop
      vertex 14 68.135 0.6
      vertex 14.3067 63.4551 0.6
      vertex 14.3067 68.1149 0.6
    endloop
  endfacet
  facet normal 0 0 1
    outer loop
      vertex 14 68.135 0.6
      vertex 14 63.435 0.6
      vertex 14.3067 63.4551 0.6
    endloop
  endfacet
  facet normal -0 0 1
    outer loop
      vertex 13.6933 68.1149 0.6
      vertex 14 63.435 0.6
      vertex 14 68.135 0.6
    endloop
  endfacet
  facet normal 0 0 1
    outer loop
      vertex 13.6933 68.1149 0.6
      vertex 13.6933 63.4551 0.6
      vertex 14 63.435 0.6
    endloop
  endfacet
  facet normal -0 0 1
    outer loop
      vertex 13.3918 68.0549 0.6
      vertex 13.6933 63.4551 0.6
      vertex 13.6933 68.1149 0.6
    endloop
  endfacet
  facet normal 0 0 1
    outer loop
      vertex 13.3918 68.0549 0.6
      vertex 13.3918 63.5151 0.6
      vertex 13.6933 63.4551 0.6
    endloop
  endfacet
  facet normal -0 0 1
    outer loop
      vertex 13.1007 67.9561 0.6
      vertex 13.3918 63.5151 0.6
      vertex 13.3918 68.0549 0.6
    endloop
  endfacet
  facet normal 0 0 1
    outer loop
      vertex 13.1007 67.9561 0.6
      vertex 13.1007 63.6139 0.6
      vertex 13.3918 63.5151 0.6
    endloop
  endfacet
  facet normal -0 0 1
    outer loop
      vertex 12.825 67.8202 0.6
      vertex 13.1007 63.6139 0.6
      vertex 13.1007 67.9561 0.6
    endloop
  endfacet
  facet normal 0 0 1
    outer loop
      vertex 12.825 67.8202 0.6
      vertex 12.825 63.7498 0.6
      vertex 13.1007 63.6139 0.6
    endloop
  endfacet
  facet normal -0 0 1
    outer loop
      vertex 12.5694 67.6494 0.6
      vertex 12.825 63.7498 0.6
      vertex 12.825 67.8202 0.6
    endloop
  endfacet
  facet normal 0 0 1
    outer loop
      vertex 12.5694 67.6494 0.6
      vertex 12.5694 63.9206 0.6
      vertex 12.825 63.7498 0.6
    endloop
  endfacet
  facet normal -0 0 1
    outer loop
      vertex 12.3383 67.4467 0.6
      vertex 12.5694 63.9206 0.6
      vertex 12.5694 67.6494 0.6
    endloop
  endfacet
  facet normal 0 0 1
    outer loop
      vertex 12.3383 67.4467 0.6
      vertex 12.3383 64.1233 0.6
      vertex 12.5694 63.9206 0.6
    endloop
  endfacet
  facet normal -0 0 1
    outer loop
      vertex 12.1356 67.2156 0.6
      vertex 12.3383 64.1233 0.6
      vertex 12.3383 67.4467 0.6
    endloop
  endfacet
  facet normal 0 0 1
    outer loop
      vertex 12.1356 67.2156 0.6
      vertex 12.1356 64.3544 0.6
      vertex 12.3383 64.1233 0.6
    endloop
  endfacet
  facet normal -0 0 1
    outer loop
      vertex 11.9648 66.96 0.6
      vertex 12.1356 64.3544 0.6
      vertex 12.1356 67.2156 0.6
    endloop
  endfacet
  facet normal 0 0 1
    outer loop
      vertex 11.9648 66.96 0.6
      vertex 11.9648 64.61 0.6
      vertex 12.1356 64.3544 0.6
    endloop
  endfacet
  facet normal -0 0 1
    outer loop
      vertex 11.8289 66.6843 0.6
      vertex 11.9648 64.61 0.6
      vertex 11.9648 66.96 0.6
    endloop
  endfacet
  facet normal 0 0 1
    outer loop
      vertex 11.8289 66.6843 0.6
      vertex 11.8289 64.8857 0.6
      vertex 11.9648 64.61 0.6
    endloop
  endfacet
  facet normal -0 0 1
    outer loop
      vertex 11.7301 66.3932 0.6
      vertex 11.8289 64.8857 0.6
      vertex 11.8289 66.6843 0.6
    endloop
  endfacet
  facet normal 0 0 1
    outer loop
      vertex 11.7301 66.3932 0.6
      vertex 11.7301 65.1768 0.6
      vertex 11.8289 64.8857 0.6
    endloop
  endfacet
  facet normal -0 0 1
    outer loop
      vertex 11.6701 66.0917 0.6
      vertex 11.7301 65.1768 0.6
      vertex 11.7301 66.3932 0.6
    endloop
  endfacet
  facet normal 0 0 1
    outer loop
      vertex 11.6701 66.0917 0.6
      vertex 11.6701 65.4783 0.6
      vertex 11.7301 65.1768 0.6
    endloop
  endfacet
  facet normal 0 -0 1
    outer loop
      vertex 11.6701 65.4783 0.6
      vertex 11.6701 66.0917 0.6
      vertex 11.65 65.785 0.6
    endloop
  endfacet
  facet normal 0.75179 -0.659402 0
    outer loop
      vertex 12.1356 67.2156 4.51
      vertex 12.3383 67.4467 0.6
      vertex 12.3383 67.4467 4.51
    endloop
  endfacet
  facet normal 0.75179 -0.659402 0
    outer loop
      vertex 12.3383 67.4467 0.6
      vertex 12.1356 67.2156 4.51
      vertex 12.1356 67.2156 0.6
    endloop
  endfacet
  facet normal -0.75179 0.659402 0
    outer loop
      vertex 15.6617 64.1233 0.6
      vertex 15.8644 64.3544 4.51
      vertex 15.8644 64.3544 0.6
    endloop
  endfacet
  facet normal -0.75179 0.659402 0
    outer loop
      vertex 15.8644 64.3544 4.51
      vertex 15.6617 64.1233 0.6
      vertex 15.6617 64.1233 4.51
    endloop
  endfacet
  facet normal -0.89695 0.442131 0
    outer loop
      vertex 16.0352 64.61 0.6
      vertex 16.1711 64.8857 4.51
      vertex 16.1711 64.8857 0.6
    endloop
  endfacet
  facet normal -0.89695 0.442131 0
    outer loop
      vertex 16.1711 64.8857 4.51
      vertex 16.0352 64.61 0.6
      vertex 16.0352 64.61 4.51
    endloop
  endfacet
  facet normal 0.555601 0.831449 -0
    outer loop
      vertex 12.825 63.7498 0.6
      vertex 12.5694 63.9206 4.51
      vertex 12.825 63.7498 4.51
    endloop
  endfacet
  facet normal 0.555601 0.831449 0
    outer loop
      vertex 12.5694 63.9206 4.51
      vertex 12.825 63.7498 0.6
      vertex 12.5694 63.9206 0.6
    endloop
  endfacet
  facet normal 0.980768 -0.195178 0
    outer loop
      vertex 11.6701 66.0917 4.51
      vertex 11.7301 66.3932 0.6
      vertex 11.7301 66.3932 4.51
    endloop
  endfacet
  facet normal 0.980768 -0.195178 0
    outer loop
      vertex 11.7301 66.3932 0.6
      vertex 11.6701 66.0917 4.51
      vertex 11.6701 66.0917 0.6
    endloop
  endfacet
  facet normal -0.0653961 -0.997859 0
    outer loop
      vertex 14 68.135 0.6
      vertex 14.3067 68.1149 4.51
      vertex 14 68.135 4.51
    endloop
  endfacet
  facet normal -0.0653961 -0.997859 -0
    outer loop
      vertex 14.3067 68.1149 4.51
      vertex 14 68.135 0.6
      vertex 14.3067 68.1149 0.6
    endloop
  endfacet
  facet normal -0.555601 -0.831449 0
    outer loop
      vertex 15.175 67.8202 0.6
      vertex 15.4306 67.6494 4.51
      vertex 15.175 67.8202 4.51
    endloop
  endfacet
  facet normal -0.555601 -0.831449 -0
    outer loop
      vertex 15.4306 67.6494 4.51
      vertex 15.175 67.8202 0.6
      vertex 15.4306 67.6494 0.6
    endloop
  endfacet
  facet normal 0.321395 -0.946945 0
    outer loop
      vertex 13.1007 67.9561 0.6
      vertex 13.3918 68.0549 4.51
      vertex 13.1007 67.9561 4.51
    endloop
  endfacet
  facet normal 0.321395 -0.946945 0
    outer loop
      vertex 13.3918 68.0549 4.51
      vertex 13.1007 67.9561 0.6
      vertex 13.3918 68.0549 0.6
    endloop
  endfacet
  facet normal 0.0653961 -0.997859 0
    outer loop
      vertex 13.6933 68.1149 0.6
      vertex 14 68.135 4.51
      vertex 13.6933 68.1149 4.51
    endloop
  endfacet
  facet normal 0.0653961 -0.997859 0
    outer loop
      vertex 14 68.135 4.51
      vertex 13.6933 68.1149 0.6
      vertex 14 68.135 0.6
    endloop
  endfacet
  facet normal 0.997859 -0.0653961 0
    outer loop
      vertex 11.65 65.785 4.51
      vertex 11.6701 66.0917 0.6
      vertex 11.6701 66.0917 4.51
    endloop
  endfacet
  facet normal 0.997859 -0.0653961 0
    outer loop
      vertex 11.6701 66.0917 0.6
      vertex 11.65 65.785 4.51
      vertex 11.65 65.785 0.6
    endloop
  endfacet
  facet normal -0.659402 -0.75179 0
    outer loop
      vertex 15.4306 67.6494 0.6
      vertex 15.6617 67.4467 4.51
      vertex 15.4306 67.6494 4.51
    endloop
  endfacet
  facet normal -0.659402 -0.75179 -0
    outer loop
      vertex 15.6617 67.4467 4.51
      vertex 15.4306 67.6494 0.6
      vertex 15.6617 67.4467 0.6
    endloop
  endfacet
  facet normal 0.89695 0.442131 0
    outer loop
      vertex 11.9648 64.61 4.51
      vertex 11.8289 64.8857 0.6
      vertex 11.8289 64.8857 4.51
    endloop
  endfacet
  facet normal 0.89695 0.442131 0
    outer loop
      vertex 11.8289 64.8857 0.6
      vertex 11.9648 64.61 4.51
      vertex 11.9648 64.61 0.6
    endloop
  endfacet
  facet normal 0.442131 0.89695 -0
    outer loop
      vertex 13.1007 63.6139 0.6
      vertex 12.825 63.7498 4.51
      vertex 13.1007 63.6139 4.51
    endloop
  endfacet
  facet normal 0.442131 0.89695 0
    outer loop
      vertex 12.825 63.7498 4.51
      vertex 13.1007 63.6139 0.6
      vertex 12.825 63.7498 0.6
    endloop
  endfacet
  facet normal -0.659402 0.75179 0
    outer loop
      vertex 15.6617 64.1233 0.6
      vertex 15.4306 63.9206 4.51
      vertex 15.6617 64.1233 4.51
    endloop
  endfacet
  facet normal -0.659402 0.75179 0
    outer loop
      vertex 15.4306 63.9206 4.51
      vertex 15.6617 64.1233 0.6
      vertex 15.4306 63.9206 0.6
    endloop
  endfacet
  facet normal 0.831449 0.555601 0
    outer loop
      vertex 12.1356 64.3544 4.51
      vertex 11.9648 64.61 0.6
      vertex 11.9648 64.61 4.51
    endloop
  endfacet
  facet normal 0.831449 0.555601 0
    outer loop
      vertex 11.9648 64.61 0.6
      vertex 12.1356 64.3544 4.51
      vertex 12.1356 64.3544 0.6
    endloop
  endfacet
  facet normal 0.046318 -0.70635 0.706346
    outer loop
      vertex 13.6933 68.1149 4.51
      vertex 13.6354 68.6011 5
      vertex 13.6293 68.6007 5
    endloop
  endfacet
  facet normal 0.0462918 -0.706353 0.706345
    outer loop
      vertex 13.6354 68.6011 5
      vertex 13.6933 68.1149 4.51
      vertex 14 68.135 4.51
    endloop
  endfacet
  facet normal -0.393305 0.588576 0.706321
    outer loop
      vertex 15.175 63.7498 4.51
      vertex 15.4251 63.3289 5
      vertex 15.4306 63.9206 4.51
    endloop
  endfacet
  facet normal -0.392657 0.588985 0.706341
    outer loop
      vertex 15.4251 63.3289 5
      vertex 15.175 63.7498 4.51
      vertex 15.42 63.3255 5
    endloop
  endfacet
  facet normal -0.706348 -0.046302 0.706348
    outer loop
      vertex 16.84 65.785 5
      vertex 16.8161 66.1496 5
      vertex 16.35 65.785 4.51
    endloop
  endfacet
  facet normal -0.70635 -0.046318 0.706346
    outer loop
      vertex 16.3299 66.0917 4.51
      vertex 16.8161 66.1496 5
      vertex 16.8157 66.1557 5
    endloop
  endfacet
  facet normal -0.706353 -0.0462918 0.706345
    outer loop
      vertex 16.8161 66.1496 5
      vertex 16.3299 66.0917 4.51
      vertex 16.35 65.785 4.51
    endloop
  endfacet
  facet normal -0.694255 0.138154 0.706345
    outer loop
      vertex 16.7432 65.05 5
      vertex 16.8145 65.4083 5
      vertex 16.2699 65.1768 4.51
    endloop
  endfacet
  facet normal 0.466767 -0.532165 0.706349
    outer loop
      vertex 11.9964 67.7972 5
      vertex 12.3383 67.4467 4.51
      vertex 12.5694 67.6494 4.51
    endloop
  endfacet
  facet normal 0.46454 -0.53422 0.706266
    outer loop
      vertex 12.3383 67.4467 4.51
      vertex 11.9964 67.7972 5
      vertex 11.9918 67.7932 5
    endloop
  endfacet
  facet normal 0.138154 0.694255 0.706345
    outer loop
      vertex 13.6233 62.9705 5
      vertex 13.3918 63.5151 4.51
      vertex 13.265 63.0418 5
    endloop
  endfacet
  facet normal 0.466767 0.532165 0.706349
    outer loop
      vertex 12.3383 64.1233 4.51
      vertex 11.9964 63.7728 5
      vertex 12.5694 63.9206 4.51
    endloop
  endfacet
  facet normal 0.46454 0.53422 0.706266
    outer loop
      vertex 11.9964 63.7728 5
      vertex 12.3383 64.1233 4.51
      vertex 11.9918 63.7768 5
    endloop
  endfacet
  facet normal -0.466734 0.532221 0.706329
    outer loop
      vertex 15.7289 63.5319 5
      vertex 16.0036 63.7728 5
      vertex 15.4306 63.9206 4.51
    endloop
  endfacet
  facet normal 0.227499 0.670293 0.706365
    outer loop
      vertex 13.1007 63.6139 4.51
      vertex 12.919 63.1592 5
      vertex 13.3918 63.5151 4.51
    endloop
  endfacet
  facet normal 0.230724 0.669098 0.706452
    outer loop
      vertex 12.919 63.1592 5
      vertex 13.1007 63.6139 4.51
      vertex 12.9132 63.1612 5
    endloop
  endfacet
  facet normal 0.046302 0.706348 0.706348
    outer loop
      vertex 14 62.945 5
      vertex 14 63.435 4.51
      vertex 13.6354 62.9689 5
    endloop
  endfacet
  facet normal 0.694256 0.13816 0.706343
    outer loop
      vertex 11.6701 65.4783 4.51
      vertex 11.1855 65.4083 5
      vertex 11.7301 65.1768 4.51
    endloop
  endfacet
  facet normal 0.694142 0.138828 0.706324
    outer loop
      vertex 11.1855 65.4083 5
      vertex 11.6701 65.4783 4.51
      vertex 11.1843 65.4143 5
    endloop
  endfacet
  facet normal -0.706353 0.0462918 0.706345
    outer loop
      vertex 16.3299 65.4783 4.51
      vertex 16.8161 65.4204 5
      vertex 16.35 65.785 4.51
    endloop
  endfacet
  facet normal -0.70635 0.046318 0.706346
    outer loop
      vertex 16.8161 65.4204 5
      vertex 16.3299 65.4783 4.51
      vertex 16.8157 65.4143 5
    endloop
  endfacet
  facet normal -0.0462918 -0.706353 0.706345
    outer loop
      vertex 14.3067 68.1149 4.51
      vertex 14.3646 68.6011 5
      vertex 14 68.135 4.51
    endloop
  endfacet
  facet normal -0.046318 -0.70635 0.706346
    outer loop
      vertex 14.3646 68.6011 5
      vertex 14.3067 68.1149 4.51
      vertex 14.3707 68.6007 5
    endloop
  endfacet
  facet normal -0.313077 0.634872 0.706343
    outer loop
      vertex 15.0868 63.1612 5
      vertex 15.4145 63.3228 5
      vertex 14.8993 63.6139 4.51
    endloop
  endfacet
  facet normal -0.706348 0.046302 0.706348
    outer loop
      vertex 16.8161 65.4204 5
      vertex 16.84 65.785 5
      vertex 16.35 65.785 4.51
    endloop
  endfacet
  facet normal 0.532165 0.466767 0.706349
    outer loop
      vertex 11.9878 63.7814 5
      vertex 12.3383 64.1233 4.51
      vertex 12.1356 64.3544 4.51
    endloop
  endfacet
  facet normal 0.53422 0.46454 0.706266
    outer loop
      vertex 12.3383 64.1233 4.51
      vertex 11.9878 63.7814 5
      vertex 11.9918 63.7768 5
    endloop
  endfacet
  facet normal 0.227448 0.670332 0.706344
    outer loop
      vertex 13.265 63.0418 5
      vertex 13.3918 63.5151 4.51
      vertex 12.919 63.1592 5
    endloop
  endfacet
  facet normal 0.58858 0.393291 0.706326
    outer loop
      vertex 11.7469 64.0561 5
      vertex 12.1356 64.3544 4.51
      vertex 11.5439 64.3599 5
    endloop
  endfacet
  facet normal -0.138154 0.694255 0.706345
    outer loop
      vertex 14.735 63.0418 5
      vertex 14.6082 63.5151 4.51
      vertex 14.3767 62.9705 5
    endloop
  endfacet
  facet normal 0.392657 -0.588985 0.706341
    outer loop
      vertex 12.5749 68.2411 5
      vertex 12.825 67.8202 4.51
      vertex 12.58 68.2445 5
    endloop
  endfacet
  facet normal 0.393305 -0.588576 0.706321
    outer loop
      vertex 12.825 67.8202 4.51
      vertex 12.5749 68.2411 5
      vertex 12.5694 67.6494 4.51
    endloop
  endfacet
  facet normal -0.31197 0.635495 0.706272
    outer loop
      vertex 15.175 63.7498 4.51
      vertex 15.4145 63.3228 5
      vertex 15.42 63.3255 5
    endloop
  endfacet
  facet normal -0.312989 0.63496 0.706303
    outer loop
      vertex 15.4145 63.3228 5
      vertex 15.175 63.7498 4.51
      vertex 14.8993 63.6139 4.51
    endloop
  endfacet
  facet normal 0.393291 -0.58858 0.706326
    outer loop
      vertex 12.5694 67.6494 4.51
      vertex 12.5749 68.2411 5
      vertex 12.2711 68.0381 5
    endloop
  endfacet
  facet normal -0.670293 0.227499 0.706365
    outer loop
      vertex 16.1711 64.8857 4.51
      vertex 16.6258 64.704 5
      vertex 16.2699 65.1768 4.51
    endloop
  endfacet
  facet normal -0.669098 0.230724 0.706452
    outer loop
      vertex 16.6258 64.704 5
      vertex 16.1711 64.8857 4.51
      vertex 16.6238 64.6982 5
    endloop
  endfacet
  facet normal 0.0462918 0.706353 0.706345
    outer loop
      vertex 13.6933 63.4551 4.51
      vertex 13.6354 62.9689 5
      vertex 14 63.435 4.51
    endloop
  endfacet
  facet normal 0.046318 0.70635 0.706346
    outer loop
      vertex 13.6354 62.9689 5
      vertex 13.6933 63.4551 4.51
      vertex 13.6293 62.9693 5
    endloop
  endfacet
  facet normal 0.313077 0.634872 0.706343
    outer loop
      vertex 12.9132 63.1612 5
      vertex 13.1007 63.6139 4.51
      vertex 12.5855 63.3228 5
    endloop
  endfacet
  facet normal -0.634872 0.313077 0.706343
    outer loop
      vertex 16.4622 64.3705 5
      vertex 16.6238 64.6982 5
      vertex 16.1711 64.8857 4.51
    endloop
  endfacet
  facet normal 0.669098 -0.230724 0.706452
    outer loop
      vertex 11.3742 66.866 5
      vertex 11.8289 66.6843 4.51
      vertex 11.3762 66.8718 5
    endloop
  endfacet
  facet normal 0.670293 -0.227499 0.706365
    outer loop
      vertex 11.8289 66.6843 4.51
      vertex 11.3742 66.866 5
      vertex 11.7301 66.3932 4.51
    endloop
  endfacet
  facet normal 0.532221 0.466734 0.706329
    outer loop
      vertex 11.9878 63.7814 5
      vertex 12.1356 64.3544 4.51
      vertex 11.7469 64.0561 5
    endloop
  endfacet
  facet normal -0.694142 0.138828 0.706324
    outer loop
      vertex 16.3299 65.4783 4.51
      vertex 16.8145 65.4083 5
      vertex 16.8157 65.4143 5
    endloop
  endfacet
  facet normal -0.694256 0.13816 0.706343
    outer loop
      vertex 16.8145 65.4083 5
      vertex 16.3299 65.4783 4.51
      vertex 16.2699 65.1768 4.51
    endloop
  endfacet
  facet normal -0.466734 -0.532221 0.706329
    outer loop
      vertex 16.0036 67.7972 5
      vertex 15.7289 68.0381 5
      vertex 15.4306 67.6494 4.51
    endloop
  endfacet
  facet normal 0.706348 0.046302 0.706348
    outer loop
      vertex 11.1839 65.4204 5
      vertex 11.65 65.785 4.51
      vertex 11.16 65.785 5
    endloop
  endfacet
  facet normal 0.588576 -0.393305 0.706321
    outer loop
      vertex 11.5439 67.2101 5
      vertex 11.9648 66.96 4.51
      vertex 12.1356 67.2156 4.51
    endloop
  endfacet
  facet normal 0.588985 -0.392657 0.706341
    outer loop
      vertex 11.9648 66.96 4.51
      vertex 11.5439 67.2101 5
      vertex 11.5405 67.205 5
    endloop
  endfacet
  facet normal -0.670332 0.227448 0.706344
    outer loop
      vertex 16.6258 64.704 5
      vertex 16.7432 65.05 5
      vertex 16.2699 65.1768 4.51
    endloop
  endfacet
  facet normal 0.466734 0.532221 0.706329
    outer loop
      vertex 12.2711 63.5319 5
      vertex 12.5694 63.9206 4.51
      vertex 11.9964 63.7728 5
    endloop
  endfacet
  facet normal 0.706348 -0.046302 0.706348
    outer loop
      vertex 11.65 65.785 4.51
      vertex 11.1839 66.1496 5
      vertex 11.16 65.785 5
    endloop
  endfacet
  facet normal -0.392657 -0.588985 0.706341
    outer loop
      vertex 15.175 67.8202 4.51
      vertex 15.4251 68.2411 5
      vertex 15.42 68.2445 5
    endloop
  endfacet
  facet normal -0.393305 -0.588576 0.706321
    outer loop
      vertex 15.4251 68.2411 5
      vertex 15.175 67.8202 4.51
      vertex 15.4306 67.6494 4.51
    endloop
  endfacet
  facet normal 0.138828 -0.694142 0.706324
    outer loop
      vertex 13.6233 68.5995 5
      vertex 13.6933 68.1149 4.51
      vertex 13.6293 68.6007 5
    endloop
  endfacet
  facet normal 0.13816 -0.694256 0.706343
    outer loop
      vertex 13.6933 68.1149 4.51
      vertex 13.6233 68.5995 5
      vertex 13.3918 68.0549 4.51
    endloop
  endfacet
  facet normal -0.13816 0.694256 0.706343
    outer loop
      vertex 14.3067 63.4551 4.51
      vertex 14.3767 62.9705 5
      vertex 14.6082 63.5151 4.51
    endloop
  endfacet
  facet normal -0.138828 0.694142 0.706324
    outer loop
      vertex 14.3767 62.9705 5
      vertex 14.3067 63.4551 4.51
      vertex 14.3707 62.9693 5
    endloop
  endfacet
  facet normal -0.532165 0.466767 0.706349
    outer loop
      vertex 15.6617 64.1233 4.51
      vertex 16.0122 63.7814 5
      vertex 15.8644 64.3544 4.51
    endloop
  endfacet
  facet normal -0.53422 0.46454 0.706266
    outer loop
      vertex 16.0122 63.7814 5
      vertex 15.6617 64.1233 4.51
      vertex 16.0082 63.7768 5
    endloop
  endfacet
  facet normal -0.393291 0.58858 0.706326
    outer loop
      vertex 15.7289 63.5319 5
      vertex 15.4306 63.9206 4.51
      vertex 15.4251 63.3289 5
    endloop
  endfacet
  facet normal -0.138828 -0.694142 0.706324
    outer loop
      vertex 14.3067 68.1149 4.51
      vertex 14.3767 68.5995 5
      vertex 14.3707 68.6007 5
    endloop
  endfacet
  facet normal -0.13816 -0.694256 0.706343
    outer loop
      vertex 14.3767 68.5995 5
      vertex 14.3067 68.1149 4.51
      vertex 14.6082 68.0549 4.51
    endloop
  endfacet
  facet normal -0.46454 0.53422 0.706266
    outer loop
      vertex 15.6617 64.1233 4.51
      vertex 16.0036 63.7728 5
      vertex 16.0082 63.7768 5
    endloop
  endfacet
  facet normal -0.466767 0.532165 0.706349
    outer loop
      vertex 16.0036 63.7728 5
      vertex 15.6617 64.1233 4.51
      vertex 15.4306 63.9206 4.51
    endloop
  endfacet
  facet normal 0.393291 0.58858 0.706326
    outer loop
      vertex 12.5749 63.3289 5
      vertex 12.5694 63.9206 4.51
      vertex 12.2711 63.5319 5
    endloop
  endfacet
  facet normal -0.046302 0.706348 0.706348
    outer loop
      vertex 14.3646 62.9689 5
      vertex 14 63.435 4.51
      vertex 14 62.945 5
    endloop
  endfacet
  facet normal 0.670332 0.227448 0.706344
    outer loop
      vertex 11.3742 64.704 5
      vertex 11.7301 65.1768 4.51
      vertex 11.2568 65.05 5
    endloop
  endfacet
  facet normal -0.532221 0.466734 0.706329
    outer loop
      vertex 16.0122 63.7814 5
      vertex 16.2531 64.0561 5
      vertex 15.8644 64.3544 4.51
    endloop
  endfacet
  facet normal -0.227448 0.670332 0.706344
    outer loop
      vertex 14.735 63.0418 5
      vertex 15.081 63.1592 5
      vertex 14.6082 63.5151 4.51
    endloop
  endfacet
  facet normal -0.046302 -0.706348 0.706348
    outer loop
      vertex 14.3646 68.6011 5
      vertex 14 68.625 5
      vertex 14 68.135 4.51
    endloop
  endfacet
  facet normal 0.670332 -0.227448 0.706344
    outer loop
      vertex 11.7301 66.3932 4.51
      vertex 11.3742 66.866 5
      vertex 11.2568 66.52 5
    endloop
  endfacet
  facet normal 0.694256 -0.13816 0.706343
    outer loop
      vertex 11.1855 66.1617 5
      vertex 11.6701 66.0917 4.51
      vertex 11.7301 66.3932 4.51
    endloop
  endfacet
  facet normal 0.694142 -0.138828 0.706324
    outer loop
      vertex 11.6701 66.0917 4.51
      vertex 11.1855 66.1617 5
      vertex 11.1843 66.1557 5
    endloop
  endfacet
  facet normal -0.046318 0.70635 0.706346
    outer loop
      vertex 14.3067 63.4551 4.51
      vertex 14.3646 62.9689 5
      vertex 14.3707 62.9693 5
    endloop
  endfacet
  facet normal -0.0462918 0.706353 0.706345
    outer loop
      vertex 14.3646 62.9689 5
      vertex 14.3067 63.4551 4.51
      vertex 14 63.435 4.51
    endloop
  endfacet
  facet normal -0.313077 -0.634872 0.706343
    outer loop
      vertex 15.4145 68.2472 5
      vertex 15.0868 68.4088 5
      vertex 14.8993 67.9561 4.51
    endloop
  endfacet
  facet normal 0.313077 -0.634872 0.706343
    outer loop
      vertex 13.1007 67.9561 4.51
      vertex 12.9132 68.4088 5
      vertex 12.5855 68.2472 5
    endloop
  endfacet
  facet normal 0.53422 -0.46454 0.706266
    outer loop
      vertex 11.9878 67.7886 5
      vertex 12.3383 67.4467 4.51
      vertex 11.9918 67.7932 5
    endloop
  endfacet
  facet normal 0.532165 -0.466767 0.706349
    outer loop
      vertex 12.3383 67.4467 4.51
      vertex 11.9878 67.7886 5
      vertex 12.1356 67.2156 4.51
    endloop
  endfacet
  facet normal 0.63496 0.312989 0.706303
    outer loop
      vertex 11.5378 64.3705 5
      vertex 11.9648 64.61 4.51
      vertex 11.8289 64.8857 4.51
    endloop
  endfacet
  facet normal 0.635495 0.31197 0.706272
    outer loop
      vertex 11.9648 64.61 4.51
      vertex 11.5378 64.3705 5
      vertex 11.5405 64.365 5
    endloop
  endfacet
  facet normal 0.706353 0.0462918 0.706345
    outer loop
      vertex 11.1839 65.4204 5
      vertex 11.6701 65.4783 4.51
      vertex 11.65 65.785 4.51
    endloop
  endfacet
  facet normal 0.70635 0.046318 0.706346
    outer loop
      vertex 11.6701 65.4783 4.51
      vertex 11.1839 65.4204 5
      vertex 11.1843 65.4143 5
    endloop
  endfacet
  facet normal 0.670293 0.227499 0.706365
    outer loop
      vertex 11.3742 64.704 5
      vertex 11.8289 64.8857 4.51
      vertex 11.7301 65.1768 4.51
    endloop
  endfacet
  facet normal 0.669098 0.230724 0.706452
    outer loop
      vertex 11.8289 64.8857 4.51
      vertex 11.3742 64.704 5
      vertex 11.3762 64.6982 5
    endloop
  endfacet
  facet normal -0.588985 -0.392657 0.706341
    outer loop
      vertex 16.4561 67.2101 5
      vertex 16.0352 66.96 4.51
      vertex 16.4595 67.205 5
    endloop
  endfacet
  facet normal -0.588576 -0.393305 0.706321
    outer loop
      vertex 16.0352 66.96 4.51
      vertex 16.4561 67.2101 5
      vertex 15.8644 67.2156 4.51
    endloop
  endfacet
  facet normal 0.634872 0.313077 0.706343
    outer loop
      vertex 11.5378 64.3705 5
      vertex 11.8289 64.8857 4.51
      vertex 11.3762 64.6982 5
    endloop
  endfacet
  facet normal 0.588576 0.393305 0.706321
    outer loop
      vertex 11.9648 64.61 4.51
      vertex 11.5439 64.3599 5
      vertex 12.1356 64.3544 4.51
    endloop
  endfacet
  facet normal 0.588985 0.392657 0.706341
    outer loop
      vertex 11.5439 64.3599 5
      vertex 11.9648 64.61 4.51
      vertex 11.5405 64.365 5
    endloop
  endfacet
  facet normal 0.694255 -0.138154 0.706345
    outer loop
      vertex 11.7301 66.3932 4.51
      vertex 11.2568 66.52 5
      vertex 11.1855 66.1617 5
    endloop
  endfacet
  facet normal -0.138154 -0.694255 0.706345
    outer loop
      vertex 14.6082 68.0549 4.51
      vertex 14.735 68.5282 5
      vertex 14.3767 68.5995 5
    endloop
  endfacet
  facet normal -0.230724 0.669098 0.706452
    outer loop
      vertex 14.8993 63.6139 4.51
      vertex 15.081 63.1592 5
      vertex 15.0868 63.1612 5
    endloop
  endfacet
  facet normal -0.227499 0.670293 0.706365
    outer loop
      vertex 15.081 63.1592 5
      vertex 14.8993 63.6139 4.51
      vertex 14.6082 63.5151 4.51
    endloop
  endfacet
  facet normal -0.227448 -0.670332 0.706344
    outer loop
      vertex 15.081 68.4108 5
      vertex 14.735 68.5282 5
      vertex 14.6082 68.0549 4.51
    endloop
  endfacet
  facet normal 0.70635 -0.046318 0.706346
    outer loop
      vertex 11.1839 66.1496 5
      vertex 11.6701 66.0917 4.51
      vertex 11.1843 66.1557 5
    endloop
  endfacet
  facet normal 0.706353 -0.0462918 0.706345
    outer loop
      vertex 11.6701 66.0917 4.51
      vertex 11.1839 66.1496 5
      vertex 11.65 65.785 4.51
    endloop
  endfacet
  facet normal -0.634872 -0.313077 0.706343
    outer loop
      vertex 16.6238 66.8718 5
      vertex 16.4622 67.1995 5
      vertex 16.1711 66.6843 4.51
    endloop
  endfacet
  facet normal 0.694255 0.138154 0.706345
    outer loop
      vertex 11.2568 65.05 5
      vertex 11.7301 65.1768 4.51
      vertex 11.1855 65.4083 5
    endloop
  endfacet
  facet normal 0.138828 0.694142 0.706324
    outer loop
      vertex 13.6933 63.4551 4.51
      vertex 13.6233 62.9705 5
      vertex 13.6293 62.9693 5
    endloop
  endfacet
  facet normal 0.13816 0.694256 0.706343
    outer loop
      vertex 13.6233 62.9705 5
      vertex 13.6933 63.4551 4.51
      vertex 13.3918 63.5151 4.51
    endloop
  endfacet
  facet normal 0.58858 -0.393291 0.706326
    outer loop
      vertex 12.1356 67.2156 4.51
      vertex 11.7469 67.5139 5
      vertex 11.5439 67.2101 5
    endloop
  endfacet
  facet normal 0.046302 -0.706348 0.706348
    outer loop
      vertex 14 68.135 4.51
      vertex 14 68.625 5
      vertex 13.6354 68.6011 5
    endloop
  endfacet
  facet normal -0.58858 -0.393291 0.706326
    outer loop
      vertex 16.4561 67.2101 5
      vertex 16.2531 67.5139 5
      vertex 15.8644 67.2156 4.51
    endloop
  endfacet
  facet normal -0.58858 0.393291 0.706326
    outer loop
      vertex 16.2531 64.0561 5
      vertex 16.4561 64.3599 5
      vertex 15.8644 64.3544 4.51
    endloop
  endfacet
  facet normal -0.230724 -0.669098 0.706452
    outer loop
      vertex 15.081 68.4108 5
      vertex 14.8993 67.9561 4.51
      vertex 15.0868 68.4088 5
    endloop
  endfacet
  facet normal -0.227499 -0.670293 0.706365
    outer loop
      vertex 14.8993 67.9561 4.51
      vertex 15.081 68.4108 5
      vertex 14.6082 68.0549 4.51
    endloop
  endfacet
  facet normal -0.588985 0.392657 0.706341
    outer loop
      vertex 16.0352 64.61 4.51
      vertex 16.4561 64.3599 5
      vertex 16.4595 64.365 5
    endloop
  endfacet
  facet normal -0.588576 0.393305 0.706321
    outer loop
      vertex 16.4561 64.3599 5
      vertex 16.0352 64.61 4.51
      vertex 15.8644 64.3544 4.51
    endloop
  endfacet
  facet normal 0.635495 -0.31197 0.706272
    outer loop
      vertex 11.5378 67.1995 5
      vertex 11.9648 66.96 4.51
      vertex 11.5405 67.205 5
    endloop
  endfacet
  facet normal 0.63496 -0.312989 0.706303
    outer loop
      vertex 11.9648 66.96 4.51
      vertex 11.5378 67.1995 5
      vertex 11.8289 66.6843 4.51
    endloop
  endfacet
  facet normal 0.634872 -0.313077 0.706343
    outer loop
      vertex 11.8289 66.6843 4.51
      vertex 11.5378 67.1995 5
      vertex 11.3762 66.8718 5
    endloop
  endfacet
  facet normal -0.393291 -0.58858 0.706326
    outer loop
      vertex 15.4306 67.6494 4.51
      vertex 15.7289 68.0381 5
      vertex 15.4251 68.2411 5
    endloop
  endfacet
  facet normal -0.635495 -0.31197 0.706272
    outer loop
      vertex 16.0352 66.96 4.51
      vertex 16.4622 67.1995 5
      vertex 16.4595 67.205 5
    endloop
  endfacet
  facet normal -0.63496 -0.312989 0.706303
    outer loop
      vertex 16.4622 67.1995 5
      vertex 16.0352 66.96 4.51
      vertex 16.1711 66.6843 4.51
    endloop
  endfacet
  facet normal -0.46454 -0.53422 0.706266
    outer loop
      vertex 16.0036 67.7972 5
      vertex 15.6617 67.4467 4.51
      vertex 16.0082 67.7932 5
    endloop
  endfacet
  facet normal -0.466767 -0.532165 0.706349
    outer loop
      vertex 15.6617 67.4467 4.51
      vertex 16.0036 67.7972 5
      vertex 15.4306 67.6494 4.51
    endloop
  endfacet
  facet normal 0.312989 0.63496 0.706303
    outer loop
      vertex 12.825 63.7498 4.51
      vertex 12.5855 63.3228 5
      vertex 13.1007 63.6139 4.51
    endloop
  endfacet
  facet normal 0.31197 0.635495 0.706272
    outer loop
      vertex 12.5855 63.3228 5
      vertex 12.825 63.7498 4.51
      vertex 12.58 63.3255 5
    endloop
  endfacet
  facet normal 0.466734 -0.532221 0.706329
    outer loop
      vertex 12.5694 67.6494 4.51
      vertex 12.2711 68.0381 5
      vertex 11.9964 67.7972 5
    endloop
  endfacet
  facet normal 0.392657 0.588985 0.706341
    outer loop
      vertex 12.825 63.7498 4.51
      vertex 12.5749 63.3289 5
      vertex 12.58 63.3255 5
    endloop
  endfacet
  facet normal 0.393305 0.588576 0.706321
    outer loop
      vertex 12.5749 63.3289 5
      vertex 12.825 63.7498 4.51
      vertex 12.5694 63.9206 4.51
    endloop
  endfacet
  facet normal 0.227448 -0.670332 0.706344
    outer loop
      vertex 13.3918 68.0549 4.51
      vertex 13.265 68.5282 5
      vertex 12.919 68.4108 5
    endloop
  endfacet
  facet normal 0.138154 -0.694255 0.706345
    outer loop
      vertex 13.3918 68.0549 4.51
      vertex 13.6233 68.5995 5
      vertex 13.265 68.5282 5
    endloop
  endfacet
  facet normal 0.532221 -0.466734 0.706329
    outer loop
      vertex 12.1356 67.2156 4.51
      vertex 11.9878 67.7886 5
      vertex 11.7469 67.5139 5
    endloop
  endfacet
  facet normal -0.31197 -0.635495 0.706272
    outer loop
      vertex 15.4145 68.2472 5
      vertex 15.175 67.8202 4.51
      vertex 15.42 68.2445 5
    endloop
  endfacet
  facet normal -0.312989 -0.63496 0.706303
    outer loop
      vertex 15.175 67.8202 4.51
      vertex 15.4145 68.2472 5
      vertex 14.8993 67.9561 4.51
    endloop
  endfacet
  facet normal -0.669098 -0.230724 0.706452
    outer loop
      vertex 16.1711 66.6843 4.51
      vertex 16.6258 66.866 5
      vertex 16.6238 66.8718 5
    endloop
  endfacet
  facet normal -0.670293 -0.227499 0.706365
    outer loop
      vertex 16.6258 66.866 5
      vertex 16.1711 66.6843 4.51
      vertex 16.2699 66.3932 4.51
    endloop
  endfacet
  facet normal 0.227499 -0.670293 0.706365
    outer loop
      vertex 12.919 68.4108 5
      vertex 13.1007 67.9561 4.51
      vertex 13.3918 68.0549 4.51
    endloop
  endfacet
  facet normal 0.230724 -0.669098 0.706452
    outer loop
      vertex 13.1007 67.9561 4.51
      vertex 12.919 68.4108 5
      vertex 12.9132 68.4088 5
    endloop
  endfacet
  facet normal 0.312989 -0.63496 0.706303
    outer loop
      vertex 12.5855 68.2472 5
      vertex 12.825 67.8202 4.51
      vertex 13.1007 67.9561 4.51
    endloop
  endfacet
  facet normal 0.31197 -0.635495 0.706272
    outer loop
      vertex 12.825 67.8202 4.51
      vertex 12.5855 68.2472 5
      vertex 12.58 68.2445 5
    endloop
  endfacet
  facet normal -0.63496 0.312989 0.706303
    outer loop
      vertex 16.0352 64.61 4.51
      vertex 16.4622 64.3705 5
      vertex 16.1711 64.8857 4.51
    endloop
  endfacet
  facet normal -0.635495 0.31197 0.706272
    outer loop
      vertex 16.4622 64.3705 5
      vertex 16.0352 64.61 4.51
      vertex 16.4595 64.365 5
    endloop
  endfacet
  facet normal -0.53422 -0.46454 0.706266
    outer loop
      vertex 15.6617 67.4467 4.51
      vertex 16.0122 67.7886 5
      vertex 16.0082 67.7932 5
    endloop
  endfacet
  facet normal -0.532165 -0.466767 0.706349
    outer loop
      vertex 16.0122 67.7886 5
      vertex 15.6617 67.4467 4.51
      vertex 15.8644 67.2156 4.51
    endloop
  endfacet
  facet normal -0.532221 -0.466734 0.706329
    outer loop
      vertex 16.2531 67.5139 5
      vertex 16.0122 67.7886 5
      vertex 15.8644 67.2156 4.51
    endloop
  endfacet
  facet normal -0.670332 -0.227448 0.706344
    outer loop
      vertex 16.7432 66.52 5
      vertex 16.6258 66.866 5
      vertex 16.2699 66.3932 4.51
    endloop
  endfacet
  facet normal -0.694255 -0.138154 0.706345
    outer loop
      vertex 16.8145 66.1617 5
      vertex 16.7432 66.52 5
      vertex 16.2699 66.3932 4.51
    endloop
  endfacet
  facet normal -0.694142 -0.138828 0.706324
    outer loop
      vertex 16.8145 66.1617 5
      vertex 16.3299 66.0917 4.51
      vertex 16.8157 66.1557 5
    endloop
  endfacet
  facet normal -0.694256 -0.13816 0.706343
    outer loop
      vertex 16.3299 66.0917 4.51
      vertex 16.8145 66.1617 5
      vertex 16.2699 66.3932 4.51
    endloop
  endfacet
  facet normal -0.195084 -0.980787 0
    outer loop
      vertex 90.9067 6.3949 0.6
      vertex 91.2082 6.33493 4.51
      vertex 90.9067 6.3949 4.51
    endloop
  endfacet
  facet normal -0.195084 -0.980787 -0
    outer loop
      vertex 91.2082 6.33493 4.51
      vertex 90.9067 6.3949 0.6
      vertex 91.2082 6.33493 0.6
    endloop
  endfacet
  facet normal -0.980765 -0.19519 0
    outer loop
      vertex 92.9299 4.37174 0.6
      vertex 92.8699 4.67322 4.51
      vertex 92.8699 4.67322 0.6
    endloop
  endfacet
  facet normal -0.980765 -0.19519 0
    outer loop
      vertex 92.8699 4.67322 4.51
      vertex 92.9299 4.37174 0.6
      vertex 92.9299 4.37174 4.51
    endloop
  endfacet
  facet normal -0.99786 -0.0653876 0
    outer loop
      vertex 92.95 4.065 0.6
      vertex 92.9299 4.37174 4.51
      vertex 92.9299 4.37174 0.6
    endloop
  endfacet
  facet normal -0.99786 -0.0653876 0
    outer loop
      vertex 92.9299 4.37174 4.51
      vertex 92.95 4.065 0.6
      vertex 92.95 4.065 4.51
    endloop
  endfacet
  facet normal -0.946942 -0.321405 0
    outer loop
      vertex 92.8699 4.67322 0.6
      vertex 92.7711 4.96431 4.51
      vertex 92.7711 4.96431 0.6
    endloop
  endfacet
  facet normal -0.946942 -0.321405 0
    outer loop
      vertex 92.7711 4.96431 4.51
      vertex 92.8699 4.67322 0.6
      vertex 92.8699 4.67322 4.51
    endloop
  endfacet
  facet normal -0.831439 -0.555616 0
    outer loop
      vertex 92.6352 5.24 0.6
      vertex 92.4644 5.49559 4.51
      vertex 92.4644 5.49559 0.6
    endloop
  endfacet
  facet normal -0.831439 -0.555616 0
    outer loop
      vertex 92.4644 5.49559 4.51
      vertex 92.6352 5.24 0.6
      vertex 92.6352 5.24 4.51
    endloop
  endfacet
  facet normal -0.321424 -0.946935 0
    outer loop
      vertex 91.2082 6.33493 0.6
      vertex 91.4993 6.23612 4.51
      vertex 91.2082 6.33493 4.51
    endloop
  endfacet
  facet normal -0.321424 -0.946935 -0
    outer loop
      vertex 91.4993 6.23612 4.51
      vertex 91.2082 6.33493 0.6
      vertex 91.4993 6.23612 0.6
    endloop
  endfacet
  facet normal 0.980765 0.19519 0
    outer loop
      vertex 88.3301 3.45678 4.51
      vertex 88.2701 3.75826 0.6
      vertex 88.2701 3.75826 4.51
    endloop
  endfacet
  facet normal 0.980765 0.19519 0
    outer loop
      vertex 88.2701 3.75826 0.6
      vertex 88.3301 3.45678 4.51
      vertex 88.3301 3.45678 0.6
    endloop
  endfacet
  facet normal -0.99786 0.0653876 0
    outer loop
      vertex 92.9299 3.75826 0.6
      vertex 92.95 4.065 4.51
      vertex 92.95 4.065 0.6
    endloop
  endfacet
  facet normal -0.99786 0.0653876 0
    outer loop
      vertex 92.95 4.065 4.51
      vertex 92.9299 3.75826 0.6
      vertex 92.9299 3.75826 4.51
    endloop
  endfacet
  facet normal 0.555556 0.831479 -0
    outer loop
      vertex 89.425 2.02984 0.6
      vertex 89.1694 2.20062 4.51
      vertex 89.425 2.02984 4.51
    endloop
  endfacet
  facet normal 0.555556 0.831479 0
    outer loop
      vertex 89.1694 2.20062 4.51
      vertex 89.425 2.02984 0.6
      vertex 89.1694 2.20062 0.6
    endloop
  endfacet
  facet normal 0.99786 0.0653876 0
    outer loop
      vertex 88.2701 3.75826 4.51
      vertex 88.25 4.065 0.6
      vertex 88.25 4.065 4.51
    endloop
  endfacet
  facet normal 0.99786 0.0653876 0
    outer loop
      vertex 88.25 4.065 0.6
      vertex 88.2701 3.75826 4.51
      vertex 88.2701 3.75826 0.6
    endloop
  endfacet
  facet normal 0.321424 0.946935 -0
    outer loop
      vertex 89.9918 1.79507 0.6
      vertex 89.7007 1.89388 4.51
      vertex 89.9918 1.79507 4.51
    endloop
  endfacet
  facet normal 0.321424 0.946935 0
    outer loop
      vertex 89.7007 1.89388 4.51
      vertex 89.9918 1.79507 0.6
      vertex 89.7007 1.89388 0.6
    endloop
  endfacet
  facet normal -0.896944 -0.442144 0
    outer loop
      vertex 92.7711 4.96431 0.6
      vertex 92.6352 5.24 4.51
      vertex 92.6352 5.24 0.6
    endloop
  endfacet
  facet normal -0.896944 -0.442144 0
    outer loop
      vertex 92.6352 5.24 4.51
      vertex 92.7711 4.96431 0.6
      vertex 92.7711 4.96431 4.51
    endloop
  endfacet
  facet normal -0.751804 -0.659386 0
    outer loop
      vertex 92.4644 5.49559 0.6
      vertex 92.2617 5.7267 4.51
      vertex 92.2617 5.7267 0.6
    endloop
  endfacet
  facet normal -0.751804 -0.659386 0
    outer loop
      vertex 92.2617 5.7267 4.51
      vertex 92.4644 5.49559 0.6
      vertex 92.4644 5.49559 4.51
    endloop
  endfacet
  facet normal -0.946942 0.321405 0
    outer loop
      vertex 92.7711 3.16569 0.6
      vertex 92.8699 3.45678 4.51
      vertex 92.8699 3.45678 0.6
    endloop
  endfacet
  facet normal -0.946942 0.321405 0
    outer loop
      vertex 92.8699 3.45678 4.51
      vertex 92.7711 3.16569 0.6
      vertex 92.7711 3.16569 4.51
    endloop
  endfacet
  facet normal 0.751804 0.659386 0
    outer loop
      vertex 88.9383 2.4033 4.51
      vertex 88.7356 2.63441 0.6
      vertex 88.7356 2.63441 4.51
    endloop
  endfacet
  facet normal 0.751804 0.659386 0
    outer loop
      vertex 88.7356 2.63441 0.6
      vertex 88.9383 2.4033 4.51
      vertex 88.9383 2.4033 0.6
    endloop
  endfacet
  facet normal -0.980765 0.19519 0
    outer loop
      vertex 92.8699 3.45678 0.6
      vertex 92.9299 3.75826 4.51
      vertex 92.9299 3.75826 0.6
    endloop
  endfacet
  facet normal -0.980765 0.19519 0
    outer loop
      vertex 92.9299 3.75826 4.51
      vertex 92.8699 3.45678 0.6
      vertex 92.8699 3.45678 4.51
    endloop
  endfacet
  facet normal -0.0654285 0.997857 0
    outer loop
      vertex 90.9067 1.73511 0.6
      vertex 90.6 1.715 4.51
      vertex 90.9067 1.73511 4.51
    endloop
  endfacet
  facet normal -0.0654285 0.997857 0
    outer loop
      vertex 90.6 1.715 4.51
      vertex 90.9067 1.73511 0.6
      vertex 90.6 1.715 0.6
    endloop
  endfacet
  facet normal 0.946942 0.321405 0
    outer loop
      vertex 88.4289 3.16569 4.51
      vertex 88.3301 3.45678 0.6
      vertex 88.3301 3.45678 4.51
    endloop
  endfacet
  facet normal 0.946942 0.321405 0
    outer loop
      vertex 88.3301 3.45678 0.6
      vertex 88.4289 3.16569 4.51
      vertex 88.4289 3.16569 0.6
    endloop
  endfacet
  facet normal -0.831439 0.555616 0
    outer loop
      vertex 92.4644 2.63441 0.6
      vertex 92.6352 2.89 4.51
      vertex 92.6352 2.89 0.6
    endloop
  endfacet
  facet normal -0.831439 0.555616 0
    outer loop
      vertex 92.6352 2.89 4.51
      vertex 92.4644 2.63441 0.6
      vertex 92.4644 2.63441 4.51
    endloop
  endfacet
  facet normal -0.442288 -0.896873 0
    outer loop
      vertex 91.4993 6.23612 0.6
      vertex 91.775 6.10016 4.51
      vertex 91.4993 6.23612 4.51
    endloop
  endfacet
  facet normal -0.442288 -0.896873 -0
    outer loop
      vertex 91.775 6.10016 4.51
      vertex 91.4993 6.23612 0.6
      vertex 91.775 6.10016 0.6
    endloop
  endfacet
  facet normal 0.442288 -0.896873 0
    outer loop
      vertex 89.425 6.10016 0.6
      vertex 89.7007 6.23612 4.51
      vertex 89.425 6.10016 4.51
    endloop
  endfacet
  facet normal 0.442288 -0.896873 0
    outer loop
      vertex 89.7007 6.23612 4.51
      vertex 89.425 6.10016 0.6
      vertex 89.7007 6.23612 0.6
    endloop
  endfacet
  facet normal -0.442288 0.896873 0
    outer loop
      vertex 91.775 2.02984 0.6
      vertex 91.4993 1.89388 4.51
      vertex 91.775 2.02984 4.51
    endloop
  endfacet
  facet normal -0.442288 0.896873 0
    outer loop
      vertex 91.4993 1.89388 4.51
      vertex 91.775 2.02984 0.6
      vertex 91.4993 1.89388 0.6
    endloop
  endfacet
  facet normal -0.321424 0.946935 0
    outer loop
      vertex 91.4993 1.89388 0.6
      vertex 91.2082 1.79507 4.51
      vertex 91.4993 1.89388 4.51
    endloop
  endfacet
  facet normal -0.321424 0.946935 0
    outer loop
      vertex 91.2082 1.79507 4.51
      vertex 91.4993 1.89388 0.6
      vertex 91.2082 1.79507 0.6
    endloop
  endfacet
  facet normal 0.195053 0.980793 -0
    outer loop
      vertex 90.2933 1.73511 0.6
      vertex 89.9918 1.79507 4.51
      vertex 90.2933 1.73511 4.51
    endloop
  endfacet
  facet normal 0.195053 0.980793 0
    outer loop
      vertex 89.9918 1.79507 4.51
      vertex 90.2933 1.73511 0.6
      vertex 89.9918 1.79507 0.6
    endloop
  endfacet
  facet normal 0.946942 -0.321405 0
    outer loop
      vertex 88.3301 4.67322 4.51
      vertex 88.4289 4.96431 0.6
      vertex 88.4289 4.96431 4.51
    endloop
  endfacet
  facet normal 0.946942 -0.321405 0
    outer loop
      vertex 88.4289 4.96431 0.6
      vertex 88.3301 4.67322 4.51
      vertex 88.3301 4.67322 0.6
    endloop
  endfacet
  facet normal 0.195084 -0.980787 0
    outer loop
      vertex 89.9918 6.33493 0.6
      vertex 90.2933 6.3949 4.51
      vertex 89.9918 6.33493 4.51
    endloop
  endfacet
  facet normal 0.195084 -0.980787 0
    outer loop
      vertex 90.2933 6.3949 4.51
      vertex 89.9918 6.33493 0.6
      vertex 90.2933 6.3949 0.6
    endloop
  endfacet
  facet normal 0.555556 -0.831479 0
    outer loop
      vertex 89.1694 5.92938 0.6
      vertex 89.425 6.10016 4.51
      vertex 89.1694 5.92938 4.51
    endloop
  endfacet
  facet normal 0.555556 -0.831479 0
    outer loop
      vertex 89.425 6.10016 4.51
      vertex 89.1694 5.92938 0.6
      vertex 89.425 6.10016 0.6
    endloop
  endfacet
  facet normal -0.555556 0.831479 0
    outer loop
      vertex 92.0306 2.20062 0.6
      vertex 91.775 2.02984 4.51
      vertex 92.0306 2.20062 4.51
    endloop
  endfacet
  facet normal -0.555556 0.831479 0
    outer loop
      vertex 91.775 2.02984 4.51
      vertex 92.0306 2.20062 0.6
      vertex 91.775 2.02984 0.6
    endloop
  endfacet
  facet normal -0.195053 0.980793 0
    outer loop
      vertex 91.2082 1.79507 0.6
      vertex 90.9067 1.73511 4.51
      vertex 91.2082 1.79507 4.51
    endloop
  endfacet
  facet normal -0.195053 0.980793 0
    outer loop
      vertex 90.9067 1.73511 4.51
      vertex 91.2082 1.79507 0.6
      vertex 90.9067 1.73511 0.6
    endloop
  endfacet
  facet normal 0.896944 -0.442144 0
    outer loop
      vertex 88.4289 4.96431 4.51
      vertex 88.5648 5.24 0.6
      vertex 88.5648 5.24 4.51
    endloop
  endfacet
  facet normal 0.896944 -0.442144 0
    outer loop
      vertex 88.5648 5.24 0.6
      vertex 88.4289 4.96431 4.51
      vertex 88.4289 4.96431 0.6
    endloop
  endfacet
  facet normal 0.831439 -0.555616 0
    outer loop
      vertex 88.5648 5.24 4.51
      vertex 88.7356 5.49559 0.6
      vertex 88.7356 5.49559 4.51
    endloop
  endfacet
  facet normal 0.831439 -0.555616 0
    outer loop
      vertex 88.7356 5.49559 0.6
      vertex 88.5648 5.24 4.51
      vertex 88.5648 5.24 0.6
    endloop
  endfacet
  facet normal 0.0654285 0.997857 -0
    outer loop
      vertex 90.6 1.715 0.6
      vertex 90.2933 1.73511 4.51
      vertex 90.6 1.715 4.51
    endloop
  endfacet
  facet normal 0.0654285 0.997857 0
    outer loop
      vertex 90.2933 1.73511 4.51
      vertex 90.6 1.715 0.6
      vertex 90.2933 1.73511 0.6
    endloop
  endfacet
  facet normal 0.0653961 -0.997859 0
    outer loop
      vertex 90.2933 6.3949 0.6
      vertex 90.6 6.415 4.51
      vertex 90.2933 6.3949 4.51
    endloop
  endfacet
  facet normal 0.0653961 -0.997859 0
    outer loop
      vertex 90.6 6.415 4.51
      vertex 90.2933 6.3949 0.6
      vertex 90.6 6.415 0.6
    endloop
  endfacet
  facet normal 0.659366 -0.751822 0
    outer loop
      vertex 88.9383 5.7267 0.6
      vertex 89.1694 5.92938 4.51
      vertex 88.9383 5.7267 4.51
    endloop
  endfacet
  facet normal 0.659366 -0.751822 0
    outer loop
      vertex 89.1694 5.92938 4.51
      vertex 88.9383 5.7267 0.6
      vertex 89.1694 5.92938 0.6
    endloop
  endfacet
  facet normal 0.659366 0.751822 -0
    outer loop
      vertex 89.1694 2.20062 0.6
      vertex 88.9383 2.4033 4.51
      vertex 89.1694 2.20062 4.51
    endloop
  endfacet
  facet normal 0.659366 0.751822 0
    outer loop
      vertex 88.9383 2.4033 4.51
      vertex 89.1694 2.20062 0.6
      vertex 88.9383 2.4033 0.6
    endloop
  endfacet
  facet normal 0 0 1
    outer loop
      vertex 92.9299 4.37174 0.6
      vertex 92.9299 3.75826 0.6
      vertex 92.95 4.065 0.6
    endloop
  endfacet
  facet normal 0 0 1
    outer loop
      vertex 92.8699 4.67322 0.6
      vertex 92.9299 3.75826 0.6
      vertex 92.9299 4.37174 0.6
    endloop
  endfacet
  facet normal 0 0 1
    outer loop
      vertex 92.8699 4.67322 0.6
      vertex 92.8699 3.45678 0.6
      vertex 92.9299 3.75826 0.6
    endloop
  endfacet
  facet normal 0 0 1
    outer loop
      vertex 92.7711 4.96431 0.6
      vertex 92.8699 3.45678 0.6
      vertex 92.8699 4.67322 0.6
    endloop
  endfacet
  facet normal 0 0 1
    outer loop
      vertex 92.7711 4.96431 0.6
      vertex 92.7711 3.16569 0.6
      vertex 92.8699 3.45678 0.6
    endloop
  endfacet
  facet normal 0 0 1
    outer loop
      vertex 92.6352 5.24 0.6
      vertex 92.7711 3.16569 0.6
      vertex 92.7711 4.96431 0.6
    endloop
  endfacet
  facet normal 0 0 1
    outer loop
      vertex 92.6352 5.24 0.6
      vertex 92.6352 2.89 0.6
      vertex 92.7711 3.16569 0.6
    endloop
  endfacet
  facet normal 0 0 1
    outer loop
      vertex 92.4644 5.49559 0.6
      vertex 92.6352 2.89 0.6
      vertex 92.6352 5.24 0.6
    endloop
  endfacet
  facet normal 0 0 1
    outer loop
      vertex 92.4644 5.49559 0.6
      vertex 92.4644 2.63441 0.6
      vertex 92.6352 2.89 0.6
    endloop
  endfacet
  facet normal 0 0 1
    outer loop
      vertex 92.2617 5.7267 0.6
      vertex 92.4644 2.63441 0.6
      vertex 92.4644 5.49559 0.6
    endloop
  endfacet
  facet normal 0 0 1
    outer loop
      vertex 92.2617 5.7267 0.6
      vertex 92.2617 2.4033 0.6
      vertex 92.4644 2.63441 0.6
    endloop
  endfacet
  facet normal 0 0 1
    outer loop
      vertex 92.0306 5.92938 0.6
      vertex 92.2617 2.4033 0.6
      vertex 92.2617 5.7267 0.6
    endloop
  endfacet
  facet normal 0 0 1
    outer loop
      vertex 92.0306 5.92938 0.6
      vertex 92.0306 2.20062 0.6
      vertex 92.2617 2.4033 0.6
    endloop
  endfacet
  facet normal 0 0 1
    outer loop
      vertex 91.775 6.10016 0.6
      vertex 92.0306 2.20062 0.6
      vertex 92.0306 5.92938 0.6
    endloop
  endfacet
  facet normal 0 0 1
    outer loop
      vertex 91.775 6.10016 0.6
      vertex 91.775 2.02984 0.6
      vertex 92.0306 2.20062 0.6
    endloop
  endfacet
  facet normal 0 0 1
    outer loop
      vertex 91.4993 6.23612 0.6
      vertex 91.775 2.02984 0.6
      vertex 91.775 6.10016 0.6
    endloop
  endfacet
  facet normal 0 0 1
    outer loop
      vertex 91.4993 6.23612 0.6
      vertex 91.4993 1.89388 0.6
      vertex 91.775 2.02984 0.6
    endloop
  endfacet
  facet normal 0 0 1
    outer loop
      vertex 91.2082 6.33493 0.6
      vertex 91.4993 1.89388 0.6
      vertex 91.4993 6.23612 0.6
    endloop
  endfacet
  facet normal 0 0 1
    outer loop
      vertex 91.2082 6.33493 0.6
      vertex 91.2082 1.79507 0.6
      vertex 91.4993 1.89388 0.6
    endloop
  endfacet
  facet normal 0 0 1
    outer loop
      vertex 90.9067 6.3949 0.6
      vertex 91.2082 1.79507 0.6
      vertex 91.2082 6.33493 0.6
    endloop
  endfacet
  facet normal 0 0 1
    outer loop
      vertex 90.9067 6.3949 0.6
      vertex 90.9067 1.73511 0.6
      vertex 91.2082 1.79507 0.6
    endloop
  endfacet
  facet normal 0 0 1
    outer loop
      vertex 90.6 6.415 0.6
      vertex 90.9067 1.73511 0.6
      vertex 90.9067 6.3949 0.6
    endloop
  endfacet
  facet normal 0 0 1
    outer loop
      vertex 90.6 6.415 0.6
      vertex 90.6 1.715 0.6
      vertex 90.9067 1.73511 0.6
    endloop
  endfacet
  facet normal -0 0 1
    outer loop
      vertex 90.2933 6.3949 0.6
      vertex 90.6 1.715 0.6
      vertex 90.6 6.415 0.6
    endloop
  endfacet
  facet normal 0 0 1
    outer loop
      vertex 90.2933 6.3949 0.6
      vertex 90.2933 1.73511 0.6
      vertex 90.6 1.715 0.6
    endloop
  endfacet
  facet normal -0 0 1
    outer loop
      vertex 89.9918 6.33493 0.6
      vertex 90.2933 1.73511 0.6
      vertex 90.2933 6.3949 0.6
    endloop
  endfacet
  facet normal 0 0 1
    outer loop
      vertex 89.9918 6.33493 0.6
      vertex 89.9918 1.79507 0.6
      vertex 90.2933 1.73511 0.6
    endloop
  endfacet
  facet normal -0 0 1
    outer loop
      vertex 89.7007 6.23612 0.6
      vertex 89.9918 1.79507 0.6
      vertex 89.9918 6.33493 0.6
    endloop
  endfacet
  facet normal 0 0 1
    outer loop
      vertex 89.7007 6.23612 0.6
      vertex 89.7007 1.89388 0.6
      vertex 89.9918 1.79507 0.6
    endloop
  endfacet
  facet normal -0 0 1
    outer loop
      vertex 89.425 6.10016 0.6
      vertex 89.7007 1.89388 0.6
      vertex 89.7007 6.23612 0.6
    endloop
  endfacet
  facet normal 0 0 1
    outer loop
      vertex 89.425 6.10016 0.6
      vertex 89.425 2.02984 0.6
      vertex 89.7007 1.89388 0.6
    endloop
  endfacet
  facet normal -0 0 1
    outer loop
      vertex 89.1694 5.92938 0.6
      vertex 89.425 2.02984 0.6
      vertex 89.425 6.10016 0.6
    endloop
  endfacet
  facet normal 0 0 1
    outer loop
      vertex 89.1694 5.92938 0.6
      vertex 89.1694 2.20062 0.6
      vertex 89.425 2.02984 0.6
    endloop
  endfacet
  facet normal -0 0 1
    outer loop
      vertex 88.9383 5.7267 0.6
      vertex 89.1694 2.20062 0.6
      vertex 89.1694 5.92938 0.6
    endloop
  endfacet
  facet normal 0 0 1
    outer loop
      vertex 88.9383 5.7267 0.6
      vertex 88.9383 2.4033 0.6
      vertex 89.1694 2.20062 0.6
    endloop
  endfacet
  facet normal -0 0 1
    outer loop
      vertex 88.7356 5.49559 0.6
      vertex 88.9383 2.4033 0.6
      vertex 88.9383 5.7267 0.6
    endloop
  endfacet
  facet normal 0 0 1
    outer loop
      vertex 88.7356 5.49559 0.6
      vertex 88.7356 2.63441 0.6
      vertex 88.9383 2.4033 0.6
    endloop
  endfacet
  facet normal -0 0 1
    outer loop
      vertex 88.5648 5.24 0.6
      vertex 88.7356 2.63441 0.6
      vertex 88.7356 5.49559 0.6
    endloop
  endfacet
  facet normal 0 0 1
    outer loop
      vertex 88.5648 5.24 0.6
      vertex 88.5648 2.89 0.6
      vertex 88.7356 2.63441 0.6
    endloop
  endfacet
  facet normal -0 0 1
    outer loop
      vertex 88.4289 4.96431 0.6
      vertex 88.5648 2.89 0.6
      vertex 88.5648 5.24 0.6
    endloop
  endfacet
  facet normal 0 0 1
    outer loop
      vertex 88.4289 4.96431 0.6
      vertex 88.4289 3.16569 0.6
      vertex 88.5648 2.89 0.6
    endloop
  endfacet
  facet normal -0 0 1
    outer loop
      vertex 88.3301 4.67322 0.6
      vertex 88.4289 3.16569 0.6
      vertex 88.4289 4.96431 0.6
    endloop
  endfacet
  facet normal 0 0 1
    outer loop
      vertex 88.3301 4.67322 0.6
      vertex 88.3301 3.45678 0.6
      vertex 88.4289 3.16569 0.6
    endloop
  endfacet
  facet normal -0 0 1
    outer loop
      vertex 88.2701 4.37174 0.6
      vertex 88.3301 3.45678 0.6
      vertex 88.3301 4.67322 0.6
    endloop
  endfacet
  facet normal 0 0 1
    outer loop
      vertex 88.2701 4.37174 0.6
      vertex 88.2701 3.75826 0.6
      vertex 88.3301 3.45678 0.6
    endloop
  endfacet
  facet normal 0 -0 1
    outer loop
      vertex 88.2701 3.75826 0.6
      vertex 88.2701 4.37174 0.6
      vertex 88.25 4.065 0.6
    endloop
  endfacet
  facet normal 0.751804 -0.659386 0
    outer loop
      vertex 88.7356 5.49559 4.51
      vertex 88.9383 5.7267 0.6
      vertex 88.9383 5.7267 4.51
    endloop
  endfacet
  facet normal 0.751804 -0.659386 0
    outer loop
      vertex 88.9383 5.7267 0.6
      vertex 88.7356 5.49559 4.51
      vertex 88.7356 5.49559 0.6
    endloop
  endfacet
  facet normal -0.751804 0.659386 0
    outer loop
      vertex 92.2617 2.4033 0.6
      vertex 92.4644 2.63441 4.51
      vertex 92.4644 2.63441 0.6
    endloop
  endfacet
  facet normal -0.751804 0.659386 0
    outer loop
      vertex 92.4644 2.63441 4.51
      vertex 92.2617 2.4033 0.6
      vertex 92.2617 2.4033 4.51
    endloop
  endfacet
  facet normal -0.896944 0.442144 0
    outer loop
      vertex 92.6352 2.89 0.6
      vertex 92.7711 3.16569 4.51
      vertex 92.7711 3.16569 0.6
    endloop
  endfacet
  facet normal -0.896944 0.442144 0
    outer loop
      vertex 92.7711 3.16569 4.51
      vertex 92.6352 2.89 0.6
      vertex 92.6352 2.89 4.51
    endloop
  endfacet
  facet normal 0.980765 -0.19519 0
    outer loop
      vertex 88.2701 4.37174 4.51
      vertex 88.3301 4.67322 0.6
      vertex 88.3301 4.67322 4.51
    endloop
  endfacet
  facet normal 0.980765 -0.19519 0
    outer loop
      vertex 88.3301 4.67322 0.6
      vertex 88.2701 4.37174 4.51
      vertex 88.2701 4.37174 0.6
    endloop
  endfacet
  facet normal -0.0653961 -0.997859 0
    outer loop
      vertex 90.6 6.415 0.6
      vertex 90.9067 6.3949 4.51
      vertex 90.6 6.415 4.51
    endloop
  endfacet
  facet normal -0.0653961 -0.997859 -0
    outer loop
      vertex 90.9067 6.3949 4.51
      vertex 90.6 6.415 0.6
      vertex 90.9067 6.3949 0.6
    endloop
  endfacet
  facet normal -0.555556 -0.831479 0
    outer loop
      vertex 91.775 6.10016 0.6
      vertex 92.0306 5.92938 4.51
      vertex 91.775 6.10016 4.51
    endloop
  endfacet
  facet normal -0.555556 -0.831479 -0
    outer loop
      vertex 92.0306 5.92938 4.51
      vertex 91.775 6.10016 0.6
      vertex 92.0306 5.92938 0.6
    endloop
  endfacet
  facet normal 0.321424 -0.946935 0
    outer loop
      vertex 89.7007 6.23612 0.6
      vertex 89.9918 6.33493 4.51
      vertex 89.7007 6.23612 4.51
    endloop
  endfacet
  facet normal 0.321424 -0.946935 0
    outer loop
      vertex 89.9918 6.33493 4.51
      vertex 89.7007 6.23612 0.6
      vertex 89.9918 6.33493 0.6
    endloop
  endfacet
  facet normal 0.99786 -0.0653876 0
    outer loop
      vertex 88.25 4.065 4.51
      vertex 88.2701 4.37174 0.6
      vertex 88.2701 4.37174 4.51
    endloop
  endfacet
  facet normal 0.99786 -0.0653876 0
    outer loop
      vertex 88.2701 4.37174 0.6
      vertex 88.25 4.065 4.51
      vertex 88.25 4.065 0.6
    endloop
  endfacet
  facet normal -0.659366 -0.751822 0
    outer loop
      vertex 92.0306 5.92938 0.6
      vertex 92.2617 5.7267 4.51
      vertex 92.0306 5.92938 4.51
    endloop
  endfacet
  facet normal -0.659366 -0.751822 -0
    outer loop
      vertex 92.2617 5.7267 4.51
      vertex 92.0306 5.92938 0.6
      vertex 92.2617 5.7267 0.6
    endloop
  endfacet
  facet normal 0.896944 0.442144 0
    outer loop
      vertex 88.5648 2.89 4.51
      vertex 88.4289 3.16569 0.6
      vertex 88.4289 3.16569 4.51
    endloop
  endfacet
  facet normal 0.896944 0.442144 0
    outer loop
      vertex 88.4289 3.16569 0.6
      vertex 88.5648 2.89 4.51
      vertex 88.5648 2.89 0.6
    endloop
  endfacet
  facet normal 0.442288 0.896873 -0
    outer loop
      vertex 89.7007 1.89388 0.6
      vertex 89.425 2.02984 4.51
      vertex 89.7007 1.89388 4.51
    endloop
  endfacet
  facet normal 0.442288 0.896873 0
    outer loop
      vertex 89.425 2.02984 4.51
      vertex 89.7007 1.89388 0.6
      vertex 89.425 2.02984 0.6
    endloop
  endfacet
  facet normal -0.659366 0.751822 0
    outer loop
      vertex 92.2617 2.4033 0.6
      vertex 92.0306 2.20062 4.51
      vertex 92.2617 2.4033 4.51
    endloop
  endfacet
  facet normal -0.659366 0.751822 0
    outer loop
      vertex 92.0306 2.20062 4.51
      vertex 92.2617 2.4033 0.6
      vertex 92.0306 2.20062 0.6
    endloop
  endfacet
  facet normal 0.831439 0.555616 0
    outer loop
      vertex 88.7356 2.63441 4.51
      vertex 88.5648 2.89 0.6
      vertex 88.5648 2.89 4.51
    endloop
  endfacet
  facet normal 0.831439 0.555616 0
    outer loop
      vertex 88.5648 2.89 0.6
      vertex 88.7356 2.63441 4.51
      vertex 88.7356 2.63441 0.6
    endloop
  endfacet
  facet normal 0.0462913 -0.706345 0.706352
    outer loop
      vertex 90.2354 6.88111 5
      vertex 90.2933 6.3949 4.51
      vertex 90.6 6.415 4.51
    endloop
  endfacet
  facet normal 0.0474684 -0.706236 0.706383
    outer loop
      vertex 90.2933 6.3949 4.51
      vertex 90.2354 6.88111 5
      vertex 90.2293 6.8807 5
    endloop
  endfacet
  facet normal -0.393259 0.588577 0.706346
    outer loop
      vertex 91.775 2.02984 4.51
      vertex 92.0251 1.6089 5
      vertex 92.0306 2.20062 4.51
    endloop
  endfacet
  facet normal -0.393456 0.588453 0.70634
    outer loop
      vertex 92.0251 1.6089 5
      vertex 91.775 2.02984 4.51
      vertex 92.02 1.60549 5
    endloop
  endfacet
  facet normal -0.706348 -0.0463071 0.706348
    outer loop
      vertex 93.44 4.065 5
      vertex 93.4161 4.42956 5
      vertex 92.95 4.065 4.51
    endloop
  endfacet
  facet normal -0.706375 -0.046093 0.706336
    outer loop
      vertex 92.9299 4.37174 4.51
      vertex 93.4161 4.42956 5
      vertex 93.4157 4.43569 5
    endloop
  endfacet
  facet normal -0.706357 -0.046286 0.706341
    outer loop
      vertex 93.4161 4.42956 5
      vertex 92.9299 4.37174 4.51
      vertex 92.95 4.065 4.51
    endloop
  endfacet
  facet normal -0.694254 0.138142 0.706349
    outer loop
      vertex 93.3432 3.32995 5
      vertex 93.4145 3.68828 5
      vertex 92.8699 3.45678 4.51
    endloop
  endfacet
  facet normal 0.466727 -0.532172 0.70637
    outer loop
      vertex 88.5964 6.07724 5
      vertex 88.9383 5.7267 4.51
      vertex 89.1694 5.92938 4.51
    endloop
  endfacet
  facet normal 0.468362 -0.530657 0.706428
    outer loop
      vertex 88.9383 5.7267 4.51
      vertex 88.5964 6.07724 5
      vertex 88.5918 6.07318 5
    endloop
  endfacet
  facet normal 0.138098 0.694268 0.706343
    outer loop
      vertex 90.2233 1.2505 5
      vertex 89.9918 1.79507 4.51
      vertex 89.865 1.32177 5
    endloop
  endfacet
  facet normal 0.466727 0.532172 0.70637
    outer loop
      vertex 88.9383 2.4033 4.51
      vertex 88.5964 2.05276 5
      vertex 89.1694 2.20062 4.51
    endloop
  endfacet
  facet normal 0.468362 0.530657 0.706428
    outer loop
      vertex 88.5964 2.05276 5
      vertex 88.9383 2.4033 4.51
      vertex 88.5918 2.05682 5
    endloop
  endfacet
  facet normal -0.466698 0.532223 0.706351
    outer loop
      vertex 92.3289 1.81188 5
      vertex 92.6036 2.05276 5
      vertex 92.0306 2.20062 4.51
    endloop
  endfacet
  facet normal 0.227526 0.670305 0.706345
    outer loop
      vertex 89.7007 1.89388 4.51
      vertex 89.519 1.43921 5
      vertex 89.9918 1.79507 4.51
    endloop
  endfacet
  facet normal 0.227656 0.670257 0.706349
    outer loop
      vertex 89.519 1.43921 5
      vertex 89.7007 1.89388 4.51
      vertex 89.5132 1.44118 5
    endloop
  endfacet
  facet normal 0.0462827 0.706349 0.706349
    outer loop
      vertex 90.6 1.225 5
      vertex 90.6 1.715 4.51
      vertex 90.2354 1.24889 5
    endloop
  endfacet
  facet normal 0.694258 0.13817 0.706339
    outer loop
      vertex 88.2701 3.75826 4.51
      vertex 87.7855 3.68828 5
      vertex 88.3301 3.45678 4.51
    endloop
  endfacet
  facet normal 0.694259 0.138161 0.70634
    outer loop
      vertex 87.7855 3.68828 5
      vertex 88.2701 3.75826 4.51
      vertex 87.7843 3.69431 5
    endloop
  endfacet
  facet normal -0.706357 0.046286 0.706341
    outer loop
      vertex 92.9299 3.75826 4.51
      vertex 93.4161 3.70044 5
      vertex 92.95 4.065 4.51
    endloop
  endfacet
  facet normal -0.706375 0.046093 0.706336
    outer loop
      vertex 93.4161 3.70044 5
      vertex 92.9299 3.75826 4.51
      vertex 93.4157 3.69431 5
    endloop
  endfacet
  facet normal -0.0462913 -0.706345 0.706352
    outer loop
      vertex 90.9067 6.3949 4.51
      vertex 90.9646 6.88111 5
      vertex 90.6 6.415 4.51
    endloop
  endfacet
  facet normal -0.0474684 -0.706236 0.706383
    outer loop
      vertex 90.9646 6.88111 5
      vertex 90.9067 6.3949 4.51
      vertex 90.9707 6.8807 5
    endloop
  endfacet
  facet normal -0.313061 0.634879 0.706344
    outer loop
      vertex 91.6868 1.44118 5
      vertex 92.0145 1.60277 5
      vertex 91.4993 1.89388 4.51
    endloop
  endfacet
  facet normal -0.706348 0.0463071 0.706348
    outer loop
      vertex 93.4161 3.70044 5
      vertex 93.44 4.065 5
      vertex 92.95 4.065 4.51
    endloop
  endfacet
  facet normal 0.532189 0.466768 0.70633
    outer loop
      vertex 88.5878 2.06144 5
      vertex 88.9383 2.4033 4.51
      vertex 88.7356 2.63441 4.51
    endloop
  endfacet
  facet normal 0.535265 0.463433 0.706203
    outer loop
      vertex 88.9383 2.4033 4.51
      vertex 88.5878 2.06144 5
      vertex 88.5918 2.05682 5
    endloop
  endfacet
  facet normal 0.227518 0.670311 0.706342
    outer loop
      vertex 89.865 1.32177 5
      vertex 89.9918 1.79507 4.51
      vertex 89.519 1.43921 5
    endloop
  endfacet
  facet normal 0.588564 0.393319 0.706323
    outer loop
      vertex 88.3469 2.33612 5
      vertex 88.7356 2.63441 4.51
      vertex 88.1439 2.63989 5
    endloop
  endfacet
  facet normal -0.138098 0.694268 0.706343
    outer loop
      vertex 91.335 1.32177 5
      vertex 91.2082 1.79507 4.51
      vertex 90.9767 1.2505 5
    endloop
  endfacet
  facet normal 0.393456 -0.588453 0.70634
    outer loop
      vertex 89.1749 6.5211 5
      vertex 89.425 6.10016 4.51
      vertex 89.18 6.52451 5
    endloop
  endfacet
  facet normal 0.393259 -0.588577 0.706346
    outer loop
      vertex 89.425 6.10016 4.51
      vertex 89.1749 6.5211 5
      vertex 89.1694 5.92938 4.51
    endloop
  endfacet
  facet normal -0.313784 0.63449 0.706373
    outer loop
      vertex 91.775 2.02984 4.51
      vertex 92.0145 1.60277 5
      vertex 92.02 1.60549 5
    endloop
  endfacet
  facet normal -0.313078 0.634861 0.706352
    outer loop
      vertex 92.0145 1.60277 5
      vertex 91.775 2.02984 4.51
      vertex 91.4993 1.89388 4.51
    endloop
  endfacet
  facet normal 0.393251 -0.588579 0.706349
    outer loop
      vertex 89.1694 5.92938 4.51
      vertex 89.1749 6.5211 5
      vertex 88.8711 6.31812 5
    endloop
  endfacet
  facet normal -0.670293 0.227507 0.706363
    outer loop
      vertex 92.7711 3.16569 4.51
      vertex 93.2258 2.984 5
      vertex 92.8699 3.45678 4.51
    endloop
  endfacet
  facet normal -0.669362 0.230021 0.706431
    outer loop
      vertex 93.2258 2.984 5
      vertex 92.7711 3.16569 4.51
      vertex 93.2238 2.97818 5
    endloop
  endfacet
  facet normal 0.0463137 0.706336 0.70636
    outer loop
      vertex 90.2933 1.73511 4.51
      vertex 90.2354 1.24889 5
      vertex 90.6 1.715 4.51
    endloop
  endfacet
  facet normal 0.0474679 0.706229 0.70639
    outer loop
      vertex 90.2354 1.24889 5
      vertex 90.2933 1.73511 4.51
      vertex 90.2293 1.2493 5
    endloop
  endfacet
  facet normal 0.313061 0.634879 0.706344
    outer loop
      vertex 89.5132 1.44118 5
      vertex 89.7007 1.89388 4.51
      vertex 89.1855 1.60277 5
    endloop
  endfacet
  facet normal -0.634858 0.313099 0.706346
    outer loop
      vertex 93.0622 2.65051 5
      vertex 93.2238 2.97818 5
      vertex 92.7711 3.16569 4.51
    endloop
  endfacet
  facet normal 0.669362 -0.230021 0.706431
    outer loop
      vertex 87.9742 5.146 5
      vertex 88.4289 4.96431 4.51
      vertex 87.9762 5.15182 5
    endloop
  endfacet
  facet normal 0.670293 -0.227507 0.706363
    outer loop
      vertex 88.4289 4.96431 4.51
      vertex 87.9742 5.146 5
      vertex 88.3301 4.67322 4.51
    endloop
  endfacet
  facet normal 0.532208 0.466757 0.706323
    outer loop
      vertex 88.5878 2.06144 5
      vertex 88.7356 2.63441 4.51
      vertex 88.3469 2.33612 5
    endloop
  endfacet
  facet normal -0.694259 0.138161 0.70634
    outer loop
      vertex 92.9299 3.75826 4.51
      vertex 93.4145 3.68828 5
      vertex 93.4157 3.69431 5
    endloop
  endfacet
  facet normal -0.694258 0.13817 0.706339
    outer loop
      vertex 93.4145 3.68828 5
      vertex 92.9299 3.75826 4.51
      vertex 92.8699 3.45678 4.51
    endloop
  endfacet
  facet normal -0.466698 -0.532223 0.706351
    outer loop
      vertex 92.6036 6.07724 5
      vertex 92.3289 6.31812 5
      vertex 92.0306 5.92938 4.51
    endloop
  endfacet
  facet normal 0.706348 0.0463071 0.706348
    outer loop
      vertex 87.7839 3.70044 5
      vertex 88.25 4.065 4.51
      vertex 87.76 4.065 5
    endloop
  endfacet
  facet normal 0.588566 -0.393314 0.706325
    outer loop
      vertex 88.1439 5.49011 5
      vertex 88.5648 5.24 4.51
      vertex 88.7356 5.49559 4.51
    endloop
  endfacet
  facet normal 0.589322 -0.392113 0.706362
    outer loop
      vertex 88.5648 5.24 4.51
      vertex 88.1439 5.49011 5
      vertex 88.1405 5.485 5
    endloop
  endfacet
  facet normal -0.670317 0.227476 0.70635
    outer loop
      vertex 93.2258 2.984 5
      vertex 93.3432 3.32995 5
      vertex 92.8699 3.45678 4.51
    endloop
  endfacet
  facet normal 0.466698 0.532223 0.706351
    outer loop
      vertex 88.8711 1.81188 5
      vertex 89.1694 2.20062 4.51
      vertex 88.5964 2.05276 5
    endloop
  endfacet
  facet normal 0.706348 -0.0463071 0.706348
    outer loop
      vertex 88.25 4.065 4.51
      vertex 87.7839 4.42956 5
      vertex 87.76 4.065 5
    endloop
  endfacet
  facet normal -0.393456 -0.588453 0.70634
    outer loop
      vertex 91.775 6.10016 4.51
      vertex 92.0251 6.5211 5
      vertex 92.02 6.52451 5
    endloop
  endfacet
  facet normal -0.393259 -0.588577 0.706346
    outer loop
      vertex 92.0251 6.5211 5
      vertex 91.775 6.10016 4.51
      vertex 92.0306 5.92938 4.51
    endloop
  endfacet
  facet normal 0.138828 -0.694142 0.706324
    outer loop
      vertex 90.2233 6.8795 5
      vertex 90.2933 6.3949 4.51
      vertex 90.2293 6.8807 5
    endloop
  endfacet
  facet normal 0.138094 -0.694268 0.706344
    outer loop
      vertex 90.2933 6.3949 4.51
      vertex 90.2233 6.8795 5
      vertex 89.9918 6.33493 4.51
    endloop
  endfacet
  facet normal -0.13807 0.694265 0.706352
    outer loop
      vertex 90.9067 1.73511 4.51
      vertex 90.9767 1.2505 5
      vertex 91.2082 1.79507 4.51
    endloop
  endfacet
  facet normal -0.138827 0.694135 0.706332
    outer loop
      vertex 90.9767 1.2505 5
      vertex 90.9067 1.73511 4.51
      vertex 90.9707 1.2493 5
    endloop
  endfacet
  facet normal -0.532189 0.466768 0.70633
    outer loop
      vertex 92.2617 2.4033 4.51
      vertex 92.6122 2.06144 5
      vertex 92.4644 2.63441 4.51
    endloop
  endfacet
  facet normal -0.535265 0.463433 0.706203
    outer loop
      vertex 92.6122 2.06144 5
      vertex 92.2617 2.4033 4.51
      vertex 92.6082 2.05682 5
    endloop
  endfacet
  facet normal -0.393251 0.588579 0.706349
    outer loop
      vertex 92.3289 1.81188 5
      vertex 92.0306 2.20062 4.51
      vertex 92.0251 1.6089 5
    endloop
  endfacet
  facet normal -0.138828 -0.694142 0.706324
    outer loop
      vertex 90.9067 6.3949 4.51
      vertex 90.9767 6.8795 5
      vertex 90.9707 6.8807 5
    endloop
  endfacet
  facet normal -0.138094 -0.694268 0.706344
    outer loop
      vertex 90.9767 6.8795 5
      vertex 90.9067 6.3949 4.51
      vertex 91.2082 6.33493 4.51
    endloop
  endfacet
  facet normal -0.468362 0.530657 0.706428
    outer loop
      vertex 92.2617 2.4033 4.51
      vertex 92.6036 2.05276 5
      vertex 92.6082 2.05682 5
    endloop
  endfacet
  facet normal -0.466727 0.532172 0.70637
    outer loop
      vertex 92.6036 2.05276 5
      vertex 92.2617 2.4033 4.51
      vertex 92.0306 2.20062 4.51
    endloop
  endfacet
  facet normal 0.393251 0.588579 0.706349
    outer loop
      vertex 89.1749 1.6089 5
      vertex 89.1694 2.20062 4.51
      vertex 88.8711 1.81188 5
    endloop
  endfacet
  facet normal -0.0462827 0.706349 0.706349
    outer loop
      vertex 90.9646 1.24889 5
      vertex 90.6 1.715 4.51
      vertex 90.6 1.225 5
    endloop
  endfacet
  facet normal 0.670317 0.227476 0.70635
    outer loop
      vertex 87.9742 2.984 5
      vertex 88.3301 3.45678 4.51
      vertex 87.8568 3.32995 5
    endloop
  endfacet
  facet normal -0.532208 0.466757 0.706323
    outer loop
      vertex 92.6122 2.06144 5
      vertex 92.8531 2.33612 5
      vertex 92.4644 2.63441 4.51
    endloop
  endfacet
  facet normal -0.227518 0.670311 0.706342
    outer loop
      vertex 91.335 1.32177 5
      vertex 91.681 1.43921 5
      vertex 91.2082 1.79507 4.51
    endloop
  endfacet
  facet normal -0.0462827 -0.706349 0.706349
    outer loop
      vertex 90.9646 6.88111 5
      vertex 90.6 6.905 5
      vertex 90.6 6.415 4.51
    endloop
  endfacet
  facet normal 0.670317 -0.227476 0.70635
    outer loop
      vertex 88.3301 4.67322 4.51
      vertex 87.9742 5.146 5
      vertex 87.8568 4.80005 5
    endloop
  endfacet
  facet normal 0.694258 -0.13817 0.706339
    outer loop
      vertex 87.7855 4.44172 5
      vertex 88.2701 4.37174 4.51
      vertex 88.3301 4.67322 4.51
    endloop
  endfacet
  facet normal 0.694259 -0.138161 0.70634
    outer loop
      vertex 88.2701 4.37174 4.51
      vertex 87.7855 4.44172 5
      vertex 87.7843 4.43569 5
    endloop
  endfacet
  facet normal -0.0474679 0.706229 0.70639
    outer loop
      vertex 90.9067 1.73511 4.51
      vertex 90.9646 1.24889 5
      vertex 90.9707 1.2493 5
    endloop
  endfacet
  facet normal -0.0463137 0.706336 0.70636
    outer loop
      vertex 90.9646 1.24889 5
      vertex 90.9067 1.73511 4.51
      vertex 90.6 1.715 4.51
    endloop
  endfacet
  facet normal -0.313061 -0.634879 0.706344
    outer loop
      vertex 92.0145 6.52723 5
      vertex 91.6868 6.68882 5
      vertex 91.4993 6.23612 4.51
    endloop
  endfacet
  facet normal 0.313061 -0.634879 0.706344
    outer loop
      vertex 89.7007 6.23612 4.51
      vertex 89.5132 6.68882 5
      vertex 89.1855 6.52723 5
    endloop
  endfacet
  facet normal 0.535265 -0.463433 0.706203
    outer loop
      vertex 88.5878 6.06856 5
      vertex 88.9383 5.7267 4.51
      vertex 88.5918 6.07318 5
    endloop
  endfacet
  facet normal 0.532189 -0.466768 0.70633
    outer loop
      vertex 88.9383 5.7267 4.51
      vertex 88.5878 6.06856 5
      vertex 88.7356 5.49559 4.51
    endloop
  endfacet
  facet normal 0.634958 0.312999 0.7063
    outer loop
      vertex 88.1378 2.65051 5
      vertex 88.5648 2.89 4.51
      vertex 88.4289 3.16569 4.51
    endloop
  endfacet
  facet normal 0.635735 0.311521 0.706255
    outer loop
      vertex 88.5648 2.89 4.51
      vertex 88.1378 2.65051 5
      vertex 88.1405 2.645 5
    endloop
  endfacet
  facet normal 0.706357 0.046286 0.706341
    outer loop
      vertex 87.7839 3.70044 5
      vertex 88.2701 3.75826 4.51
      vertex 88.25 4.065 4.51
    endloop
  endfacet
  facet normal 0.706375 0.046093 0.706336
    outer loop
      vertex 88.2701 3.75826 4.51
      vertex 87.7839 3.70044 5
      vertex 87.7843 3.69431 5
    endloop
  endfacet
  facet normal 0.670293 0.227507 0.706363
    outer loop
      vertex 87.9742 2.984 5
      vertex 88.4289 3.16569 4.51
      vertex 88.3301 3.45678 4.51
    endloop
  endfacet
  facet normal 0.669362 0.230021 0.706431
    outer loop
      vertex 88.4289 3.16569 4.51
      vertex 87.9742 2.984 5
      vertex 87.9762 2.97818 5
    endloop
  endfacet
  facet normal -0.589322 -0.392113 0.706362
    outer loop
      vertex 93.0561 5.49011 5
      vertex 92.6352 5.24 4.51
      vertex 93.0595 5.485 5
    endloop
  endfacet
  facet normal -0.588566 -0.393314 0.706325
    outer loop
      vertex 92.6352 5.24 4.51
      vertex 93.0561 5.49011 5
      vertex 92.4644 5.49559 4.51
    endloop
  endfacet
  facet normal 0.634858 0.313099 0.706346
    outer loop
      vertex 88.1378 2.65051 5
      vertex 88.4289 3.16569 4.51
      vertex 87.9762 2.97818 5
    endloop
  endfacet
  facet normal 0.588566 0.393314 0.706325
    outer loop
      vertex 88.5648 2.89 4.51
      vertex 88.1439 2.63989 5
      vertex 88.7356 2.63441 4.51
    endloop
  endfacet
  facet normal 0.589322 0.392113 0.706362
    outer loop
      vertex 88.1439 2.63989 5
      vertex 88.5648 2.89 4.51
      vertex 88.1405 2.645 5
    endloop
  endfacet
  facet normal 0.694254 -0.138142 0.706349
    outer loop
      vertex 88.3301 4.67322 4.51
      vertex 87.8568 4.80005 5
      vertex 87.7855 4.44172 5
    endloop
  endfacet
  facet normal -0.138098 -0.694268 0.706343
    outer loop
      vertex 91.2082 6.33493 4.51
      vertex 91.335 6.80823 5
      vertex 90.9767 6.8795 5
    endloop
  endfacet
  facet normal -0.227656 0.670257 0.706349
    outer loop
      vertex 91.4993 1.89388 4.51
      vertex 91.681 1.43921 5
      vertex 91.6868 1.44118 5
    endloop
  endfacet
  facet normal -0.227526 0.670305 0.706345
    outer loop
      vertex 91.681 1.43921 5
      vertex 91.4993 1.89388 4.51
      vertex 91.2082 1.79507 4.51
    endloop
  endfacet
  facet normal -0.227518 -0.670311 0.706342
    outer loop
      vertex 91.681 6.69079 5
      vertex 91.335 6.80823 5
      vertex 91.2082 6.33493 4.51
    endloop
  endfacet
  facet normal 0.706375 -0.046093 0.706336
    outer loop
      vertex 87.7839 4.42956 5
      vertex 88.2701 4.37174 4.51
      vertex 87.7843 4.43569 5
    endloop
  endfacet
  facet normal 0.706357 -0.046286 0.706341
    outer loop
      vertex 88.2701 4.37174 4.51
      vertex 87.7839 4.42956 5
      vertex 88.25 4.065 4.51
    endloop
  endfacet
  facet normal -0.634858 -0.313099 0.706346
    outer loop
      vertex 93.2238 5.15182 5
      vertex 93.0622 5.47949 5
      vertex 92.7711 4.96431 4.51
    endloop
  endfacet
  facet normal 0.694254 0.138142 0.706349
    outer loop
      vertex 87.8568 3.32995 5
      vertex 88.3301 3.45678 4.51
      vertex 87.7855 3.68828 5
    endloop
  endfacet
  facet normal 0.138827 0.694135 0.706332
    outer loop
      vertex 90.2933 1.73511 4.51
      vertex 90.2233 1.2505 5
      vertex 90.2293 1.2493 5
    endloop
  endfacet
  facet normal 0.13807 0.694265 0.706352
    outer loop
      vertex 90.2233 1.2505 5
      vertex 90.2933 1.73511 4.51
      vertex 89.9918 1.79507 4.51
    endloop
  endfacet
  facet normal 0.588564 -0.393319 0.706323
    outer loop
      vertex 88.7356 5.49559 4.51
      vertex 88.3469 5.79388 5
      vertex 88.1439 5.49011 5
    endloop
  endfacet
  facet normal 0.0462827 -0.706349 0.706349
    outer loop
      vertex 90.6 6.415 4.51
      vertex 90.6 6.905 5
      vertex 90.2354 6.88111 5
    endloop
  endfacet
  facet normal -0.588564 -0.393319 0.706323
    outer loop
      vertex 93.0561 5.49011 5
      vertex 92.8531 5.79388 5
      vertex 92.4644 5.49559 4.51
    endloop
  endfacet
  facet normal -0.588564 0.393319 0.706323
    outer loop
      vertex 92.8531 2.33612 5
      vertex 93.0561 2.63989 5
      vertex 92.4644 2.63441 4.51
    endloop
  endfacet
  facet normal -0.227656 -0.670257 0.706349
    outer loop
      vertex 91.681 6.69079 5
      vertex 91.4993 6.23612 4.51
      vertex 91.6868 6.68882 5
    endloop
  endfacet
  facet normal -0.227526 -0.670305 0.706345
    outer loop
      vertex 91.4993 6.23612 4.51
      vertex 91.681 6.69079 5
      vertex 91.2082 6.33493 4.51
    endloop
  endfacet
  facet normal -0.589322 0.392113 0.706362
    outer loop
      vertex 92.6352 2.89 4.51
      vertex 93.0561 2.63989 5
      vertex 93.0595 2.645 5
    endloop
  endfacet
  facet normal -0.588566 0.393314 0.706325
    outer loop
      vertex 93.0561 2.63989 5
      vertex 92.6352 2.89 4.51
      vertex 92.4644 2.63441 4.51
    endloop
  endfacet
  facet normal 0.635735 -0.311521 0.706255
    outer loop
      vertex 88.1378 5.47949 5
      vertex 88.5648 5.24 4.51
      vertex 88.1405 5.485 5
    endloop
  endfacet
  facet normal 0.634958 -0.312999 0.7063
    outer loop
      vertex 88.5648 5.24 4.51
      vertex 88.1378 5.47949 5
      vertex 88.4289 4.96431 4.51
    endloop
  endfacet
  facet normal 0.634858 -0.313099 0.706346
    outer loop
      vertex 88.4289 4.96431 4.51
      vertex 88.1378 5.47949 5
      vertex 87.9762 5.15182 5
    endloop
  endfacet
  facet normal -0.393251 -0.588579 0.706349
    outer loop
      vertex 92.0306 5.92938 4.51
      vertex 92.3289 6.31812 5
      vertex 92.0251 6.5211 5
    endloop
  endfacet
  facet normal -0.635735 -0.311521 0.706255
    outer loop
      vertex 92.6352 5.24 4.51
      vertex 93.0622 5.47949 5
      vertex 93.0595 5.485 5
    endloop
  endfacet
  facet normal -0.634958 -0.312999 0.7063
    outer loop
      vertex 93.0622 5.47949 5
      vertex 92.6352 5.24 4.51
      vertex 92.7711 4.96431 4.51
    endloop
  endfacet
  facet normal -0.468362 -0.530657 0.706428
    outer loop
      vertex 92.6036 6.07724 5
      vertex 92.2617 5.7267 4.51
      vertex 92.6082 6.07318 5
    endloop
  endfacet
  facet normal -0.466727 -0.532172 0.70637
    outer loop
      vertex 92.2617 5.7267 4.51
      vertex 92.6036 6.07724 5
      vertex 92.0306 5.92938 4.51
    endloop
  endfacet
  facet normal 0.313078 0.634861 0.706352
    outer loop
      vertex 89.425 2.02984 4.51
      vertex 89.1855 1.60277 5
      vertex 89.7007 1.89388 4.51
    endloop
  endfacet
  facet normal 0.313784 0.63449 0.706373
    outer loop
      vertex 89.1855 1.60277 5
      vertex 89.425 2.02984 4.51
      vertex 89.18 1.60549 5
    endloop
  endfacet
  facet normal 0.466698 -0.532223 0.706351
    outer loop
      vertex 89.1694 5.92938 4.51
      vertex 88.8711 6.31812 5
      vertex 88.5964 6.07724 5
    endloop
  endfacet
  facet normal 0.393456 0.588453 0.70634
    outer loop
      vertex 89.425 2.02984 4.51
      vertex 89.1749 1.6089 5
      vertex 89.18 1.60549 5
    endloop
  endfacet
  facet normal 0.393259 0.588577 0.706346
    outer loop
      vertex 89.1749 1.6089 5
      vertex 89.425 2.02984 4.51
      vertex 89.1694 2.20062 4.51
    endloop
  endfacet
  facet normal 0.227518 -0.670311 0.706342
    outer loop
      vertex 89.9918 6.33493 4.51
      vertex 89.865 6.80823 5
      vertex 89.519 6.69079 5
    endloop
  endfacet
  facet normal 0.138098 -0.694268 0.706343
    outer loop
      vertex 89.9918 6.33493 4.51
      vertex 90.2233 6.8795 5
      vertex 89.865 6.80823 5
    endloop
  endfacet
  facet normal 0.532208 -0.466757 0.706323
    outer loop
      vertex 88.7356 5.49559 4.51
      vertex 88.5878 6.06856 5
      vertex 88.3469 5.79388 5
    endloop
  endfacet
  facet normal -0.313784 -0.63449 0.706373
    outer loop
      vertex 92.0145 6.52723 5
      vertex 91.775 6.10016 4.51
      vertex 92.02 6.52451 5
    endloop
  endfacet
  facet normal -0.313078 -0.634861 0.706352
    outer loop
      vertex 91.775 6.10016 4.51
      vertex 92.0145 6.52723 5
      vertex 91.4993 6.23612 4.51
    endloop
  endfacet
  facet normal -0.669362 -0.230021 0.706431
    outer loop
      vertex 92.7711 4.96431 4.51
      vertex 93.2258 5.146 5
      vertex 93.2238 5.15182 5
    endloop
  endfacet
  facet normal -0.670293 -0.227507 0.706363
    outer loop
      vertex 93.2258 5.146 5
      vertex 92.7711 4.96431 4.51
      vertex 92.8699 4.67322 4.51
    endloop
  endfacet
  facet normal 0.227526 -0.670305 0.706345
    outer loop
      vertex 89.519 6.69079 5
      vertex 89.7007 6.23612 4.51
      vertex 89.9918 6.33493 4.51
    endloop
  endfacet
  facet normal 0.227656 -0.670257 0.706349
    outer loop
      vertex 89.7007 6.23612 4.51
      vertex 89.519 6.69079 5
      vertex 89.5132 6.68882 5
    endloop
  endfacet
  facet normal 0.313078 -0.634861 0.706352
    outer loop
      vertex 89.1855 6.52723 5
      vertex 89.425 6.10016 4.51
      vertex 89.7007 6.23612 4.51
    endloop
  endfacet
  facet normal 0.313784 -0.63449 0.706373
    outer loop
      vertex 89.425 6.10016 4.51
      vertex 89.1855 6.52723 5
      vertex 89.18 6.52451 5
    endloop
  endfacet
  facet normal -0.634958 0.312999 0.7063
    outer loop
      vertex 92.6352 2.89 4.51
      vertex 93.0622 2.65051 5
      vertex 92.7711 3.16569 4.51
    endloop
  endfacet
  facet normal -0.635735 0.311521 0.706255
    outer loop
      vertex 93.0622 2.65051 5
      vertex 92.6352 2.89 4.51
      vertex 93.0595 2.645 5
    endloop
  endfacet
  facet normal -0.535265 -0.463433 0.706203
    outer loop
      vertex 92.2617 5.7267 4.51
      vertex 92.6122 6.06856 5
      vertex 92.6082 6.07318 5
    endloop
  endfacet
  facet normal -0.532189 -0.466768 0.70633
    outer loop
      vertex 92.6122 6.06856 5
      vertex 92.2617 5.7267 4.51
      vertex 92.4644 5.49559 4.51
    endloop
  endfacet
  facet normal -0.532208 -0.466757 0.706323
    outer loop
      vertex 92.8531 5.79388 5
      vertex 92.6122 6.06856 5
      vertex 92.4644 5.49559 4.51
    endloop
  endfacet
  facet normal -0.670317 -0.227476 0.70635
    outer loop
      vertex 93.3432 4.80005 5
      vertex 93.2258 5.146 5
      vertex 92.8699 4.67322 4.51
    endloop
  endfacet
  facet normal -0.694254 -0.138142 0.706349
    outer loop
      vertex 93.4145 4.44172 5
      vertex 93.3432 4.80005 5
      vertex 92.8699 4.67322 4.51
    endloop
  endfacet
  facet normal -0.694259 -0.138161 0.70634
    outer loop
      vertex 93.4145 4.44172 5
      vertex 92.9299 4.37174 4.51
      vertex 93.4157 4.43569 5
    endloop
  endfacet
  facet normal -0.694258 -0.13817 0.706339
    outer loop
      vertex 92.9299 4.37174 4.51
      vertex 93.4145 4.44172 5
      vertex 92.8699 4.67322 4.51
    endloop
  endfacet
  facet normal -0.195178 -0.980768 0
    outer loop
      vertex 90.9067 68.1149 0.6
      vertex 91.2082 68.0549 4.51
      vertex 90.9067 68.1149 4.51
    endloop
  endfacet
  facet normal -0.195178 -0.980768 -0
    outer loop
      vertex 91.2082 68.0549 4.51
      vertex 90.9067 68.1149 0.6
      vertex 91.2082 68.0549 0.6
    endloop
  endfacet
  facet normal -0.980768 -0.195178 0
    outer loop
      vertex 92.9299 66.0917 0.6
      vertex 92.8699 66.3932 4.51
      vertex 92.8699 66.3932 0.6
    endloop
  endfacet
  facet normal -0.980768 -0.195178 0
    outer loop
      vertex 92.8699 66.3932 4.51
      vertex 92.9299 66.0917 0.6
      vertex 92.9299 66.0917 4.51
    endloop
  endfacet
  facet normal -0.997859 -0.0653961 0
    outer loop
      vertex 92.95 65.785 0.6
      vertex 92.9299 66.0917 4.51
      vertex 92.9299 66.0917 0.6
    endloop
  endfacet
  facet normal -0.997859 -0.0653961 0
    outer loop
      vertex 92.9299 66.0917 4.51
      vertex 92.95 65.785 0.6
      vertex 92.95 65.785 4.51
    endloop
  endfacet
  facet normal -0.946945 -0.321395 0
    outer loop
      vertex 92.8699 66.3932 0.6
      vertex 92.7711 66.6843 4.51
      vertex 92.7711 66.6843 0.6
    endloop
  endfacet
  facet normal -0.946945 -0.321395 0
    outer loop
      vertex 92.7711 66.6843 4.51
      vertex 92.8699 66.3932 0.6
      vertex 92.8699 66.3932 4.51
    endloop
  endfacet
  facet normal -0.831449 -0.555601 0
    outer loop
      vertex 92.6352 66.96 0.6
      vertex 92.4644 67.2156 4.51
      vertex 92.4644 67.2156 0.6
    endloop
  endfacet
  facet normal -0.831449 -0.555601 0
    outer loop
      vertex 92.4644 67.2156 4.51
      vertex 92.6352 66.96 0.6
      vertex 92.6352 66.96 4.51
    endloop
  endfacet
  facet normal -0.321395 -0.946945 0
    outer loop
      vertex 91.2082 68.0549 0.6
      vertex 91.4993 67.9561 4.51
      vertex 91.2082 68.0549 4.51
    endloop
  endfacet
  facet normal -0.321395 -0.946945 -0
    outer loop
      vertex 91.4993 67.9561 4.51
      vertex 91.2082 68.0549 0.6
      vertex 91.4993 67.9561 0.6
    endloop
  endfacet
  facet normal 0.980768 0.195178 0
    outer loop
      vertex 88.3301 65.1768 4.51
      vertex 88.2701 65.4783 0.6
      vertex 88.2701 65.4783 4.51
    endloop
  endfacet
  facet normal 0.980768 0.195178 0
    outer loop
      vertex 88.2701 65.4783 0.6
      vertex 88.3301 65.1768 4.51
      vertex 88.3301 65.1768 0.6
    endloop
  endfacet
  facet normal -0.997859 0.0653961 0
    outer loop
      vertex 92.9299 65.4783 0.6
      vertex 92.95 65.785 4.51
      vertex 92.95 65.785 0.6
    endloop
  endfacet
  facet normal -0.997859 0.0653961 0
    outer loop
      vertex 92.95 65.785 4.51
      vertex 92.9299 65.4783 0.6
      vertex 92.9299 65.4783 4.51
    endloop
  endfacet
  facet normal 0.555601 0.831449 -0
    outer loop
      vertex 89.425 63.7498 0.6
      vertex 89.1694 63.9206 4.51
      vertex 89.425 63.7498 4.51
    endloop
  endfacet
  facet normal 0.555601 0.831449 0
    outer loop
      vertex 89.1694 63.9206 4.51
      vertex 89.425 63.7498 0.6
      vertex 89.1694 63.9206 0.6
    endloop
  endfacet
  facet normal 0.997859 0.0653961 0
    outer loop
      vertex 88.2701 65.4783 4.51
      vertex 88.25 65.785 0.6
      vertex 88.25 65.785 4.51
    endloop
  endfacet
  facet normal 0.997859 0.0653961 0
    outer loop
      vertex 88.25 65.785 0.6
      vertex 88.2701 65.4783 4.51
      vertex 88.2701 65.4783 0.6
    endloop
  endfacet
  facet normal 0.321395 0.946945 -0
    outer loop
      vertex 89.9918 63.5151 0.6
      vertex 89.7007 63.6139 4.51
      vertex 89.9918 63.5151 4.51
    endloop
  endfacet
  facet normal 0.321395 0.946945 0
    outer loop
      vertex 89.7007 63.6139 4.51
      vertex 89.9918 63.5151 0.6
      vertex 89.7007 63.6139 0.6
    endloop
  endfacet
  facet normal -0.89695 -0.442131 0
    outer loop
      vertex 92.7711 66.6843 0.6
      vertex 92.6352 66.96 4.51
      vertex 92.6352 66.96 0.6
    endloop
  endfacet
  facet normal -0.89695 -0.442131 0
    outer loop
      vertex 92.6352 66.96 4.51
      vertex 92.7711 66.6843 0.6
      vertex 92.7711 66.6843 4.51
    endloop
  endfacet
  facet normal -0.75179 -0.659402 0
    outer loop
      vertex 92.4644 67.2156 0.6
      vertex 92.2617 67.4467 4.51
      vertex 92.2617 67.4467 0.6
    endloop
  endfacet
  facet normal -0.75179 -0.659402 0
    outer loop
      vertex 92.2617 67.4467 4.51
      vertex 92.4644 67.2156 0.6
      vertex 92.4644 67.2156 4.51
    endloop
  endfacet
  facet normal -0.946945 0.321395 0
    outer loop
      vertex 92.7711 64.8857 0.6
      vertex 92.8699 65.1768 4.51
      vertex 92.8699 65.1768 0.6
    endloop
  endfacet
  facet normal -0.946945 0.321395 0
    outer loop
      vertex 92.8699 65.1768 4.51
      vertex 92.7711 64.8857 0.6
      vertex 92.7711 64.8857 4.51
    endloop
  endfacet
  facet normal 0.75179 0.659402 0
    outer loop
      vertex 88.9383 64.1233 4.51
      vertex 88.7356 64.3544 0.6
      vertex 88.7356 64.3544 4.51
    endloop
  endfacet
  facet normal 0.75179 0.659402 0
    outer loop
      vertex 88.7356 64.3544 0.6
      vertex 88.9383 64.1233 4.51
      vertex 88.9383 64.1233 0.6
    endloop
  endfacet
  facet normal -0.980768 0.195178 0
    outer loop
      vertex 92.8699 65.1768 0.6
      vertex 92.9299 65.4783 4.51
      vertex 92.9299 65.4783 0.6
    endloop
  endfacet
  facet normal -0.980768 0.195178 0
    outer loop
      vertex 92.9299 65.4783 4.51
      vertex 92.8699 65.1768 0.6
      vertex 92.8699 65.1768 4.51
    endloop
  endfacet
  facet normal -0.0653961 0.997859 0
    outer loop
      vertex 90.9067 63.4551 0.6
      vertex 90.6 63.435 4.51
      vertex 90.9067 63.4551 4.51
    endloop
  endfacet
  facet normal -0.0653961 0.997859 0
    outer loop
      vertex 90.6 63.435 4.51
      vertex 90.9067 63.4551 0.6
      vertex 90.6 63.435 0.6
    endloop
  endfacet
  facet normal 0.946945 0.321395 0
    outer loop
      vertex 88.4289 64.8857 4.51
      vertex 88.3301 65.1768 0.6
      vertex 88.3301 65.1768 4.51
    endloop
  endfacet
  facet normal 0.946945 0.321395 0
    outer loop
      vertex 88.3301 65.1768 0.6
      vertex 88.4289 64.8857 4.51
      vertex 88.4289 64.8857 0.6
    endloop
  endfacet
  facet normal -0.831449 0.555601 0
    outer loop
      vertex 92.4644 64.3544 0.6
      vertex 92.6352 64.61 4.51
      vertex 92.6352 64.61 0.6
    endloop
  endfacet
  facet normal -0.831449 0.555601 0
    outer loop
      vertex 92.6352 64.61 4.51
      vertex 92.4644 64.3544 0.6
      vertex 92.4644 64.3544 4.51
    endloop
  endfacet
  facet normal -0.442131 -0.89695 0
    outer loop
      vertex 91.4993 67.9561 0.6
      vertex 91.775 67.8202 4.51
      vertex 91.4993 67.9561 4.51
    endloop
  endfacet
  facet normal -0.442131 -0.89695 -0
    outer loop
      vertex 91.775 67.8202 4.51
      vertex 91.4993 67.9561 0.6
      vertex 91.775 67.8202 0.6
    endloop
  endfacet
  facet normal 0.442131 -0.89695 0
    outer loop
      vertex 89.425 67.8202 0.6
      vertex 89.7007 67.9561 4.51
      vertex 89.425 67.8202 4.51
    endloop
  endfacet
  facet normal 0.442131 -0.89695 0
    outer loop
      vertex 89.7007 67.9561 4.51
      vertex 89.425 67.8202 0.6
      vertex 89.7007 67.9561 0.6
    endloop
  endfacet
  facet normal -0.442131 0.89695 0
    outer loop
      vertex 91.775 63.7498 0.6
      vertex 91.4993 63.6139 4.51
      vertex 91.775 63.7498 4.51
    endloop
  endfacet
  facet normal -0.442131 0.89695 0
    outer loop
      vertex 91.4993 63.6139 4.51
      vertex 91.775 63.7498 0.6
      vertex 91.4993 63.6139 0.6
    endloop
  endfacet
  facet normal -0.321395 0.946945 0
    outer loop
      vertex 91.4993 63.6139 0.6
      vertex 91.2082 63.5151 4.51
      vertex 91.4993 63.6139 4.51
    endloop
  endfacet
  facet normal -0.321395 0.946945 0
    outer loop
      vertex 91.2082 63.5151 4.51
      vertex 91.4993 63.6139 0.6
      vertex 91.2082 63.5151 0.6
    endloop
  endfacet
  facet normal 0.195178 0.980768 -0
    outer loop
      vertex 90.2933 63.4551 0.6
      vertex 89.9918 63.5151 4.51
      vertex 90.2933 63.4551 4.51
    endloop
  endfacet
  facet normal 0.195178 0.980768 0
    outer loop
      vertex 89.9918 63.5151 4.51
      vertex 90.2933 63.4551 0.6
      vertex 89.9918 63.5151 0.6
    endloop
  endfacet
  facet normal 0.946945 -0.321395 0
    outer loop
      vertex 88.3301 66.3932 4.51
      vertex 88.4289 66.6843 0.6
      vertex 88.4289 66.6843 4.51
    endloop
  endfacet
  facet normal 0.946945 -0.321395 0
    outer loop
      vertex 88.4289 66.6843 0.6
      vertex 88.3301 66.3932 4.51
      vertex 88.3301 66.3932 0.6
    endloop
  endfacet
  facet normal 0.195178 -0.980768 0
    outer loop
      vertex 89.9918 68.0549 0.6
      vertex 90.2933 68.1149 4.51
      vertex 89.9918 68.0549 4.51
    endloop
  endfacet
  facet normal 0.195178 -0.980768 0
    outer loop
      vertex 90.2933 68.1149 4.51
      vertex 89.9918 68.0549 0.6
      vertex 90.2933 68.1149 0.6
    endloop
  endfacet
  facet normal 0.555601 -0.831449 0
    outer loop
      vertex 89.1694 67.6494 0.6
      vertex 89.425 67.8202 4.51
      vertex 89.1694 67.6494 4.51
    endloop
  endfacet
  facet normal 0.555601 -0.831449 0
    outer loop
      vertex 89.425 67.8202 4.51
      vertex 89.1694 67.6494 0.6
      vertex 89.425 67.8202 0.6
    endloop
  endfacet
  facet normal -0.555601 0.831449 0
    outer loop
      vertex 92.0306 63.9206 0.6
      vertex 91.775 63.7498 4.51
      vertex 92.0306 63.9206 4.51
    endloop
  endfacet
  facet normal -0.555601 0.831449 0
    outer loop
      vertex 91.775 63.7498 4.51
      vertex 92.0306 63.9206 0.6
      vertex 91.775 63.7498 0.6
    endloop
  endfacet
  facet normal -0.195178 0.980768 0
    outer loop
      vertex 91.2082 63.5151 0.6
      vertex 90.9067 63.4551 4.51
      vertex 91.2082 63.5151 4.51
    endloop
  endfacet
  facet normal -0.195178 0.980768 0
    outer loop
      vertex 90.9067 63.4551 4.51
      vertex 91.2082 63.5151 0.6
      vertex 90.9067 63.4551 0.6
    endloop
  endfacet
  facet normal 0.89695 -0.442131 0
    outer loop
      vertex 88.4289 66.6843 4.51
      vertex 88.5648 66.96 0.6
      vertex 88.5648 66.96 4.51
    endloop
  endfacet
  facet normal 0.89695 -0.442131 0
    outer loop
      vertex 88.5648 66.96 0.6
      vertex 88.4289 66.6843 4.51
      vertex 88.4289 66.6843 0.6
    endloop
  endfacet
  facet normal 0.831449 -0.555601 0
    outer loop
      vertex 88.5648 66.96 4.51
      vertex 88.7356 67.2156 0.6
      vertex 88.7356 67.2156 4.51
    endloop
  endfacet
  facet normal 0.831449 -0.555601 0
    outer loop
      vertex 88.7356 67.2156 0.6
      vertex 88.5648 66.96 4.51
      vertex 88.5648 66.96 0.6
    endloop
  endfacet
  facet normal 0.0653961 0.997859 -0
    outer loop
      vertex 90.6 63.435 0.6
      vertex 90.2933 63.4551 4.51
      vertex 90.6 63.435 4.51
    endloop
  endfacet
  facet normal 0.0653961 0.997859 0
    outer loop
      vertex 90.2933 63.4551 4.51
      vertex 90.6 63.435 0.6
      vertex 90.2933 63.4551 0.6
    endloop
  endfacet
  facet normal 0.659402 -0.75179 0
    outer loop
      vertex 88.9383 67.4467 0.6
      vertex 89.1694 67.6494 4.51
      vertex 88.9383 67.4467 4.51
    endloop
  endfacet
  facet normal 0.659402 -0.75179 0
    outer loop
      vertex 89.1694 67.6494 4.51
      vertex 88.9383 67.4467 0.6
      vertex 89.1694 67.6494 0.6
    endloop
  endfacet
  facet normal 0.659402 0.75179 -0
    outer loop
      vertex 89.1694 63.9206 0.6
      vertex 88.9383 64.1233 4.51
      vertex 89.1694 63.9206 4.51
    endloop
  endfacet
  facet normal 0.659402 0.75179 0
    outer loop
      vertex 88.9383 64.1233 4.51
      vertex 89.1694 63.9206 0.6
      vertex 88.9383 64.1233 0.6
    endloop
  endfacet
  facet normal 0 0 1
    outer loop
      vertex 92.9299 66.0917 0.6
      vertex 92.9299 65.4783 0.6
      vertex 92.95 65.785 0.6
    endloop
  endfacet
  facet normal 0 0 1
    outer loop
      vertex 92.8699 66.3932 0.6
      vertex 92.9299 65.4783 0.6
      vertex 92.9299 66.0917 0.6
    endloop
  endfacet
  facet normal 0 0 1
    outer loop
      vertex 92.8699 66.3932 0.6
      vertex 92.8699 65.1768 0.6
      vertex 92.9299 65.4783 0.6
    endloop
  endfacet
  facet normal 0 0 1
    outer loop
      vertex 92.7711 66.6843 0.6
      vertex 92.8699 65.1768 0.6
      vertex 92.8699 66.3932 0.6
    endloop
  endfacet
  facet normal 0 0 1
    outer loop
      vertex 92.7711 66.6843 0.6
      vertex 92.7711 64.8857 0.6
      vertex 92.8699 65.1768 0.6
    endloop
  endfacet
  facet normal 0 0 1
    outer loop
      vertex 92.6352 66.96 0.6
      vertex 92.7711 64.8857 0.6
      vertex 92.7711 66.6843 0.6
    endloop
  endfacet
  facet normal 0 0 1
    outer loop
      vertex 92.6352 66.96 0.6
      vertex 92.6352 64.61 0.6
      vertex 92.7711 64.8857 0.6
    endloop
  endfacet
  facet normal 0 0 1
    outer loop
      vertex 92.4644 67.2156 0.6
      vertex 92.6352 64.61 0.6
      vertex 92.6352 66.96 0.6
    endloop
  endfacet
  facet normal 0 0 1
    outer loop
      vertex 92.4644 67.2156 0.6
      vertex 92.4644 64.3544 0.6
      vertex 92.6352 64.61 0.6
    endloop
  endfacet
  facet normal 0 0 1
    outer loop
      vertex 92.2617 67.4467 0.6
      vertex 92.4644 64.3544 0.6
      vertex 92.4644 67.2156 0.6
    endloop
  endfacet
  facet normal 0 0 1
    outer loop
      vertex 92.2617 67.4467 0.6
      vertex 92.2617 64.1233 0.6
      vertex 92.4644 64.3544 0.6
    endloop
  endfacet
  facet normal 0 0 1
    outer loop
      vertex 92.0306 67.6494 0.6
      vertex 92.2617 64.1233 0.6
      vertex 92.2617 67.4467 0.6
    endloop
  endfacet
  facet normal 0 0 1
    outer loop
      vertex 92.0306 67.6494 0.6
      vertex 92.0306 63.9206 0.6
      vertex 92.2617 64.1233 0.6
    endloop
  endfacet
  facet normal 0 0 1
    outer loop
      vertex 91.775 67.8202 0.6
      vertex 92.0306 63.9206 0.6
      vertex 92.0306 67.6494 0.6
    endloop
  endfacet
  facet normal 0 0 1
    outer loop
      vertex 91.775 67.8202 0.6
      vertex 91.775 63.7498 0.6
      vertex 92.0306 63.9206 0.6
    endloop
  endfacet
  facet normal 0 0 1
    outer loop
      vertex 91.4993 67.9561 0.6
      vertex 91.775 63.7498 0.6
      vertex 91.775 67.8202 0.6
    endloop
  endfacet
  facet normal 0 0 1
    outer loop
      vertex 91.4993 67.9561 0.6
      vertex 91.4993 63.6139 0.6
      vertex 91.775 63.7498 0.6
    endloop
  endfacet
  facet normal 0 0 1
    outer loop
      vertex 91.2082 68.0549 0.6
      vertex 91.4993 63.6139 0.6
      vertex 91.4993 67.9561 0.6
    endloop
  endfacet
  facet normal 0 0 1
    outer loop
      vertex 91.2082 68.0549 0.6
      vertex 91.2082 63.5151 0.6
      vertex 91.4993 63.6139 0.6
    endloop
  endfacet
  facet normal 0 0 1
    outer loop
      vertex 90.9067 68.1149 0.6
      vertex 91.2082 63.5151 0.6
      vertex 91.2082 68.0549 0.6
    endloop
  endfacet
  facet normal 0 0 1
    outer loop
      vertex 90.9067 68.1149 0.6
      vertex 90.9067 63.4551 0.6
      vertex 91.2082 63.5151 0.6
    endloop
  endfacet
  facet normal 0 0 1
    outer loop
      vertex 90.6 68.135 0.6
      vertex 90.9067 63.4551 0.6
      vertex 90.9067 68.1149 0.6
    endloop
  endfacet
  facet normal 0 0 1
    outer loop
      vertex 90.6 68.135 0.6
      vertex 90.6 63.435 0.6
      vertex 90.9067 63.4551 0.6
    endloop
  endfacet
  facet normal -0 0 1
    outer loop
      vertex 90.2933 68.1149 0.6
      vertex 90.6 63.435 0.6
      vertex 90.6 68.135 0.6
    endloop
  endfacet
  facet normal 0 0 1
    outer loop
      vertex 90.2933 68.1149 0.6
      vertex 90.2933 63.4551 0.6
      vertex 90.6 63.435 0.6
    endloop
  endfacet
  facet normal -0 0 1
    outer loop
      vertex 89.9918 68.0549 0.6
      vertex 90.2933 63.4551 0.6
      vertex 90.2933 68.1149 0.6
    endloop
  endfacet
  facet normal 0 0 1
    outer loop
      vertex 89.9918 68.0549 0.6
      vertex 89.9918 63.5151 0.6
      vertex 90.2933 63.4551 0.6
    endloop
  endfacet
  facet normal -0 0 1
    outer loop
      vertex 89.7007 67.9561 0.6
      vertex 89.9918 63.5151 0.6
      vertex 89.9918 68.0549 0.6
    endloop
  endfacet
  facet normal 0 0 1
    outer loop
      vertex 89.7007 67.9561 0.6
      vertex 89.7007 63.6139 0.6
      vertex 89.9918 63.5151 0.6
    endloop
  endfacet
  facet normal -0 0 1
    outer loop
      vertex 89.425 67.8202 0.6
      vertex 89.7007 63.6139 0.6
      vertex 89.7007 67.9561 0.6
    endloop
  endfacet
  facet normal 0 0 1
    outer loop
      vertex 89.425 67.8202 0.6
      vertex 89.425 63.7498 0.6
      vertex 89.7007 63.6139 0.6
    endloop
  endfacet
  facet normal -0 0 1
    outer loop
      vertex 89.1694 67.6494 0.6
      vertex 89.425 63.7498 0.6
      vertex 89.425 67.8202 0.6
    endloop
  endfacet
  facet normal 0 0 1
    outer loop
      vertex 89.1694 67.6494 0.6
      vertex 89.1694 63.9206 0.6
      vertex 89.425 63.7498 0.6
    endloop
  endfacet
  facet normal -0 0 1
    outer loop
      vertex 88.9383 67.4467 0.6
      vertex 89.1694 63.9206 0.6
      vertex 89.1694 67.6494 0.6
    endloop
  endfacet
  facet normal 0 0 1
    outer loop
      vertex 88.9383 67.4467 0.6
      vertex 88.9383 64.1233 0.6
      vertex 89.1694 63.9206 0.6
    endloop
  endfacet
  facet normal -0 0 1
    outer loop
      vertex 88.7356 67.2156 0.6
      vertex 88.9383 64.1233 0.6
      vertex 88.9383 67.4467 0.6
    endloop
  endfacet
  facet normal 0 0 1
    outer loop
      vertex 88.7356 67.2156 0.6
      vertex 88.7356 64.3544 0.6
      vertex 88.9383 64.1233 0.6
    endloop
  endfacet
  facet normal -0 0 1
    outer loop
      vertex 88.5648 66.96 0.6
      vertex 88.7356 64.3544 0.6
      vertex 88.7356 67.2156 0.6
    endloop
  endfacet
  facet normal 0 0 1
    outer loop
      vertex 88.5648 66.96 0.6
      vertex 88.5648 64.61 0.6
      vertex 88.7356 64.3544 0.6
    endloop
  endfacet
  facet normal -0 0 1
    outer loop
      vertex 88.4289 66.6843 0.6
      vertex 88.5648 64.61 0.6
      vertex 88.5648 66.96 0.6
    endloop
  endfacet
  facet normal 0 0 1
    outer loop
      vertex 88.4289 66.6843 0.6
      vertex 88.4289 64.8857 0.6
      vertex 88.5648 64.61 0.6
    endloop
  endfacet
  facet normal -0 0 1
    outer loop
      vertex 88.3301 66.3932 0.6
      vertex 88.4289 64.8857 0.6
      vertex 88.4289 66.6843 0.6
    endloop
  endfacet
  facet normal 0 0 1
    outer loop
      vertex 88.3301 66.3932 0.6
      vertex 88.3301 65.1768 0.6
      vertex 88.4289 64.8857 0.6
    endloop
  endfacet
  facet normal -0 0 1
    outer loop
      vertex 88.2701 66.0917 0.6
      vertex 88.3301 65.1768 0.6
      vertex 88.3301 66.3932 0.6
    endloop
  endfacet
  facet normal 0 0 1
    outer loop
      vertex 88.2701 66.0917 0.6
      vertex 88.2701 65.4783 0.6
      vertex 88.3301 65.1768 0.6
    endloop
  endfacet
  facet normal 0 -0 1
    outer loop
      vertex 88.2701 65.4783 0.6
      vertex 88.2701 66.0917 0.6
      vertex 88.25 65.785 0.6
    endloop
  endfacet
  facet normal 0.75179 -0.659402 0
    outer loop
      vertex 88.7356 67.2156 4.51
      vertex 88.9383 67.4467 0.6
      vertex 88.9383 67.4467 4.51
    endloop
  endfacet
  facet normal 0.75179 -0.659402 0
    outer loop
      vertex 88.9383 67.4467 0.6
      vertex 88.7356 67.2156 4.51
      vertex 88.7356 67.2156 0.6
    endloop
  endfacet
  facet normal -0.75179 0.659402 0
    outer loop
      vertex 92.2617 64.1233 0.6
      vertex 92.4644 64.3544 4.51
      vertex 92.4644 64.3544 0.6
    endloop
  endfacet
  facet normal -0.75179 0.659402 0
    outer loop
      vertex 92.4644 64.3544 4.51
      vertex 92.2617 64.1233 0.6
      vertex 92.2617 64.1233 4.51
    endloop
  endfacet
  facet normal -0.89695 0.442131 0
    outer loop
      vertex 92.6352 64.61 0.6
      vertex 92.7711 64.8857 4.51
      vertex 92.7711 64.8857 0.6
    endloop
  endfacet
  facet normal -0.89695 0.442131 0
    outer loop
      vertex 92.7711 64.8857 4.51
      vertex 92.6352 64.61 0.6
      vertex 92.6352 64.61 4.51
    endloop
  endfacet
  facet normal 0.980768 -0.195178 0
    outer loop
      vertex 88.2701 66.0917 4.51
      vertex 88.3301 66.3932 0.6
      vertex 88.3301 66.3932 4.51
    endloop
  endfacet
  facet normal 0.980768 -0.195178 0
    outer loop
      vertex 88.3301 66.3932 0.6
      vertex 88.2701 66.0917 4.51
      vertex 88.2701 66.0917 0.6
    endloop
  endfacet
  facet normal -0.0653961 -0.997859 0
    outer loop
      vertex 90.6 68.135 0.6
      vertex 90.9067 68.1149 4.51
      vertex 90.6 68.135 4.51
    endloop
  endfacet
  facet normal -0.0653961 -0.997859 -0
    outer loop
      vertex 90.9067 68.1149 4.51
      vertex 90.6 68.135 0.6
      vertex 90.9067 68.1149 0.6
    endloop
  endfacet
  facet normal -0.555601 -0.831449 0
    outer loop
      vertex 91.775 67.8202 0.6
      vertex 92.0306 67.6494 4.51
      vertex 91.775 67.8202 4.51
    endloop
  endfacet
  facet normal -0.555601 -0.831449 -0
    outer loop
      vertex 92.0306 67.6494 4.51
      vertex 91.775 67.8202 0.6
      vertex 92.0306 67.6494 0.6
    endloop
  endfacet
  facet normal 0.321395 -0.946945 0
    outer loop
      vertex 89.7007 67.9561 0.6
      vertex 89.9918 68.0549 4.51
      vertex 89.7007 67.9561 4.51
    endloop
  endfacet
  facet normal 0.321395 -0.946945 0
    outer loop
      vertex 89.9918 68.0549 4.51
      vertex 89.7007 67.9561 0.6
      vertex 89.9918 68.0549 0.6
    endloop
  endfacet
  facet normal 0.0653961 -0.997859 0
    outer loop
      vertex 90.2933 68.1149 0.6
      vertex 90.6 68.135 4.51
      vertex 90.2933 68.1149 4.51
    endloop
  endfacet
  facet normal 0.0653961 -0.997859 0
    outer loop
      vertex 90.6 68.135 4.51
      vertex 90.2933 68.1149 0.6
      vertex 90.6 68.135 0.6
    endloop
  endfacet
  facet normal 0.997859 -0.0653961 0
    outer loop
      vertex 88.25 65.785 4.51
      vertex 88.2701 66.0917 0.6
      vertex 88.2701 66.0917 4.51
    endloop
  endfacet
  facet normal 0.997859 -0.0653961 0
    outer loop
      vertex 88.2701 66.0917 0.6
      vertex 88.25 65.785 4.51
      vertex 88.25 65.785 0.6
    endloop
  endfacet
  facet normal -0.659402 -0.75179 0
    outer loop
      vertex 92.0306 67.6494 0.6
      vertex 92.2617 67.4467 4.51
      vertex 92.0306 67.6494 4.51
    endloop
  endfacet
  facet normal -0.659402 -0.75179 -0
    outer loop
      vertex 92.2617 67.4467 4.51
      vertex 92.0306 67.6494 0.6
      vertex 92.2617 67.4467 0.6
    endloop
  endfacet
  facet normal 0.89695 0.442131 0
    outer loop
      vertex 88.5648 64.61 4.51
      vertex 88.4289 64.8857 0.6
      vertex 88.4289 64.8857 4.51
    endloop
  endfacet
  facet normal 0.89695 0.442131 0
    outer loop
      vertex 88.4289 64.8857 0.6
      vertex 88.5648 64.61 4.51
      vertex 88.5648 64.61 0.6
    endloop
  endfacet
  facet normal 0.442131 0.89695 -0
    outer loop
      vertex 89.7007 63.6139 0.6
      vertex 89.425 63.7498 4.51
      vertex 89.7007 63.6139 4.51
    endloop
  endfacet
  facet normal 0.442131 0.89695 0
    outer loop
      vertex 89.425 63.7498 4.51
      vertex 89.7007 63.6139 0.6
      vertex 89.425 63.7498 0.6
    endloop
  endfacet
  facet normal -0.659402 0.75179 0
    outer loop
      vertex 92.2617 64.1233 0.6
      vertex 92.0306 63.9206 4.51
      vertex 92.2617 64.1233 4.51
    endloop
  endfacet
  facet normal -0.659402 0.75179 0
    outer loop
      vertex 92.0306 63.9206 4.51
      vertex 92.2617 64.1233 0.6
      vertex 92.0306 63.9206 0.6
    endloop
  endfacet
  facet normal 0.831449 0.555601 0
    outer loop
      vertex 88.7356 64.3544 4.51
      vertex 88.5648 64.61 0.6
      vertex 88.5648 64.61 4.51
    endloop
  endfacet
  facet normal 0.831449 0.555601 0
    outer loop
      vertex 88.5648 64.61 0.6
      vertex 88.7356 64.3544 4.51
      vertex 88.7356 64.3544 0.6
    endloop
  endfacet
  facet normal 0.046318 -0.70635 0.706346
    outer loop
      vertex 90.2933 68.1149 4.51
      vertex 90.2354 68.6011 5
      vertex 90.2293 68.6007 5
    endloop
  endfacet
  facet normal 0.0462918 -0.706353 0.706345
    outer loop
      vertex 90.2354 68.6011 5
      vertex 90.2933 68.1149 4.51
      vertex 90.6 68.135 4.51
    endloop
  endfacet
  facet normal -0.393305 0.588576 0.706321
    outer loop
      vertex 91.775 63.7498 4.51
      vertex 92.0251 63.3289 5
      vertex 92.0306 63.9206 4.51
    endloop
  endfacet
  facet normal -0.392657 0.588985 0.706341
    outer loop
      vertex 92.0251 63.3289 5
      vertex 91.775 63.7498 4.51
      vertex 92.02 63.3255 5
    endloop
  endfacet
  facet normal -0.706348 -0.046302 0.706348
    outer loop
      vertex 93.44 65.785 5
      vertex 93.4161 66.1496 5
      vertex 92.95 65.785 4.51
    endloop
  endfacet
  facet normal -0.70635 -0.046318 0.706346
    outer loop
      vertex 92.9299 66.0917 4.51
      vertex 93.4161 66.1496 5
      vertex 93.4157 66.1557 5
    endloop
  endfacet
  facet normal -0.706353 -0.0462918 0.706345
    outer loop
      vertex 93.4161 66.1496 5
      vertex 92.9299 66.0917 4.51
      vertex 92.95 65.785 4.51
    endloop
  endfacet
  facet normal -0.694255 0.138154 0.706345
    outer loop
      vertex 93.3432 65.05 5
      vertex 93.4145 65.4083 5
      vertex 92.8699 65.1768 4.51
    endloop
  endfacet
  facet normal 0.466767 -0.532165 0.706349
    outer loop
      vertex 88.5964 67.7972 5
      vertex 88.9383 67.4467 4.51
      vertex 89.1694 67.6494 4.51
    endloop
  endfacet
  facet normal 0.46454 -0.53422 0.706266
    outer loop
      vertex 88.9383 67.4467 4.51
      vertex 88.5964 67.7972 5
      vertex 88.5918 67.7932 5
    endloop
  endfacet
  facet normal 0.138154 0.694255 0.706345
    outer loop
      vertex 90.2233 62.9705 5
      vertex 89.9918 63.5151 4.51
      vertex 89.865 63.0418 5
    endloop
  endfacet
  facet normal 0.466767 0.532165 0.706349
    outer loop
      vertex 88.9383 64.1233 4.51
      vertex 88.5964 63.7728 5
      vertex 89.1694 63.9206 4.51
    endloop
  endfacet
  facet normal 0.46454 0.53422 0.706266
    outer loop
      vertex 88.5964 63.7728 5
      vertex 88.9383 64.1233 4.51
      vertex 88.5918 63.7768 5
    endloop
  endfacet
  facet normal -0.466734 0.532221 0.706329
    outer loop
      vertex 92.3289 63.5319 5
      vertex 92.6036 63.7728 5
      vertex 92.0306 63.9206 4.51
    endloop
  endfacet
  facet normal 0.227499 0.670293 0.706365
    outer loop
      vertex 89.7007 63.6139 4.51
      vertex 89.519 63.1592 5
      vertex 89.9918 63.5151 4.51
    endloop
  endfacet
  facet normal 0.230724 0.669098 0.706452
    outer loop
      vertex 89.519 63.1592 5
      vertex 89.7007 63.6139 4.51
      vertex 89.5132 63.1612 5
    endloop
  endfacet
  facet normal 0.046302 0.706348 0.706348
    outer loop
      vertex 90.6 62.945 5
      vertex 90.6 63.435 4.51
      vertex 90.2354 62.9689 5
    endloop
  endfacet
  facet normal 0.694256 0.13816 0.706343
    outer loop
      vertex 88.2701 65.4783 4.51
      vertex 87.7855 65.4083 5
      vertex 88.3301 65.1768 4.51
    endloop
  endfacet
  facet normal 0.694142 0.138828 0.706324
    outer loop
      vertex 87.7855 65.4083 5
      vertex 88.2701 65.4783 4.51
      vertex 87.7843 65.4143 5
    endloop
  endfacet
  facet normal -0.706353 0.0462918 0.706345
    outer loop
      vertex 92.9299 65.4783 4.51
      vertex 93.4161 65.4204 5
      vertex 92.95 65.785 4.51
    endloop
  endfacet
  facet normal -0.70635 0.046318 0.706346
    outer loop
      vertex 93.4161 65.4204 5
      vertex 92.9299 65.4783 4.51
      vertex 93.4157 65.4143 5
    endloop
  endfacet
  facet normal -0.0462918 -0.706353 0.706345
    outer loop
      vertex 90.9067 68.1149 4.51
      vertex 90.9646 68.6011 5
      vertex 90.6 68.135 4.51
    endloop
  endfacet
  facet normal -0.046318 -0.70635 0.706346
    outer loop
      vertex 90.9646 68.6011 5
      vertex 90.9067 68.1149 4.51
      vertex 90.9707 68.6007 5
    endloop
  endfacet
  facet normal -0.313077 0.634872 0.706343
    outer loop
      vertex 91.6868 63.1612 5
      vertex 92.0145 63.3228 5
      vertex 91.4993 63.6139 4.51
    endloop
  endfacet
  facet normal -0.706348 0.046302 0.706348
    outer loop
      vertex 93.4161 65.4204 5
      vertex 93.44 65.785 5
      vertex 92.95 65.785 4.51
    endloop
  endfacet
  facet normal 0.532165 0.466767 0.706349
    outer loop
      vertex 88.5878 63.7814 5
      vertex 88.9383 64.1233 4.51
      vertex 88.7356 64.3544 4.51
    endloop
  endfacet
  facet normal 0.53422 0.46454 0.706266
    outer loop
      vertex 88.9383 64.1233 4.51
      vertex 88.5878 63.7814 5
      vertex 88.5918 63.7768 5
    endloop
  endfacet
  facet normal 0.227448 0.670332 0.706344
    outer loop
      vertex 89.865 63.0418 5
      vertex 89.9918 63.5151 4.51
      vertex 89.519 63.1592 5
    endloop
  endfacet
  facet normal 0.58858 0.393291 0.706326
    outer loop
      vertex 88.3469 64.0561 5
      vertex 88.7356 64.3544 4.51
      vertex 88.1439 64.3599 5
    endloop
  endfacet
  facet normal -0.138154 0.694255 0.706345
    outer loop
      vertex 91.335 63.0418 5
      vertex 91.2082 63.5151 4.51
      vertex 90.9767 62.9705 5
    endloop
  endfacet
  facet normal 0.392657 -0.588985 0.706341
    outer loop
      vertex 89.1749 68.2411 5
      vertex 89.425 67.8202 4.51
      vertex 89.18 68.2445 5
    endloop
  endfacet
  facet normal 0.393305 -0.588576 0.706321
    outer loop
      vertex 89.425 67.8202 4.51
      vertex 89.1749 68.2411 5
      vertex 89.1694 67.6494 4.51
    endloop
  endfacet
  facet normal -0.31197 0.635495 0.706272
    outer loop
      vertex 91.775 63.7498 4.51
      vertex 92.0145 63.3228 5
      vertex 92.02 63.3255 5
    endloop
  endfacet
  facet normal -0.312989 0.63496 0.706303
    outer loop
      vertex 92.0145 63.3228 5
      vertex 91.775 63.7498 4.51
      vertex 91.4993 63.6139 4.51
    endloop
  endfacet
  facet normal 0.393291 -0.58858 0.706326
    outer loop
      vertex 89.1694 67.6494 4.51
      vertex 89.1749 68.2411 5
      vertex 88.8711 68.0381 5
    endloop
  endfacet
  facet normal -0.670293 0.227499 0.706365
    outer loop
      vertex 92.7711 64.8857 4.51
      vertex 93.2258 64.704 5
      vertex 92.8699 65.1768 4.51
    endloop
  endfacet
  facet normal -0.669098 0.230724 0.706452
    outer loop
      vertex 93.2258 64.704 5
      vertex 92.7711 64.8857 4.51
      vertex 93.2238 64.6982 5
    endloop
  endfacet
  facet normal 0.0462918 0.706353 0.706345
    outer loop
      vertex 90.2933 63.4551 4.51
      vertex 90.2354 62.9689 5
      vertex 90.6 63.435 4.51
    endloop
  endfacet
  facet normal 0.046318 0.70635 0.706346
    outer loop
      vertex 90.2354 62.9689 5
      vertex 90.2933 63.4551 4.51
      vertex 90.2293 62.9693 5
    endloop
  endfacet
  facet normal 0.313077 0.634872 0.706343
    outer loop
      vertex 89.5132 63.1612 5
      vertex 89.7007 63.6139 4.51
      vertex 89.1855 63.3228 5
    endloop
  endfacet
  facet normal -0.634872 0.313077 0.706343
    outer loop
      vertex 93.0622 64.3705 5
      vertex 93.2238 64.6982 5
      vertex 92.7711 64.8857 4.51
    endloop
  endfacet
  facet normal 0.669098 -0.230724 0.706452
    outer loop
      vertex 87.9742 66.866 5
      vertex 88.4289 66.6843 4.51
      vertex 87.9762 66.8718 5
    endloop
  endfacet
  facet normal 0.670293 -0.227499 0.706365
    outer loop
      vertex 88.4289 66.6843 4.51
      vertex 87.9742 66.866 5
      vertex 88.3301 66.3932 4.51
    endloop
  endfacet
  facet normal 0.532221 0.466734 0.706329
    outer loop
      vertex 88.5878 63.7814 5
      vertex 88.7356 64.3544 4.51
      vertex 88.3469 64.0561 5
    endloop
  endfacet
  facet normal -0.694142 0.138828 0.706324
    outer loop
      vertex 92.9299 65.4783 4.51
      vertex 93.4145 65.4083 5
      vertex 93.4157 65.4143 5
    endloop
  endfacet
  facet normal -0.694256 0.13816 0.706343
    outer loop
      vertex 93.4145 65.4083 5
      vertex 92.9299 65.4783 4.51
      vertex 92.8699 65.1768 4.51
    endloop
  endfacet
  facet normal -0.466734 -0.532221 0.706329
    outer loop
      vertex 92.6036 67.7972 5
      vertex 92.3289 68.0381 5
      vertex 92.0306 67.6494 4.51
    endloop
  endfacet
  facet normal 0.706348 0.046302 0.706348
    outer loop
      vertex 87.7839 65.4204 5
      vertex 88.25 65.785 4.51
      vertex 87.76 65.785 5
    endloop
  endfacet
  facet normal 0.588576 -0.393305 0.706321
    outer loop
      vertex 88.1439 67.2101 5
      vertex 88.5648 66.96 4.51
      vertex 88.7356 67.2156 4.51
    endloop
  endfacet
  facet normal 0.588985 -0.392657 0.706341
    outer loop
      vertex 88.5648 66.96 4.51
      vertex 88.1439 67.2101 5
      vertex 88.1405 67.205 5
    endloop
  endfacet
  facet normal -0.670332 0.227448 0.706344
    outer loop
      vertex 93.2258 64.704 5
      vertex 93.3432 65.05 5
      vertex 92.8699 65.1768 4.51
    endloop
  endfacet
  facet normal 0.466734 0.532221 0.706329
    outer loop
      vertex 88.8711 63.5319 5
      vertex 89.1694 63.9206 4.51
      vertex 88.5964 63.7728 5
    endloop
  endfacet
  facet normal 0.706348 -0.046302 0.706348
    outer loop
      vertex 88.25 65.785 4.51
      vertex 87.7839 66.1496 5
      vertex 87.76 65.785 5
    endloop
  endfacet
  facet normal -0.392657 -0.588985 0.706341
    outer loop
      vertex 91.775 67.8202 4.51
      vertex 92.0251 68.2411 5
      vertex 92.02 68.2445 5
    endloop
  endfacet
  facet normal -0.393305 -0.588576 0.706321
    outer loop
      vertex 92.0251 68.2411 5
      vertex 91.775 67.8202 4.51
      vertex 92.0306 67.6494 4.51
    endloop
  endfacet
  facet normal 0.138828 -0.694142 0.706324
    outer loop
      vertex 90.2233 68.5995 5
      vertex 90.2933 68.1149 4.51
      vertex 90.2293 68.6007 5
    endloop
  endfacet
  facet normal 0.13816 -0.694256 0.706343
    outer loop
      vertex 90.2933 68.1149 4.51
      vertex 90.2233 68.5995 5
      vertex 89.9918 68.0549 4.51
    endloop
  endfacet
  facet normal -0.13816 0.694256 0.706343
    outer loop
      vertex 90.9067 63.4551 4.51
      vertex 90.9767 62.9705 5
      vertex 91.2082 63.5151 4.51
    endloop
  endfacet
  facet normal -0.138828 0.694142 0.706324
    outer loop
      vertex 90.9767 62.9705 5
      vertex 90.9067 63.4551 4.51
      vertex 90.9707 62.9693 5
    endloop
  endfacet
  facet normal -0.532165 0.466767 0.706349
    outer loop
      vertex 92.2617 64.1233 4.51
      vertex 92.6122 63.7814 5
      vertex 92.4644 64.3544 4.51
    endloop
  endfacet
  facet normal -0.53422 0.46454 0.706266
    outer loop
      vertex 92.6122 63.7814 5
      vertex 92.2617 64.1233 4.51
      vertex 92.6082 63.7768 5
    endloop
  endfacet
  facet normal -0.393291 0.58858 0.706326
    outer loop
      vertex 92.3289 63.5319 5
      vertex 92.0306 63.9206 4.51
      vertex 92.0251 63.3289 5
    endloop
  endfacet
  facet normal -0.138828 -0.694142 0.706324
    outer loop
      vertex 90.9067 68.1149 4.51
      vertex 90.9767 68.5995 5
      vertex 90.9707 68.6007 5
    endloop
  endfacet
  facet normal -0.13816 -0.694256 0.706343
    outer loop
      vertex 90.9767 68.5995 5
      vertex 90.9067 68.1149 4.51
      vertex 91.2082 68.0549 4.51
    endloop
  endfacet
  facet normal -0.46454 0.53422 0.706266
    outer loop
      vertex 92.2617 64.1233 4.51
      vertex 92.6036 63.7728 5
      vertex 92.6082 63.7768 5
    endloop
  endfacet
  facet normal -0.466767 0.532165 0.706349
    outer loop
      vertex 92.6036 63.7728 5
      vertex 92.2617 64.1233 4.51
      vertex 92.0306 63.9206 4.51
    endloop
  endfacet
  facet normal 0.393291 0.58858 0.706326
    outer loop
      vertex 89.1749 63.3289 5
      vertex 89.1694 63.9206 4.51
      vertex 88.8711 63.5319 5
    endloop
  endfacet
  facet normal -0.046302 0.706348 0.706348
    outer loop
      vertex 90.9646 62.9689 5
      vertex 90.6 63.435 4.51
      vertex 90.6 62.945 5
    endloop
  endfacet
  facet normal 0.670332 0.227448 0.706344
    outer loop
      vertex 87.9742 64.704 5
      vertex 88.3301 65.1768 4.51
      vertex 87.8568 65.05 5
    endloop
  endfacet
  facet normal -0.532221 0.466734 0.706329
    outer loop
      vertex 92.6122 63.7814 5
      vertex 92.8531 64.0561 5
      vertex 92.4644 64.3544 4.51
    endloop
  endfacet
  facet normal -0.227448 0.670332 0.706344
    outer loop
      vertex 91.335 63.0418 5
      vertex 91.681 63.1592 5
      vertex 91.2082 63.5151 4.51
    endloop
  endfacet
  facet normal -0.046302 -0.706348 0.706348
    outer loop
      vertex 90.9646 68.6011 5
      vertex 90.6 68.625 5
      vertex 90.6 68.135 4.51
    endloop
  endfacet
  facet normal 0.670332 -0.227448 0.706344
    outer loop
      vertex 88.3301 66.3932 4.51
      vertex 87.9742 66.866 5
      vertex 87.8568 66.52 5
    endloop
  endfacet
  facet normal 0.694256 -0.13816 0.706343
    outer loop
      vertex 87.7855 66.1617 5
      vertex 88.2701 66.0917 4.51
      vertex 88.3301 66.3932 4.51
    endloop
  endfacet
  facet normal 0.694142 -0.138828 0.706324
    outer loop
      vertex 88.2701 66.0917 4.51
      vertex 87.7855 66.1617 5
      vertex 87.7843 66.1557 5
    endloop
  endfacet
  facet normal -0.046318 0.70635 0.706346
    outer loop
      vertex 90.9067 63.4551 4.51
      vertex 90.9646 62.9689 5
      vertex 90.9707 62.9693 5
    endloop
  endfacet
  facet normal -0.0462918 0.706353 0.706345
    outer loop
      vertex 90.9646 62.9689 5
      vertex 90.9067 63.4551 4.51
      vertex 90.6 63.435 4.51
    endloop
  endfacet
  facet normal -0.313077 -0.634872 0.706343
    outer loop
      vertex 92.0145 68.2472 5
      vertex 91.6868 68.4088 5
      vertex 91.4993 67.9561 4.51
    endloop
  endfacet
  facet normal 0.313077 -0.634872 0.706343
    outer loop
      vertex 89.7007 67.9561 4.51
      vertex 89.5132 68.4088 5
      vertex 89.1855 68.2472 5
    endloop
  endfacet
  facet normal 0.53422 -0.46454 0.706266
    outer loop
      vertex 88.5878 67.7886 5
      vertex 88.9383 67.4467 4.51
      vertex 88.5918 67.7932 5
    endloop
  endfacet
  facet normal 0.532165 -0.466767 0.706349
    outer loop
      vertex 88.9383 67.4467 4.51
      vertex 88.5878 67.7886 5
      vertex 88.7356 67.2156 4.51
    endloop
  endfacet
  facet normal 0.63496 0.312989 0.706303
    outer loop
      vertex 88.1378 64.3705 5
      vertex 88.5648 64.61 4.51
      vertex 88.4289 64.8857 4.51
    endloop
  endfacet
  facet normal 0.635495 0.31197 0.706272
    outer loop
      vertex 88.5648 64.61 4.51
      vertex 88.1378 64.3705 5
      vertex 88.1405 64.365 5
    endloop
  endfacet
  facet normal 0.706353 0.0462918 0.706345
    outer loop
      vertex 87.7839 65.4204 5
      vertex 88.2701 65.4783 4.51
      vertex 88.25 65.785 4.51
    endloop
  endfacet
  facet normal 0.70635 0.046318 0.706346
    outer loop
      vertex 88.2701 65.4783 4.51
      vertex 87.7839 65.4204 5
      vertex 87.7843 65.4143 5
    endloop
  endfacet
  facet normal 0.670293 0.227499 0.706365
    outer loop
      vertex 87.9742 64.704 5
      vertex 88.4289 64.8857 4.51
      vertex 88.3301 65.1768 4.51
    endloop
  endfacet
  facet normal 0.669098 0.230724 0.706452
    outer loop
      vertex 88.4289 64.8857 4.51
      vertex 87.9742 64.704 5
      vertex 87.9762 64.6982 5
    endloop
  endfacet
  facet normal -0.588985 -0.392657 0.706341
    outer loop
      vertex 93.0561 67.2101 5
      vertex 92.6352 66.96 4.51
      vertex 93.0595 67.205 5
    endloop
  endfacet
  facet normal -0.588576 -0.393305 0.706321
    outer loop
      vertex 92.6352 66.96 4.51
      vertex 93.0561 67.2101 5
      vertex 92.4644 67.2156 4.51
    endloop
  endfacet
  facet normal 0.634872 0.313077 0.706343
    outer loop
      vertex 88.1378 64.3705 5
      vertex 88.4289 64.8857 4.51
      vertex 87.9762 64.6982 5
    endloop
  endfacet
  facet normal 0.588576 0.393305 0.706321
    outer loop
      vertex 88.5648 64.61 4.51
      vertex 88.1439 64.3599 5
      vertex 88.7356 64.3544 4.51
    endloop
  endfacet
  facet normal 0.588985 0.392657 0.706341
    outer loop
      vertex 88.1439 64.3599 5
      vertex 88.5648 64.61 4.51
      vertex 88.1405 64.365 5
    endloop
  endfacet
  facet normal 0.694255 -0.138154 0.706345
    outer loop
      vertex 88.3301 66.3932 4.51
      vertex 87.8568 66.52 5
      vertex 87.7855 66.1617 5
    endloop
  endfacet
  facet normal -0.138154 -0.694255 0.706345
    outer loop
      vertex 91.2082 68.0549 4.51
      vertex 91.335 68.5282 5
      vertex 90.9767 68.5995 5
    endloop
  endfacet
  facet normal -0.230724 0.669098 0.706452
    outer loop
      vertex 91.4993 63.6139 4.51
      vertex 91.681 63.1592 5
      vertex 91.6868 63.1612 5
    endloop
  endfacet
  facet normal -0.227499 0.670293 0.706365
    outer loop
      vertex 91.681 63.1592 5
      vertex 91.4993 63.6139 4.51
      vertex 91.2082 63.5151 4.51
    endloop
  endfacet
  facet normal -0.227448 -0.670332 0.706344
    outer loop
      vertex 91.681 68.4108 5
      vertex 91.335 68.5282 5
      vertex 91.2082 68.0549 4.51
    endloop
  endfacet
  facet normal 0.70635 -0.046318 0.706346
    outer loop
      vertex 87.7839 66.1496 5
      vertex 88.2701 66.0917 4.51
      vertex 87.7843 66.1557 5
    endloop
  endfacet
  facet normal 0.706353 -0.0462918 0.706345
    outer loop
      vertex 88.2701 66.0917 4.51
      vertex 87.7839 66.1496 5
      vertex 88.25 65.785 4.51
    endloop
  endfacet
  facet normal -0.634872 -0.313077 0.706343
    outer loop
      vertex 93.2238 66.8718 5
      vertex 93.0622 67.1995 5
      vertex 92.7711 66.6843 4.51
    endloop
  endfacet
  facet normal 0.694255 0.138154 0.706345
    outer loop
      vertex 87.8568 65.05 5
      vertex 88.3301 65.1768 4.51
      vertex 87.7855 65.4083 5
    endloop
  endfacet
  facet normal 0.138828 0.694142 0.706324
    outer loop
      vertex 90.2933 63.4551 4.51
      vertex 90.2233 62.9705 5
      vertex 90.2293 62.9693 5
    endloop
  endfacet
  facet normal 0.13816 0.694256 0.706343
    outer loop
      vertex 90.2233 62.9705 5
      vertex 90.2933 63.4551 4.51
      vertex 89.9918 63.5151 4.51
    endloop
  endfacet
  facet normal 0.58858 -0.393291 0.706326
    outer loop
      vertex 88.7356 67.2156 4.51
      vertex 88.3469 67.5139 5
      vertex 88.1439 67.2101 5
    endloop
  endfacet
  facet normal 0.046302 -0.706348 0.706348
    outer loop
      vertex 90.6 68.135 4.51
      vertex 90.6 68.625 5
      vertex 90.2354 68.6011 5
    endloop
  endfacet
  facet normal -0.58858 -0.393291 0.706326
    outer loop
      vertex 93.0561 67.2101 5
      vertex 92.8531 67.5139 5
      vertex 92.4644 67.2156 4.51
    endloop
  endfacet
  facet normal -0.58858 0.393291 0.706326
    outer loop
      vertex 92.8531 64.0561 5
      vertex 93.0561 64.3599 5
      vertex 92.4644 64.3544 4.51
    endloop
  endfacet
  facet normal -0.230724 -0.669098 0.706452
    outer loop
      vertex 91.681 68.4108 5
      vertex 91.4993 67.9561 4.51
      vertex 91.6868 68.4088 5
    endloop
  endfacet
  facet normal -0.227499 -0.670293 0.706365
    outer loop
      vertex 91.4993 67.9561 4.51
      vertex 91.681 68.4108 5
      vertex 91.2082 68.0549 4.51
    endloop
  endfacet
  facet normal -0.588985 0.392657 0.706341
    outer loop
      vertex 92.6352 64.61 4.51
      vertex 93.0561 64.3599 5
      vertex 93.0595 64.365 5
    endloop
  endfacet
  facet normal -0.588576 0.393305 0.706321
    outer loop
      vertex 93.0561 64.3599 5
      vertex 92.6352 64.61 4.51
      vertex 92.4644 64.3544 4.51
    endloop
  endfacet
  facet normal 0.635495 -0.31197 0.706272
    outer loop
      vertex 88.1378 67.1995 5
      vertex 88.5648 66.96 4.51
      vertex 88.1405 67.205 5
    endloop
  endfacet
  facet normal 0.63496 -0.312989 0.706303
    outer loop
      vertex 88.5648 66.96 4.51
      vertex 88.1378 67.1995 5
      vertex 88.4289 66.6843 4.51
    endloop
  endfacet
  facet normal 0.634872 -0.313077 0.706343
    outer loop
      vertex 88.4289 66.6843 4.51
      vertex 88.1378 67.1995 5
      vertex 87.9762 66.8718 5
    endloop
  endfacet
  facet normal -0.393291 -0.58858 0.706326
    outer loop
      vertex 92.0306 67.6494 4.51
      vertex 92.3289 68.0381 5
      vertex 92.0251 68.2411 5
    endloop
  endfacet
  facet normal -0.635495 -0.31197 0.706272
    outer loop
      vertex 92.6352 66.96 4.51
      vertex 93.0622 67.1995 5
      vertex 93.0595 67.205 5
    endloop
  endfacet
  facet normal -0.63496 -0.312989 0.706303
    outer loop
      vertex 93.0622 67.1995 5
      vertex 92.6352 66.96 4.51
      vertex 92.7711 66.6843 4.51
    endloop
  endfacet
  facet normal -0.46454 -0.53422 0.706266
    outer loop
      vertex 92.6036 67.7972 5
      vertex 92.2617 67.4467 4.51
      vertex 92.6082 67.7932 5
    endloop
  endfacet
  facet normal -0.466767 -0.532165 0.706349
    outer loop
      vertex 92.2617 67.4467 4.51
      vertex 92.6036 67.7972 5
      vertex 92.0306 67.6494 4.51
    endloop
  endfacet
  facet normal 0.312989 0.63496 0.706303
    outer loop
      vertex 89.425 63.7498 4.51
      vertex 89.1855 63.3228 5
      vertex 89.7007 63.6139 4.51
    endloop
  endfacet
  facet normal 0.31197 0.635495 0.706272
    outer loop
      vertex 89.1855 63.3228 5
      vertex 89.425 63.7498 4.51
      vertex 89.18 63.3255 5
    endloop
  endfacet
  facet normal 0.466734 -0.532221 0.706329
    outer loop
      vertex 89.1694 67.6494 4.51
      vertex 88.8711 68.0381 5
      vertex 88.5964 67.7972 5
    endloop
  endfacet
  facet normal 0.392657 0.588985 0.706341
    outer loop
      vertex 89.425 63.7498 4.51
      vertex 89.1749 63.3289 5
      vertex 89.18 63.3255 5
    endloop
  endfacet
  facet normal 0.393305 0.588576 0.706321
    outer loop
      vertex 89.1749 63.3289 5
      vertex 89.425 63.7498 4.51
      vertex 89.1694 63.9206 4.51
    endloop
  endfacet
  facet normal 0.227448 -0.670332 0.706344
    outer loop
      vertex 89.9918 68.0549 4.51
      vertex 89.865 68.5282 5
      vertex 89.519 68.4108 5
    endloop
  endfacet
  facet normal 0.138154 -0.694255 0.706345
    outer loop
      vertex 89.9918 68.0549 4.51
      vertex 90.2233 68.5995 5
      vertex 89.865 68.5282 5
    endloop
  endfacet
  facet normal 0.532221 -0.466734 0.706329
    outer loop
      vertex 88.7356 67.2156 4.51
      vertex 88.5878 67.7886 5
      vertex 88.3469 67.5139 5
    endloop
  endfacet
  facet normal -0.31197 -0.635495 0.706272
    outer loop
      vertex 92.0145 68.2472 5
      vertex 91.775 67.8202 4.51
      vertex 92.02 68.2445 5
    endloop
  endfacet
  facet normal -0.312989 -0.63496 0.706303
    outer loop
      vertex 91.775 67.8202 4.51
      vertex 92.0145 68.2472 5
      vertex 91.4993 67.9561 4.51
    endloop
  endfacet
  facet normal -0.669098 -0.230724 0.706452
    outer loop
      vertex 92.7711 66.6843 4.51
      vertex 93.2258 66.866 5
      vertex 93.2238 66.8718 5
    endloop
  endfacet
  facet normal -0.670293 -0.227499 0.706365
    outer loop
      vertex 93.2258 66.866 5
      vertex 92.7711 66.6843 4.51
      vertex 92.8699 66.3932 4.51
    endloop
  endfacet
  facet normal 0.227499 -0.670293 0.706365
    outer loop
      vertex 89.519 68.4108 5
      vertex 89.7007 67.9561 4.51
      vertex 89.9918 68.0549 4.51
    endloop
  endfacet
  facet normal 0.230724 -0.669098 0.706452
    outer loop
      vertex 89.7007 67.9561 4.51
      vertex 89.519 68.4108 5
      vertex 89.5132 68.4088 5
    endloop
  endfacet
  facet normal 0.312989 -0.63496 0.706303
    outer loop
      vertex 89.1855 68.2472 5
      vertex 89.425 67.8202 4.51
      vertex 89.7007 67.9561 4.51
    endloop
  endfacet
  facet normal 0.31197 -0.635495 0.706272
    outer loop
      vertex 89.425 67.8202 4.51
      vertex 89.1855 68.2472 5
      vertex 89.18 68.2445 5
    endloop
  endfacet
  facet normal -0.63496 0.312989 0.706303
    outer loop
      vertex 92.6352 64.61 4.51
      vertex 93.0622 64.3705 5
      vertex 92.7711 64.8857 4.51
    endloop
  endfacet
  facet normal -0.635495 0.31197 0.706272
    outer loop
      vertex 93.0622 64.3705 5
      vertex 92.6352 64.61 4.51
      vertex 93.0595 64.365 5
    endloop
  endfacet
  facet normal -0.53422 -0.46454 0.706266
    outer loop
      vertex 92.2617 67.4467 4.51
      vertex 92.6122 67.7886 5
      vertex 92.6082 67.7932 5
    endloop
  endfacet
  facet normal -0.532165 -0.466767 0.706349
    outer loop
      vertex 92.6122 67.7886 5
      vertex 92.2617 67.4467 4.51
      vertex 92.4644 67.2156 4.51
    endloop
  endfacet
  facet normal -0.532221 -0.466734 0.706329
    outer loop
      vertex 92.8531 67.5139 5
      vertex 92.6122 67.7886 5
      vertex 92.4644 67.2156 4.51
    endloop
  endfacet
  facet normal -0.670332 -0.227448 0.706344
    outer loop
      vertex 93.3432 66.52 5
      vertex 93.2258 66.866 5
      vertex 92.8699 66.3932 4.51
    endloop
  endfacet
  facet normal -0.694255 -0.138154 0.706345
    outer loop
      vertex 93.4145 66.1617 5
      vertex 93.3432 66.52 5
      vertex 92.8699 66.3932 4.51
    endloop
  endfacet
  facet normal -0.694142 -0.138828 0.706324
    outer loop
      vertex 93.4145 66.1617 5
      vertex 92.9299 66.0917 4.51
      vertex 93.4157 66.1557 5
    endloop
  endfacet
  facet normal -0.694256 -0.13816 0.706343
    outer loop
      vertex 92.9299 66.0917 4.51
      vertex 93.4145 66.1617 5
      vertex 92.8699 66.3932 4.51
    endloop
  endfacet
  facet normal -0.195234 0.980757 0
    outer loop
      vertex 26.8882 27.7761 2.6
      vertex 26.6958 27.7378 7
      vertex 26.8882 27.7761 7
    endloop
  endfacet
  facet normal -0.195234 0.980757 0
    outer loop
      vertex 26.6958 27.7378 7
      vertex 26.8882 27.7761 2.6
      vertex 26.6958 27.7378 2.6
    endloop
  endfacet
  facet normal -0.980757 -0.195234 0
    outer loop
      vertex 27.9872 29.4208 2.6
      vertex 27.9489 29.6132 7
      vertex 27.9489 29.6132 2.6
    endloop
  endfacet
  facet normal -0.980757 -0.195234 0
    outer loop
      vertex 27.9489 29.6132 7
      vertex 27.9872 29.4208 2.6
      vertex 27.9872 29.4208 7
    endloop
  endfacet
  facet normal -0.99787 -0.0652336 0
    outer loop
      vertex 28 29.225 2.6
      vertex 27.9872 29.4208 7
      vertex 27.9872 29.4208 2.6
    endloop
  endfacet
  facet normal -0.99787 -0.0652336 0
    outer loop
      vertex 27.9872 29.4208 7
      vertex 28 29.225 2.6
      vertex 28 29.225 7
    endloop
  endfacet
  facet normal 0.321574 -0.946885 0
    outer loop
      vertex 25.926 30.6108 2.6
      vertex 26.1118 30.6739 7
      vertex 25.926 30.6108 7
    endloop
  endfacet
  facet normal 0.321574 -0.946885 0
    outer loop
      vertex 26.1118 30.6739 7
      vertex 25.926 30.6108 2.6
      vertex 26.1118 30.6739 2.6
    endloop
  endfacet
  facet normal -0.946885 -0.321574 0
    outer loop
      vertex 27.9489 29.6132 2.6
      vertex 27.8858 29.799 7
      vertex 27.8858 29.799 2.6
    endloop
  endfacet
  facet normal -0.946885 -0.321574 0
    outer loop
      vertex 27.8858 29.799 7
      vertex 27.9489 29.6132 2.6
      vertex 27.9489 29.6132 7
    endloop
  endfacet
  facet normal -0.99787 0.0652336 0
    outer loop
      vertex 27.9872 29.0292 2.6
      vertex 28 29.225 7
      vertex 28 29.225 2.6
    endloop
  endfacet
  facet normal -0.99787 0.0652336 0
    outer loop
      vertex 28 29.225 7
      vertex 27.9872 29.0292 2.6
      vertex 27.9872 29.0292 7
    endloop
  endfacet
  facet normal -0.658937 -0.752198 0
    outer loop
      vertex 27.4131 30.415 2.6
      vertex 27.5607 30.2857 7
      vertex 27.4131 30.415 7
    endloop
  endfacet
  facet normal -0.658937 -0.752198 -0
    outer loop
      vertex 27.5607 30.2857 7
      vertex 27.4131 30.415 2.6
      vertex 27.5607 30.2857 2.6
    endloop
  endfacet
  facet normal 0.99787 -0.0652336 0
    outer loop
      vertex 25 29.225 7
      vertex 25.0128 29.4208 2.6
      vertex 25.0128 29.4208 7
    endloop
  endfacet
  facet normal 0.99787 -0.0652336 0
    outer loop
      vertex 25.0128 29.4208 2.6
      vertex 25 29.225 7
      vertex 25 29.225 2.6
    endloop
  endfacet
  facet normal -0.0652336 0.99787 0
    outer loop
      vertex 26.6958 27.7378 2.6
      vertex 26.5 27.725 7
      vertex 26.6958 27.7378 7
    endloop
  endfacet
  facet normal -0.0652336 0.99787 0
    outer loop
      vertex 26.5 27.725 7
      vertex 26.6958 27.7378 2.6
      vertex 26.5 27.725 2.6
    endloop
  endfacet
  facet normal 0.946885 0.321574 0
    outer loop
      vertex 25.1142 28.651 7
      vertex 25.0511 28.8368 2.6
      vertex 25.0511 28.8368 7
    endloop
  endfacet
  facet normal 0.946885 0.321574 0
    outer loop
      vertex 25.0511 28.8368 2.6
      vertex 25.1142 28.651 7
      vertex 25.1142 28.651 2.6
    endloop
  endfacet
  facet normal 0.555641 -0.831422 0
    outer loop
      vertex 25.5869 30.415 2.6
      vertex 25.75 30.524 7
      vertex 25.5869 30.415 7
    endloop
  endfacet
  facet normal 0.555641 -0.831422 0
    outer loop
      vertex 25.75 30.524 7
      vertex 25.5869 30.415 2.6
      vertex 25.75 30.524 2.6
    endloop
  endfacet
  facet normal 0.99787 0.0652336 0
    outer loop
      vertex 25.0128 29.0292 7
      vertex 25 29.225 2.6
      vertex 25 29.225 7
    endloop
  endfacet
  facet normal 0.99787 0.0652336 0
    outer loop
      vertex 25 29.225 2.6
      vertex 25.0128 29.0292 7
      vertex 25.0128 29.0292 2.6
    endloop
  endfacet
  facet normal 0.752198 0.658937 0
    outer loop
      vertex 25.4393 28.1643 7
      vertex 25.31 28.3119 2.6
      vertex 25.31 28.3119 7
    endloop
  endfacet
  facet normal 0.752198 0.658937 0
    outer loop
      vertex 25.31 28.3119 2.6
      vertex 25.4393 28.1643 7
      vertex 25.4393 28.1643 2.6
    endloop
  endfacet
  facet normal -0.195234 -0.980757 0
    outer loop
      vertex 26.6958 30.7122 2.6
      vertex 26.8882 30.6739 7
      vertex 26.6958 30.7122 7
    endloop
  endfacet
  facet normal -0.195234 -0.980757 -0
    outer loop
      vertex 26.8882 30.6739 7
      vertex 26.6958 30.7122 2.6
      vertex 26.8882 30.6739 2.6
    endloop
  endfacet
  facet normal 0.980757 0.195234 0
    outer loop
      vertex 25.0511 28.8368 7
      vertex 25.0128 29.0292 2.6
      vertex 25.0128 29.0292 7
    endloop
  endfacet
  facet normal 0.980757 0.195234 0
    outer loop
      vertex 25.0128 29.0292 2.6
      vertex 25.0511 28.8368 7
      vertex 25.0511 28.8368 2.6
    endloop
  endfacet
  facet normal -0.831422 0.555641 0
    outer loop
      vertex 27.69 28.3119 2.6
      vertex 27.799 28.475 7
      vertex 27.799 28.475 2.6
    endloop
  endfacet
  facet normal -0.831422 0.555641 0
    outer loop
      vertex 27.799 28.475 7
      vertex 27.69 28.3119 2.6
      vertex 27.69 28.3119 7
    endloop
  endfacet
  facet normal -0.321574 -0.946885 0
    outer loop
      vertex 26.8882 30.6739 2.6
      vertex 27.074 30.6108 7
      vertex 26.8882 30.6739 7
    endloop
  endfacet
  facet normal -0.321574 -0.946885 -0
    outer loop
      vertex 27.074 30.6108 7
      vertex 26.8882 30.6739 2.6
      vertex 27.074 30.6108 2.6
    endloop
  endfacet
  facet normal -0.442315 -0.89686 0
    outer loop
      vertex 27.074 30.6108 2.6
      vertex 27.25 30.524 7
      vertex 27.074 30.6108 7
    endloop
  endfacet
  facet normal -0.442315 -0.89686 -0
    outer loop
      vertex 27.25 30.524 7
      vertex 27.074 30.6108 2.6
      vertex 27.25 30.524 2.6
    endloop
  endfacet
  facet normal -0.555641 0.831422 0
    outer loop
      vertex 27.4131 28.035 2.6
      vertex 27.25 27.926 7
      vertex 27.4131 28.035 7
    endloop
  endfacet
  facet normal -0.555641 0.831422 0
    outer loop
      vertex 27.25 27.926 7
      vertex 27.4131 28.035 2.6
      vertex 27.25 27.926 2.6
    endloop
  endfacet
  facet normal 0.946885 -0.321574 0
    outer loop
      vertex 25.0511 29.6132 7
      vertex 25.1142 29.799 2.6
      vertex 25.1142 29.799 7
    endloop
  endfacet
  facet normal 0.946885 -0.321574 0
    outer loop
      vertex 25.1142 29.799 2.6
      vertex 25.0511 29.6132 7
      vertex 25.0511 29.6132 2.6
    endloop
  endfacet
  facet normal 0.555641 0.831422 -0
    outer loop
      vertex 25.75 27.926 2.6
      vertex 25.5869 28.035 7
      vertex 25.75 27.926 7
    endloop
  endfacet
  facet normal 0.555641 0.831422 0
    outer loop
      vertex 25.5869 28.035 7
      vertex 25.75 27.926 2.6
      vertex 25.5869 28.035 2.6
    endloop
  endfacet
  facet normal 0.752198 -0.658937 0
    outer loop
      vertex 25.31 30.1381 7
      vertex 25.4393 30.2857 2.6
      vertex 25.4393 30.2857 7
    endloop
  endfacet
  facet normal 0.752198 -0.658937 0
    outer loop
      vertex 25.4393 30.2857 2.6
      vertex 25.31 30.1381 7
      vertex 25.31 30.1381 2.6
    endloop
  endfacet
  facet normal 0.980757 -0.195234 0
    outer loop
      vertex 25.0128 29.4208 7
      vertex 25.0511 29.6132 2.6
      vertex 25.0511 29.6132 7
    endloop
  endfacet
  facet normal 0.980757 -0.195234 0
    outer loop
      vertex 25.0511 29.6132 2.6
      vertex 25.0128 29.4208 7
      vertex 25.0128 29.4208 2.6
    endloop
  endfacet
  facet normal -0.946885 0.321574 0
    outer loop
      vertex 27.8858 28.651 2.6
      vertex 27.9489 28.8368 7
      vertex 27.9489 28.8368 2.6
    endloop
  endfacet
  facet normal -0.946885 0.321574 0
    outer loop
      vertex 27.9489 28.8368 7
      vertex 27.8858 28.651 2.6
      vertex 27.8858 28.651 7
    endloop
  endfacet
  facet normal -0.831422 -0.555641 0
    outer loop
      vertex 27.799 29.975 2.6
      vertex 27.69 30.1381 7
      vertex 27.69 30.1381 2.6
    endloop
  endfacet
  facet normal -0.831422 -0.555641 0
    outer loop
      vertex 27.69 30.1381 7
      vertex 27.799 29.975 2.6
      vertex 27.799 29.975 7
    endloop
  endfacet
  facet normal 0.89686 0.442315 0
    outer loop
      vertex 25.201 28.475 7
      vertex 25.1142 28.651 2.6
      vertex 25.1142 28.651 7
    endloop
  endfacet
  facet normal 0.89686 0.442315 0
    outer loop
      vertex 25.1142 28.651 2.6
      vertex 25.201 28.475 7
      vertex 25.201 28.475 2.6
    endloop
  endfacet
  facet normal -0.555641 -0.831422 0
    outer loop
      vertex 27.25 30.524 2.6
      vertex 27.4131 30.415 7
      vertex 27.25 30.524 7
    endloop
  endfacet
  facet normal -0.555641 -0.831422 -0
    outer loop
      vertex 27.4131 30.415 7
      vertex 27.25 30.524 2.6
      vertex 27.4131 30.415 2.6
    endloop
  endfacet
  facet normal -0.658937 0.752198 0
    outer loop
      vertex 27.5607 28.1643 2.6
      vertex 27.4131 28.035 7
      vertex 27.5607 28.1643 7
    endloop
  endfacet
  facet normal -0.658937 0.752198 0
    outer loop
      vertex 27.4131 28.035 7
      vertex 27.5607 28.1643 2.6
      vertex 27.4131 28.035 2.6
    endloop
  endfacet
  facet normal 0.321574 0.946885 -0
    outer loop
      vertex 26.1118 27.7761 2.6
      vertex 25.926 27.8392 7
      vertex 26.1118 27.7761 7
    endloop
  endfacet
  facet normal 0.321574 0.946885 0
    outer loop
      vertex 25.926 27.8392 7
      vertex 26.1118 27.7761 2.6
      vertex 25.926 27.8392 2.6
    endloop
  endfacet
  facet normal 0.195234 -0.980757 0
    outer loop
      vertex 26.1118 30.6739 2.6
      vertex 26.3042 30.7122 7
      vertex 26.1118 30.6739 7
    endloop
  endfacet
  facet normal 0.195234 -0.980757 0
    outer loop
      vertex 26.3042 30.7122 7
      vertex 26.1118 30.6739 2.6
      vertex 26.3042 30.7122 2.6
    endloop
  endfacet
  facet normal -0.89686 -0.442315 0
    outer loop
      vertex 27.8858 29.799 2.6
      vertex 27.799 29.975 7
      vertex 27.799 29.975 2.6
    endloop
  endfacet
  facet normal -0.89686 -0.442315 0
    outer loop
      vertex 27.799 29.975 7
      vertex 27.8858 29.799 2.6
      vertex 27.8858 29.799 7
    endloop
  endfacet
  facet normal 0.442315 0.89686 -0
    outer loop
      vertex 25.926 27.8392 2.6
      vertex 25.75 27.926 7
      vertex 25.926 27.8392 7
    endloop
  endfacet
  facet normal 0.442315 0.89686 0
    outer loop
      vertex 25.75 27.926 7
      vertex 25.926 27.8392 2.6
      vertex 25.75 27.926 2.6
    endloop
  endfacet
  facet normal -0.980757 0.195234 0
    outer loop
      vertex 27.9489 28.8368 2.6
      vertex 27.9872 29.0292 7
      vertex 27.9872 29.0292 2.6
    endloop
  endfacet
  facet normal -0.980757 0.195234 0
    outer loop
      vertex 27.9872 29.0292 7
      vertex 27.9489 28.8368 2.6
      vertex 27.9489 28.8368 7
    endloop
  endfacet
  facet normal 0.658937 0.752198 -0
    outer loop
      vertex 25.5869 28.035 2.6
      vertex 25.4393 28.1643 7
      vertex 25.5869 28.035 7
    endloop
  endfacet
  facet normal 0.658937 0.752198 0
    outer loop
      vertex 25.4393 28.1643 7
      vertex 25.5869 28.035 2.6
      vertex 25.4393 28.1643 2.6
    endloop
  endfacet
  facet normal -0.752198 0.658937 0
    outer loop
      vertex 27.5607 28.1643 2.6
      vertex 27.69 28.3119 7
      vertex 27.69 28.3119 2.6
    endloop
  endfacet
  facet normal -0.752198 0.658937 0
    outer loop
      vertex 27.69 28.3119 7
      vertex 27.5607 28.1643 2.6
      vertex 27.5607 28.1643 7
    endloop
  endfacet
  facet normal 0.658937 -0.752198 0
    outer loop
      vertex 25.4393 30.2857 2.6
      vertex 25.5869 30.415 7
      vertex 25.4393 30.2857 7
    endloop
  endfacet
  facet normal 0.658937 -0.752198 0
    outer loop
      vertex 25.5869 30.415 7
      vertex 25.4393 30.2857 2.6
      vertex 25.5869 30.415 2.6
    endloop
  endfacet
  facet normal 0.0652336 -0.99787 0
    outer loop
      vertex 26.3042 30.7122 2.6
      vertex 26.5 30.725 7
      vertex 26.3042 30.7122 7
    endloop
  endfacet
  facet normal 0.0652336 -0.99787 0
    outer loop
      vertex 26.5 30.725 7
      vertex 26.3042 30.7122 2.6
      vertex 26.5 30.725 2.6
    endloop
  endfacet
  facet normal -0.89686 0.442315 0
    outer loop
      vertex 27.799 28.475 2.6
      vertex 27.8858 28.651 7
      vertex 27.8858 28.651 2.6
    endloop
  endfacet
  facet normal -0.89686 0.442315 0
    outer loop
      vertex 27.8858 28.651 7
      vertex 27.799 28.475 2.6
      vertex 27.799 28.475 7
    endloop
  endfacet
  facet normal -0.442315 0.89686 0
    outer loop
      vertex 27.25 27.926 2.6
      vertex 27.074 27.8392 7
      vertex 27.25 27.926 7
    endloop
  endfacet
  facet normal -0.442315 0.89686 0
    outer loop
      vertex 27.074 27.8392 7
      vertex 27.25 27.926 2.6
      vertex 27.074 27.8392 2.6
    endloop
  endfacet
  facet normal -0.752198 -0.658937 0
    outer loop
      vertex 27.69 30.1381 2.6
      vertex 27.5607 30.2857 7
      vertex 27.5607 30.2857 2.6
    endloop
  endfacet
  facet normal -0.752198 -0.658937 0
    outer loop
      vertex 27.5607 30.2857 7
      vertex 27.69 30.1381 2.6
      vertex 27.69 30.1381 7
    endloop
  endfacet
  facet normal 0.831422 -0.555641 0
    outer loop
      vertex 25.201 29.975 7
      vertex 25.31 30.1381 2.6
      vertex 25.31 30.1381 7
    endloop
  endfacet
  facet normal 0.831422 -0.555641 0
    outer loop
      vertex 25.31 30.1381 2.6
      vertex 25.201 29.975 7
      vertex 25.201 29.975 2.6
    endloop
  endfacet
  facet normal 0.831422 0.555641 0
    outer loop
      vertex 25.31 28.3119 7
      vertex 25.201 28.475 2.6
      vertex 25.201 28.475 7
    endloop
  endfacet
  facet normal 0.831422 0.555641 0
    outer loop
      vertex 25.201 28.475 2.6
      vertex 25.31 28.3119 7
      vertex 25.31 28.3119 2.6
    endloop
  endfacet
  facet normal 0.442315 -0.89686 0
    outer loop
      vertex 25.75 30.524 2.6
      vertex 25.926 30.6108 7
      vertex 25.75 30.524 7
    endloop
  endfacet
  facet normal 0.442315 -0.89686 0
    outer loop
      vertex 25.926 30.6108 7
      vertex 25.75 30.524 2.6
      vertex 25.926 30.6108 2.6
    endloop
  endfacet
  facet normal -0.0652336 -0.99787 0
    outer loop
      vertex 26.5 30.725 2.6
      vertex 26.6958 30.7122 7
      vertex 26.5 30.725 7
    endloop
  endfacet
  facet normal -0.0652336 -0.99787 -0
    outer loop
      vertex 26.6958 30.7122 7
      vertex 26.5 30.725 2.6
      vertex 26.6958 30.7122 2.6
    endloop
  endfacet
  facet normal 0.89686 -0.442315 0
    outer loop
      vertex 25.1142 29.799 7
      vertex 25.201 29.975 2.6
      vertex 25.201 29.975 7
    endloop
  endfacet
  facet normal 0.89686 -0.442315 0
    outer loop
      vertex 25.201 29.975 2.6
      vertex 25.1142 29.799 7
      vertex 25.1142 29.799 2.6
    endloop
  endfacet
  facet normal -0.321574 0.946885 0
    outer loop
      vertex 27.074 27.8392 2.6
      vertex 26.8882 27.7761 7
      vertex 27.074 27.8392 7
    endloop
  endfacet
  facet normal -0.321574 0.946885 0
    outer loop
      vertex 26.8882 27.7761 7
      vertex 27.074 27.8392 2.6
      vertex 26.8882 27.7761 2.6
    endloop
  endfacet
  facet normal 0.195234 0.980757 -0
    outer loop
      vertex 26.3042 27.7378 2.6
      vertex 26.1118 27.7761 7
      vertex 26.3042 27.7378 7
    endloop
  endfacet
  facet normal 0.195234 0.980757 0
    outer loop
      vertex 26.1118 27.7761 7
      vertex 26.3042 27.7378 2.6
      vertex 26.1118 27.7761 2.6
    endloop
  endfacet
  facet normal 0 0 1
    outer loop
      vertex 27.9872 29.4208 2.6
      vertex 27.9872 29.0292 2.6
      vertex 28 29.225 2.6
    endloop
  endfacet
  facet normal 0 0 1
    outer loop
      vertex 27.9489 29.6132 2.6
      vertex 27.9872 29.0292 2.6
      vertex 27.9872 29.4208 2.6
    endloop
  endfacet
  facet normal 0 0 1
    outer loop
      vertex 27.9489 29.6132 2.6
      vertex 27.9489 28.8368 2.6
      vertex 27.9872 29.0292 2.6
    endloop
  endfacet
  facet normal 0 0 1
    outer loop
      vertex 27.8858 29.799 2.6
      vertex 27.9489 28.8368 2.6
      vertex 27.9489 29.6132 2.6
    endloop
  endfacet
  facet normal 0 0 1
    outer loop
      vertex 27.8858 29.799 2.6
      vertex 27.8858 28.651 2.6
      vertex 27.9489 28.8368 2.6
    endloop
  endfacet
  facet normal 0 0 1
    outer loop
      vertex 27.799 29.975 2.6
      vertex 27.8858 28.651 2.6
      vertex 27.8858 29.799 2.6
    endloop
  endfacet
  facet normal 0 0 1
    outer loop
      vertex 27.799 29.975 2.6
      vertex 27.799 28.475 2.6
      vertex 27.8858 28.651 2.6
    endloop
  endfacet
  facet normal 0 0 1
    outer loop
      vertex 27.69 30.1381 2.6
      vertex 27.799 28.475 2.6
      vertex 27.799 29.975 2.6
    endloop
  endfacet
  facet normal 0 0 1
    outer loop
      vertex 27.69 30.1381 2.6
      vertex 27.69 28.3119 2.6
      vertex 27.799 28.475 2.6
    endloop
  endfacet
  facet normal 0 0 1
    outer loop
      vertex 27.5607 30.2857 2.6
      vertex 27.69 28.3119 2.6
      vertex 27.69 30.1381 2.6
    endloop
  endfacet
  facet normal 0 0 1
    outer loop
      vertex 27.5607 30.2857 2.6
      vertex 27.5607 28.1643 2.6
      vertex 27.69 28.3119 2.6
    endloop
  endfacet
  facet normal 0 0 1
    outer loop
      vertex 27.4131 30.415 2.6
      vertex 27.5607 28.1643 2.6
      vertex 27.5607 30.2857 2.6
    endloop
  endfacet
  facet normal 0 0 1
    outer loop
      vertex 27.4131 30.415 2.6
      vertex 27.4131 28.035 2.6
      vertex 27.5607 28.1643 2.6
    endloop
  endfacet
  facet normal 0 0 1
    outer loop
      vertex 27.25 30.524 2.6
      vertex 27.4131 28.035 2.6
      vertex 27.4131 30.415 2.6
    endloop
  endfacet
  facet normal 0 0 1
    outer loop
      vertex 27.25 30.524 2.6
      vertex 27.25 27.926 2.6
      vertex 27.4131 28.035 2.6
    endloop
  endfacet
  facet normal 0 0 1
    outer loop
      vertex 27.074 30.6108 2.6
      vertex 27.25 27.926 2.6
      vertex 27.25 30.524 2.6
    endloop
  endfacet
  facet normal 0 0 1
    outer loop
      vertex 27.074 30.6108 2.6
      vertex 27.074 27.8392 2.6
      vertex 27.25 27.926 2.6
    endloop
  endfacet
  facet normal 0 0 1
    outer loop
      vertex 26.8882 30.6739 2.6
      vertex 27.074 27.8392 2.6
      vertex 27.074 30.6108 2.6
    endloop
  endfacet
  facet normal 0 0 1
    outer loop
      vertex 26.8882 30.6739 2.6
      vertex 26.8882 27.7761 2.6
      vertex 27.074 27.8392 2.6
    endloop
  endfacet
  facet normal 0 0 1
    outer loop
      vertex 26.6958 30.7122 2.6
      vertex 26.8882 27.7761 2.6
      vertex 26.8882 30.6739 2.6
    endloop
  endfacet
  facet normal 0 0 1
    outer loop
      vertex 26.6958 30.7122 2.6
      vertex 26.6958 27.7378 2.6
      vertex 26.8882 27.7761 2.6
    endloop
  endfacet
  facet normal 0 0 1
    outer loop
      vertex 26.5 30.725 2.6
      vertex 26.6958 27.7378 2.6
      vertex 26.6958 30.7122 2.6
    endloop
  endfacet
  facet normal 0 0 1
    outer loop
      vertex 26.5 30.725 2.6
      vertex 26.5 27.725 2.6
      vertex 26.6958 27.7378 2.6
    endloop
  endfacet
  facet normal -0 0 1
    outer loop
      vertex 26.3042 30.7122 2.6
      vertex 26.5 27.725 2.6
      vertex 26.5 30.725 2.6
    endloop
  endfacet
  facet normal 0 0 1
    outer loop
      vertex 26.3042 30.7122 2.6
      vertex 26.3042 27.7378 2.6
      vertex 26.5 27.725 2.6
    endloop
  endfacet
  facet normal -0 0 1
    outer loop
      vertex 26.1118 30.6739 2.6
      vertex 26.3042 27.7378 2.6
      vertex 26.3042 30.7122 2.6
    endloop
  endfacet
  facet normal 0 0 1
    outer loop
      vertex 26.1118 30.6739 2.6
      vertex 26.1118 27.7761 2.6
      vertex 26.3042 27.7378 2.6
    endloop
  endfacet
  facet normal -0 0 1
    outer loop
      vertex 25.926 30.6108 2.6
      vertex 26.1118 27.7761 2.6
      vertex 26.1118 30.6739 2.6
    endloop
  endfacet
  facet normal 0 0 1
    outer loop
      vertex 25.926 30.6108 2.6
      vertex 25.926 27.8392 2.6
      vertex 26.1118 27.7761 2.6
    endloop
  endfacet
  facet normal -0 0 1
    outer loop
      vertex 25.75 30.524 2.6
      vertex 25.926 27.8392 2.6
      vertex 25.926 30.6108 2.6
    endloop
  endfacet
  facet normal 0 0 1
    outer loop
      vertex 25.75 30.524 2.6
      vertex 25.75 27.926 2.6
      vertex 25.926 27.8392 2.6
    endloop
  endfacet
  facet normal -0 0 1
    outer loop
      vertex 25.5869 30.415 2.6
      vertex 25.75 27.926 2.6
      vertex 25.75 30.524 2.6
    endloop
  endfacet
  facet normal 0 0 1
    outer loop
      vertex 25.5869 30.415 2.6
      vertex 25.5869 28.035 2.6
      vertex 25.75 27.926 2.6
    endloop
  endfacet
  facet normal -0 0 1
    outer loop
      vertex 25.4393 30.2857 2.6
      vertex 25.5869 28.035 2.6
      vertex 25.5869 30.415 2.6
    endloop
  endfacet
  facet normal 0 0 1
    outer loop
      vertex 25.4393 30.2857 2.6
      vertex 25.4393 28.1643 2.6
      vertex 25.5869 28.035 2.6
    endloop
  endfacet
  facet normal -0 0 1
    outer loop
      vertex 25.31 30.1381 2.6
      vertex 25.4393 28.1643 2.6
      vertex 25.4393 30.2857 2.6
    endloop
  endfacet
  facet normal 0 0 1
    outer loop
      vertex 25.31 30.1381 2.6
      vertex 25.31 28.3119 2.6
      vertex 25.4393 28.1643 2.6
    endloop
  endfacet
  facet normal -0 0 1
    outer loop
      vertex 25.201 29.975 2.6
      vertex 25.31 28.3119 2.6
      vertex 25.31 30.1381 2.6
    endloop
  endfacet
  facet normal 0 0 1
    outer loop
      vertex 25.201 29.975 2.6
      vertex 25.201 28.475 2.6
      vertex 25.31 28.3119 2.6
    endloop
  endfacet
  facet normal -0 0 1
    outer loop
      vertex 25.1142 29.799 2.6
      vertex 25.201 28.475 2.6
      vertex 25.201 29.975 2.6
    endloop
  endfacet
  facet normal 0 0 1
    outer loop
      vertex 25.1142 29.799 2.6
      vertex 25.1142 28.651 2.6
      vertex 25.201 28.475 2.6
    endloop
  endfacet
  facet normal -0 0 1
    outer loop
      vertex 25.0511 29.6132 2.6
      vertex 25.1142 28.651 2.6
      vertex 25.1142 29.799 2.6
    endloop
  endfacet
  facet normal 0 0 1
    outer loop
      vertex 25.0511 29.6132 2.6
      vertex 25.0511 28.8368 2.6
      vertex 25.1142 28.651 2.6
    endloop
  endfacet
  facet normal -0 0 1
    outer loop
      vertex 25.0128 29.4208 2.6
      vertex 25.0511 28.8368 2.6
      vertex 25.0511 29.6132 2.6
    endloop
  endfacet
  facet normal 0 0 1
    outer loop
      vertex 25.0128 29.4208 2.6
      vertex 25.0128 29.0292 2.6
      vertex 25.0511 28.8368 2.6
    endloop
  endfacet
  facet normal 0 -0 1
    outer loop
      vertex 25.0128 29.0292 2.6
      vertex 25.0128 29.4208 2.6
      vertex 25 29.225 2.6
    endloop
  endfacet
  facet normal 0.0652336 0.99787 -0
    outer loop
      vertex 26.5 27.725 2.6
      vertex 26.3042 27.7378 7
      vertex 26.5 27.725 7
    endloop
  endfacet
  facet normal 0.0652336 0.99787 0
    outer loop
      vertex 26.3042 27.7378 7
      vertex 26.5 27.725 2.6
      vertex 26.3042 27.7378 2.6
    endloop
  endfacet
  facet normal 0.946885 0.321574 0
    outer loop
      vertex 25.1142 40.051 7
      vertex 25.0511 40.2368 2.6
      vertex 25.0511 40.2368 7
    endloop
  endfacet
  facet normal 0.946885 0.321574 0
    outer loop
      vertex 25.0511 40.2368 2.6
      vertex 25.1142 40.051 7
      vertex 25.1142 40.051 2.6
    endloop
  endfacet
  facet normal -0.195234 0.980757 0
    outer loop
      vertex 26.8882 39.1761 2.6
      vertex 26.6958 39.1378 7
      vertex 26.8882 39.1761 7
    endloop
  endfacet
  facet normal -0.195234 0.980757 0
    outer loop
      vertex 26.6958 39.1378 7
      vertex 26.8882 39.1761 2.6
      vertex 26.6958 39.1378 2.6
    endloop
  endfacet
  facet normal -0.980757 -0.195234 0
    outer loop
      vertex 27.9872 40.8208 2.6
      vertex 27.9489 41.0132 7
      vertex 27.9489 41.0132 2.6
    endloop
  endfacet
  facet normal -0.980757 -0.195234 0
    outer loop
      vertex 27.9489 41.0132 7
      vertex 27.9872 40.8208 2.6
      vertex 27.9872 40.8208 7
    endloop
  endfacet
  facet normal -0.99787 -0.0652336 0
    outer loop
      vertex 28 40.625 2.6
      vertex 27.9872 40.8208 7
      vertex 27.9872 40.8208 2.6
    endloop
  endfacet
  facet normal -0.99787 -0.0652336 0
    outer loop
      vertex 27.9872 40.8208 7
      vertex 28 40.625 2.6
      vertex 28 40.625 7
    endloop
  endfacet
  facet normal 0.442315 -0.89686 0
    outer loop
      vertex 25.75 41.924 2.6
      vertex 25.926 42.0108 7
      vertex 25.75 41.924 7
    endloop
  endfacet
  facet normal 0.442315 -0.89686 0
    outer loop
      vertex 25.926 42.0108 7
      vertex 25.75 41.924 2.6
      vertex 25.926 42.0108 2.6
    endloop
  endfacet
  facet normal -0.946885 -0.321574 0
    outer loop
      vertex 27.9489 41.0132 2.6
      vertex 27.8858 41.199 7
      vertex 27.8858 41.199 2.6
    endloop
  endfacet
  facet normal -0.946885 -0.321574 0
    outer loop
      vertex 27.8858 41.199 7
      vertex 27.9489 41.0132 2.6
      vertex 27.9489 41.0132 7
    endloop
  endfacet
  facet normal -0.89686 0.442315 0
    outer loop
      vertex 27.799 39.875 2.6
      vertex 27.8858 40.051 7
      vertex 27.8858 40.051 2.6
    endloop
  endfacet
  facet normal -0.89686 0.442315 0
    outer loop
      vertex 27.8858 40.051 7
      vertex 27.799 39.875 2.6
      vertex 27.799 39.875 7
    endloop
  endfacet
  facet normal -0.99787 0.0652336 0
    outer loop
      vertex 27.9872 40.4292 2.6
      vertex 28 40.625 7
      vertex 28 40.625 2.6
    endloop
  endfacet
  facet normal -0.99787 0.0652336 0
    outer loop
      vertex 28 40.625 7
      vertex 27.9872 40.4292 2.6
      vertex 27.9872 40.4292 7
    endloop
  endfacet
  facet normal -0.658937 -0.752198 0
    outer loop
      vertex 27.4131 41.815 2.6
      vertex 27.5607 41.6857 7
      vertex 27.4131 41.815 7
    endloop
  endfacet
  facet normal -0.658937 -0.752198 -0
    outer loop
      vertex 27.5607 41.6857 7
      vertex 27.4131 41.815 2.6
      vertex 27.5607 41.6857 2.6
    endloop
  endfacet
  facet normal 0.658937 -0.752198 0
    outer loop
      vertex 25.4393 41.6857 2.6
      vertex 25.5869 41.815 7
      vertex 25.4393 41.6857 7
    endloop
  endfacet
  facet normal 0.658937 -0.752198 0
    outer loop
      vertex 25.5869 41.815 7
      vertex 25.4393 41.6857 2.6
      vertex 25.5869 41.815 2.6
    endloop
  endfacet
  facet normal -0.0652336 -0.99787 0
    outer loop
      vertex 26.5 42.125 2.6
      vertex 26.6958 42.1122 7
      vertex 26.5 42.125 7
    endloop
  endfacet
  facet normal -0.0652336 -0.99787 -0
    outer loop
      vertex 26.6958 42.1122 7
      vertex 26.5 42.125 2.6
      vertex 26.6958 42.1122 2.6
    endloop
  endfacet
  facet normal 0.99787 -0.0652336 0
    outer loop
      vertex 25 40.625 7
      vertex 25.0128 40.8208 2.6
      vertex 25.0128 40.8208 7
    endloop
  endfacet
  facet normal 0.99787 -0.0652336 0
    outer loop
      vertex 25.0128 40.8208 2.6
      vertex 25 40.625 7
      vertex 25 40.625 2.6
    endloop
  endfacet
  facet normal 0.752198 0.658937 0
    outer loop
      vertex 25.4393 39.5643 7
      vertex 25.31 39.7119 2.6
      vertex 25.31 39.7119 7
    endloop
  endfacet
  facet normal 0.752198 0.658937 0
    outer loop
      vertex 25.31 39.7119 2.6
      vertex 25.4393 39.5643 7
      vertex 25.4393 39.5643 2.6
    endloop
  endfacet
  facet normal 0.980757 0.195234 0
    outer loop
      vertex 25.0511 40.2368 7
      vertex 25.0128 40.4292 2.6
      vertex 25.0128 40.4292 7
    endloop
  endfacet
  facet normal 0.980757 0.195234 0
    outer loop
      vertex 25.0128 40.4292 2.6
      vertex 25.0511 40.2368 7
      vertex 25.0511 40.2368 2.6
    endloop
  endfacet
  facet normal -0.831422 0.555641 0
    outer loop
      vertex 27.69 39.7119 2.6
      vertex 27.799 39.875 7
      vertex 27.799 39.875 2.6
    endloop
  endfacet
  facet normal -0.831422 0.555641 0
    outer loop
      vertex 27.799 39.875 7
      vertex 27.69 39.7119 2.6
      vertex 27.69 39.7119 7
    endloop
  endfacet
  facet normal 0.89686 -0.442315 0
    outer loop
      vertex 25.1142 41.199 7
      vertex 25.201 41.375 2.6
      vertex 25.201 41.375 7
    endloop
  endfacet
  facet normal 0.89686 -0.442315 0
    outer loop
      vertex 25.201 41.375 2.6
      vertex 25.1142 41.199 7
      vertex 25.1142 41.199 2.6
    endloop
  endfacet
  facet normal 0.831422 -0.555641 0
    outer loop
      vertex 25.201 41.375 7
      vertex 25.31 41.5381 2.6
      vertex 25.31 41.5381 7
    endloop
  endfacet
  facet normal 0.831422 -0.555641 0
    outer loop
      vertex 25.31 41.5381 2.6
      vertex 25.201 41.375 7
      vertex 25.201 41.375 2.6
    endloop
  endfacet
  facet normal 0.0652336 -0.99787 0
    outer loop
      vertex 26.3042 42.1122 2.6
      vertex 26.5 42.125 7
      vertex 26.3042 42.1122 7
    endloop
  endfacet
  facet normal 0.0652336 -0.99787 0
    outer loop
      vertex 26.5 42.125 7
      vertex 26.3042 42.1122 2.6
      vertex 26.5 42.125 2.6
    endloop
  endfacet
  facet normal 0.321574 0.946885 -0
    outer loop
      vertex 26.1118 39.1761 2.6
      vertex 25.926 39.2392 7
      vertex 26.1118 39.1761 7
    endloop
  endfacet
  facet normal 0.321574 0.946885 0
    outer loop
      vertex 25.926 39.2392 7
      vertex 26.1118 39.1761 2.6
      vertex 25.926 39.2392 2.6
    endloop
  endfacet
  facet normal -0.442315 -0.89686 0
    outer loop
      vertex 27.074 42.0108 2.6
      vertex 27.25 41.924 7
      vertex 27.074 42.0108 7
    endloop
  endfacet
  facet normal -0.442315 -0.89686 -0
    outer loop
      vertex 27.25 41.924 7
      vertex 27.074 42.0108 2.6
      vertex 27.25 41.924 2.6
    endloop
  endfacet
  facet normal -0.0652336 0.99787 0
    outer loop
      vertex 26.6958 39.1378 2.6
      vertex 26.5 39.125 7
      vertex 26.6958 39.1378 7
    endloop
  endfacet
  facet normal -0.0652336 0.99787 0
    outer loop
      vertex 26.5 39.125 7
      vertex 26.6958 39.1378 2.6
      vertex 26.5 39.125 2.6
    endloop
  endfacet
  facet normal -0.555641 0.831422 0
    outer loop
      vertex 27.4131 39.435 2.6
      vertex 27.25 39.326 7
      vertex 27.4131 39.435 7
    endloop
  endfacet
  facet normal -0.555641 0.831422 0
    outer loop
      vertex 27.25 39.326 7
      vertex 27.4131 39.435 2.6
      vertex 27.25 39.326 2.6
    endloop
  endfacet
  facet normal -0.980757 0.195234 0
    outer loop
      vertex 27.9489 40.2368 2.6
      vertex 27.9872 40.4292 7
      vertex 27.9872 40.4292 2.6
    endloop
  endfacet
  facet normal -0.980757 0.195234 0
    outer loop
      vertex 27.9872 40.4292 7
      vertex 27.9489 40.2368 2.6
      vertex 27.9489 40.2368 7
    endloop
  endfacet
  facet normal 0.752198 -0.658937 0
    outer loop
      vertex 25.31 41.5381 7
      vertex 25.4393 41.6857 2.6
      vertex 25.4393 41.6857 7
    endloop
  endfacet
  facet normal 0.752198 -0.658937 0
    outer loop
      vertex 25.4393 41.6857 2.6
      vertex 25.31 41.5381 7
      vertex 25.31 41.5381 2.6
    endloop
  endfacet
  facet normal 0.980757 -0.195234 0
    outer loop
      vertex 25.0128 40.8208 7
      vertex 25.0511 41.0132 2.6
      vertex 25.0511 41.0132 7
    endloop
  endfacet
  facet normal 0.980757 -0.195234 0
    outer loop
      vertex 25.0511 41.0132 2.6
      vertex 25.0128 40.8208 7
      vertex 25.0128 40.8208 2.6
    endloop
  endfacet
  facet normal -0.831422 -0.555641 0
    outer loop
      vertex 27.799 41.375 2.6
      vertex 27.69 41.5381 7
      vertex 27.69 41.5381 2.6
    endloop
  endfacet
  facet normal -0.831422 -0.555641 0
    outer loop
      vertex 27.69 41.5381 7
      vertex 27.799 41.375 2.6
      vertex 27.799 41.375 7
    endloop
  endfacet
  facet normal -0.555641 -0.831422 0
    outer loop
      vertex 27.25 41.924 2.6
      vertex 27.4131 41.815 7
      vertex 27.25 41.924 7
    endloop
  endfacet
  facet normal -0.555641 -0.831422 -0
    outer loop
      vertex 27.4131 41.815 7
      vertex 27.25 41.924 2.6
      vertex 27.4131 41.815 2.6
    endloop
  endfacet
  facet normal 0.99787 0.0652336 0
    outer loop
      vertex 25.0128 40.4292 7
      vertex 25 40.625 2.6
      vertex 25 40.625 7
    endloop
  endfacet
  facet normal 0.99787 0.0652336 0
    outer loop
      vertex 25 40.625 2.6
      vertex 25.0128 40.4292 7
      vertex 25.0128 40.4292 2.6
    endloop
  endfacet
  facet normal -0.321574 -0.946885 0
    outer loop
      vertex 26.8882 42.0739 2.6
      vertex 27.074 42.0108 7
      vertex 26.8882 42.0739 7
    endloop
  endfacet
  facet normal -0.321574 -0.946885 -0
    outer loop
      vertex 27.074 42.0108 7
      vertex 26.8882 42.0739 2.6
      vertex 27.074 42.0108 2.6
    endloop
  endfacet
  facet normal -0.658937 0.752198 0
    outer loop
      vertex 27.5607 39.5643 2.6
      vertex 27.4131 39.435 7
      vertex 27.5607 39.5643 7
    endloop
  endfacet
  facet normal -0.658937 0.752198 0
    outer loop
      vertex 27.4131 39.435 7
      vertex 27.5607 39.5643 2.6
      vertex 27.4131 39.435 2.6
    endloop
  endfacet
  facet normal 0.195234 -0.980757 0
    outer loop
      vertex 26.1118 42.0739 2.6
      vertex 26.3042 42.1122 7
      vertex 26.1118 42.0739 7
    endloop
  endfacet
  facet normal 0.195234 -0.980757 0
    outer loop
      vertex 26.3042 42.1122 7
      vertex 26.1118 42.0739 2.6
      vertex 26.3042 42.1122 2.6
    endloop
  endfacet
  facet normal -0.89686 -0.442315 0
    outer loop
      vertex 27.8858 41.199 2.6
      vertex 27.799 41.375 7
      vertex 27.799 41.375 2.6
    endloop
  endfacet
  facet normal -0.89686 -0.442315 0
    outer loop
      vertex 27.799 41.375 7
      vertex 27.8858 41.199 2.6
      vertex 27.8858 41.199 7
    endloop
  endfacet
  facet normal -0.946885 0.321574 0
    outer loop
      vertex 27.8858 40.051 2.6
      vertex 27.9489 40.2368 7
      vertex 27.9489 40.2368 2.6
    endloop
  endfacet
  facet normal -0.946885 0.321574 0
    outer loop
      vertex 27.9489 40.2368 7
      vertex 27.8858 40.051 2.6
      vertex 27.8858 40.051 7
    endloop
  endfacet
  facet normal 0.555641 0.831422 -0
    outer loop
      vertex 25.75 39.326 2.6
      vertex 25.5869 39.435 7
      vertex 25.75 39.326 7
    endloop
  endfacet
  facet normal 0.555641 0.831422 0
    outer loop
      vertex 25.5869 39.435 7
      vertex 25.75 39.326 2.6
      vertex 25.5869 39.435 2.6
    endloop
  endfacet
  facet normal 0.658937 0.752198 -0
    outer loop
      vertex 25.5869 39.435 2.6
      vertex 25.4393 39.5643 7
      vertex 25.5869 39.435 7
    endloop
  endfacet
  facet normal 0.658937 0.752198 0
    outer loop
      vertex 25.4393 39.5643 7
      vertex 25.5869 39.435 2.6
      vertex 25.4393 39.5643 2.6
    endloop
  endfacet
  facet normal -0.752198 0.658937 0
    outer loop
      vertex 27.5607 39.5643 2.6
      vertex 27.69 39.7119 7
      vertex 27.69 39.7119 2.6
    endloop
  endfacet
  facet normal -0.752198 0.658937 0
    outer loop
      vertex 27.69 39.7119 7
      vertex 27.5607 39.5643 2.6
      vertex 27.5607 39.5643 7
    endloop
  endfacet
  facet normal 0 0 1
    outer loop
      vertex 27.9872 40.8208 2.6
      vertex 27.9872 40.4292 2.6
      vertex 28 40.625 2.6
    endloop
  endfacet
  facet normal 0 0 1
    outer loop
      vertex 27.9489 41.0132 2.6
      vertex 27.9872 40.4292 2.6
      vertex 27.9872 40.8208 2.6
    endloop
  endfacet
  facet normal 0 0 1
    outer loop
      vertex 27.9489 41.0132 2.6
      vertex 27.9489 40.2368 2.6
      vertex 27.9872 40.4292 2.6
    endloop
  endfacet
  facet normal 0 0 1
    outer loop
      vertex 27.8858 41.199 2.6
      vertex 27.9489 40.2368 2.6
      vertex 27.9489 41.0132 2.6
    endloop
  endfacet
  facet normal 0 0 1
    outer loop
      vertex 27.8858 41.199 2.6
      vertex 27.8858 40.051 2.6
      vertex 27.9489 40.2368 2.6
    endloop
  endfacet
  facet normal 0 0 1
    outer loop
      vertex 27.799 41.375 2.6
      vertex 27.8858 40.051 2.6
      vertex 27.8858 41.199 2.6
    endloop
  endfacet
  facet normal 0 0 1
    outer loop
      vertex 27.799 41.375 2.6
      vertex 27.799 39.875 2.6
      vertex 27.8858 40.051 2.6
    endloop
  endfacet
  facet normal 0 0 1
    outer loop
      vertex 27.69 41.5381 2.6
      vertex 27.799 39.875 2.6
      vertex 27.799 41.375 2.6
    endloop
  endfacet
  facet normal 0 0 1
    outer loop
      vertex 27.69 41.5381 2.6
      vertex 27.69 39.7119 2.6
      vertex 27.799 39.875 2.6
    endloop
  endfacet
  facet normal 0 0 1
    outer loop
      vertex 27.5607 41.6857 2.6
      vertex 27.69 39.7119 2.6
      vertex 27.69 41.5381 2.6
    endloop
  endfacet
  facet normal 0 0 1
    outer loop
      vertex 27.5607 41.6857 2.6
      vertex 27.5607 39.5643 2.6
      vertex 27.69 39.7119 2.6
    endloop
  endfacet
  facet normal 0 0 1
    outer loop
      vertex 27.4131 41.815 2.6
      vertex 27.5607 39.5643 2.6
      vertex 27.5607 41.6857 2.6
    endloop
  endfacet
  facet normal 0 0 1
    outer loop
      vertex 27.4131 41.815 2.6
      vertex 27.4131 39.435 2.6
      vertex 27.5607 39.5643 2.6
    endloop
  endfacet
  facet normal 0 0 1
    outer loop
      vertex 27.25 41.924 2.6
      vertex 27.4131 39.435 2.6
      vertex 27.4131 41.815 2.6
    endloop
  endfacet
  facet normal 0 0 1
    outer loop
      vertex 27.25 41.924 2.6
      vertex 27.25 39.326 2.6
      vertex 27.4131 39.435 2.6
    endloop
  endfacet
  facet normal 0 0 1
    outer loop
      vertex 27.074 42.0108 2.6
      vertex 27.25 39.326 2.6
      vertex 27.25 41.924 2.6
    endloop
  endfacet
  facet normal 0 0 1
    outer loop
      vertex 27.074 42.0108 2.6
      vertex 27.074 39.2392 2.6
      vertex 27.25 39.326 2.6
    endloop
  endfacet
  facet normal 0 0 1
    outer loop
      vertex 26.8882 42.0739 2.6
      vertex 27.074 39.2392 2.6
      vertex 27.074 42.0108 2.6
    endloop
  endfacet
  facet normal 0 0 1
    outer loop
      vertex 26.8882 42.0739 2.6
      vertex 26.8882 39.1761 2.6
      vertex 27.074 39.2392 2.6
    endloop
  endfacet
  facet normal 0 0 1
    outer loop
      vertex 26.6958 42.1122 2.6
      vertex 26.8882 39.1761 2.6
      vertex 26.8882 42.0739 2.6
    endloop
  endfacet
  facet normal 0 0 1
    outer loop
      vertex 26.6958 42.1122 2.6
      vertex 26.6958 39.1378 2.6
      vertex 26.8882 39.1761 2.6
    endloop
  endfacet
  facet normal 0 0 1
    outer loop
      vertex 26.5 42.125 2.6
      vertex 26.6958 39.1378 2.6
      vertex 26.6958 42.1122 2.6
    endloop
  endfacet
  facet normal 0 0 1
    outer loop
      vertex 26.5 42.125 2.6
      vertex 26.5 39.125 2.6
      vertex 26.6958 39.1378 2.6
    endloop
  endfacet
  facet normal -0 0 1
    outer loop
      vertex 26.3042 42.1122 2.6
      vertex 26.5 39.125 2.6
      vertex 26.5 42.125 2.6
    endloop
  endfacet
  facet normal 0 0 1
    outer loop
      vertex 26.3042 42.1122 2.6
      vertex 26.3042 39.1378 2.6
      vertex 26.5 39.125 2.6
    endloop
  endfacet
  facet normal -0 0 1
    outer loop
      vertex 26.1118 42.0739 2.6
      vertex 26.3042 39.1378 2.6
      vertex 26.3042 42.1122 2.6
    endloop
  endfacet
  facet normal 0 0 1
    outer loop
      vertex 26.1118 42.0739 2.6
      vertex 26.1118 39.1761 2.6
      vertex 26.3042 39.1378 2.6
    endloop
  endfacet
  facet normal -0 0 1
    outer loop
      vertex 25.926 42.0108 2.6
      vertex 26.1118 39.1761 2.6
      vertex 26.1118 42.0739 2.6
    endloop
  endfacet
  facet normal 0 0 1
    outer loop
      vertex 25.926 42.0108 2.6
      vertex 25.926 39.2392 2.6
      vertex 26.1118 39.1761 2.6
    endloop
  endfacet
  facet normal -0 0 1
    outer loop
      vertex 25.75 41.924 2.6
      vertex 25.926 39.2392 2.6
      vertex 25.926 42.0108 2.6
    endloop
  endfacet
  facet normal 0 0 1
    outer loop
      vertex 25.75 41.924 2.6
      vertex 25.75 39.326 2.6
      vertex 25.926 39.2392 2.6
    endloop
  endfacet
  facet normal -0 0 1
    outer loop
      vertex 25.5869 41.815 2.6
      vertex 25.75 39.326 2.6
      vertex 25.75 41.924 2.6
    endloop
  endfacet
  facet normal 0 0 1
    outer loop
      vertex 25.5869 41.815 2.6
      vertex 25.5869 39.435 2.6
      vertex 25.75 39.326 2.6
    endloop
  endfacet
  facet normal -0 0 1
    outer loop
      vertex 25.4393 41.6857 2.6
      vertex 25.5869 39.435 2.6
      vertex 25.5869 41.815 2.6
    endloop
  endfacet
  facet normal 0 0 1
    outer loop
      vertex 25.4393 41.6857 2.6
      vertex 25.4393 39.5643 2.6
      vertex 25.5869 39.435 2.6
    endloop
  endfacet
  facet normal -0 0 1
    outer loop
      vertex 25.31 41.5381 2.6
      vertex 25.4393 39.5643 2.6
      vertex 25.4393 41.6857 2.6
    endloop
  endfacet
  facet normal 0 0 1
    outer loop
      vertex 25.31 41.5381 2.6
      vertex 25.31 39.7119 2.6
      vertex 25.4393 39.5643 2.6
    endloop
  endfacet
  facet normal -0 0 1
    outer loop
      vertex 25.201 41.375 2.6
      vertex 25.31 39.7119 2.6
      vertex 25.31 41.5381 2.6
    endloop
  endfacet
  facet normal 0 0 1
    outer loop
      vertex 25.201 41.375 2.6
      vertex 25.201 39.875 2.6
      vertex 25.31 39.7119 2.6
    endloop
  endfacet
  facet normal -0 0 1
    outer loop
      vertex 25.1142 41.199 2.6
      vertex 25.201 39.875 2.6
      vertex 25.201 41.375 2.6
    endloop
  endfacet
  facet normal 0 0 1
    outer loop
      vertex 25.1142 41.199 2.6
      vertex 25.1142 40.051 2.6
      vertex 25.201 39.875 2.6
    endloop
  endfacet
  facet normal -0 0 1
    outer loop
      vertex 25.0511 41.0132 2.6
      vertex 25.1142 40.051 2.6
      vertex 25.1142 41.199 2.6
    endloop
  endfacet
  facet normal 0 0 1
    outer loop
      vertex 25.0511 41.0132 2.6
      vertex 25.0511 40.2368 2.6
      vertex 25.1142 40.051 2.6
    endloop
  endfacet
  facet normal -0 0 1
    outer loop
      vertex 25.0128 40.8208 2.6
      vertex 25.0511 40.2368 2.6
      vertex 25.0511 41.0132 2.6
    endloop
  endfacet
  facet normal 0 0 1
    outer loop
      vertex 25.0128 40.8208 2.6
      vertex 25.0128 40.4292 2.6
      vertex 25.0511 40.2368 2.6
    endloop
  endfacet
  facet normal 0 -0 1
    outer loop
      vertex 25.0128 40.4292 2.6
      vertex 25.0128 40.8208 2.6
      vertex 25 40.625 2.6
    endloop
  endfacet
  facet normal 0.89686 0.442315 0
    outer loop
      vertex 25.201 39.875 7
      vertex 25.1142 40.051 2.6
      vertex 25.1142 40.051 7
    endloop
  endfacet
  facet normal 0.89686 0.442315 0
    outer loop
      vertex 25.1142 40.051 2.6
      vertex 25.201 39.875 7
      vertex 25.201 39.875 2.6
    endloop
  endfacet
  facet normal 0.0652336 0.99787 -0
    outer loop
      vertex 26.5 39.125 2.6
      vertex 26.3042 39.1378 7
      vertex 26.5 39.125 7
    endloop
  endfacet
  facet normal 0.0652336 0.99787 0
    outer loop
      vertex 26.3042 39.1378 7
      vertex 26.5 39.125 2.6
      vertex 26.3042 39.1378 2.6
    endloop
  endfacet
  facet normal -0.752198 -0.658937 0
    outer loop
      vertex 27.69 41.5381 2.6
      vertex 27.5607 41.6857 7
      vertex 27.5607 41.6857 2.6
    endloop
  endfacet
  facet normal -0.752198 -0.658937 0
    outer loop
      vertex 27.5607 41.6857 7
      vertex 27.69 41.5381 2.6
      vertex 27.69 41.5381 7
    endloop
  endfacet
  facet normal 0.555641 -0.831422 0
    outer loop
      vertex 25.5869 41.815 2.6
      vertex 25.75 41.924 7
      vertex 25.5869 41.815 7
    endloop
  endfacet
  facet normal 0.555641 -0.831422 0
    outer loop
      vertex 25.75 41.924 7
      vertex 25.5869 41.815 2.6
      vertex 25.75 41.924 2.6
    endloop
  endfacet
  facet normal -0.321574 0.946885 0
    outer loop
      vertex 27.074 39.2392 2.6
      vertex 26.8882 39.1761 7
      vertex 27.074 39.2392 7
    endloop
  endfacet
  facet normal -0.321574 0.946885 0
    outer loop
      vertex 26.8882 39.1761 7
      vertex 27.074 39.2392 2.6
      vertex 26.8882 39.1761 2.6
    endloop
  endfacet
  facet normal -0.442315 0.89686 0
    outer loop
      vertex 27.25 39.326 2.6
      vertex 27.074 39.2392 7
      vertex 27.25 39.326 7
    endloop
  endfacet
  facet normal -0.442315 0.89686 0
    outer loop
      vertex 27.074 39.2392 7
      vertex 27.25 39.326 2.6
      vertex 27.074 39.2392 2.6
    endloop
  endfacet
  facet normal 0.321574 -0.946885 0
    outer loop
      vertex 25.926 42.0108 2.6
      vertex 26.1118 42.0739 7
      vertex 25.926 42.0108 7
    endloop
  endfacet
  facet normal 0.321574 -0.946885 0
    outer loop
      vertex 26.1118 42.0739 7
      vertex 25.926 42.0108 2.6
      vertex 26.1118 42.0739 2.6
    endloop
  endfacet
  facet normal 0.195234 0.980757 -0
    outer loop
      vertex 26.3042 39.1378 2.6
      vertex 26.1118 39.1761 7
      vertex 26.3042 39.1378 7
    endloop
  endfacet
  facet normal 0.195234 0.980757 0
    outer loop
      vertex 26.1118 39.1761 7
      vertex 26.3042 39.1378 2.6
      vertex 26.1118 39.1761 2.6
    endloop
  endfacet
  facet normal -0.195234 -0.980757 0
    outer loop
      vertex 26.6958 42.1122 2.6
      vertex 26.8882 42.0739 7
      vertex 26.6958 42.1122 7
    endloop
  endfacet
  facet normal -0.195234 -0.980757 -0
    outer loop
      vertex 26.8882 42.0739 7
      vertex 26.6958 42.1122 2.6
      vertex 26.8882 42.0739 2.6
    endloop
  endfacet
  facet normal 0.442315 0.89686 -0
    outer loop
      vertex 25.926 39.2392 2.6
      vertex 25.75 39.326 7
      vertex 25.926 39.2392 7
    endloop
  endfacet
  facet normal 0.442315 0.89686 0
    outer loop
      vertex 25.75 39.326 7
      vertex 25.926 39.2392 2.6
      vertex 25.75 39.326 2.6
    endloop
  endfacet
  facet normal 0.831422 0.555641 0
    outer loop
      vertex 25.31 39.7119 7
      vertex 25.201 39.875 2.6
      vertex 25.201 39.875 7
    endloop
  endfacet
  facet normal 0.831422 0.555641 0
    outer loop
      vertex 25.201 39.875 2.6
      vertex 25.31 39.7119 7
      vertex 25.31 39.7119 2.6
    endloop
  endfacet
  facet normal 0.946885 -0.321574 0
    outer loop
      vertex 25.0511 41.0132 7
      vertex 25.1142 41.199 2.6
      vertex 25.1142 41.199 7
    endloop
  endfacet
  facet normal 0.946885 -0.321574 0
    outer loop
      vertex 25.1142 41.199 2.6
      vertex 25.0511 41.0132 7
      vertex 25.0511 41.0132 2.6
    endloop
  endfacet
  facet normal -0.195234 0.980757 0
    outer loop
      vertex 73.8882 27.7761 2.6
      vertex 73.6958 27.7378 7
      vertex 73.8882 27.7761 7
    endloop
  endfacet
  facet normal -0.195234 0.980757 0
    outer loop
      vertex 73.6958 27.7378 7
      vertex 73.8882 27.7761 2.6
      vertex 73.6958 27.7378 2.6
    endloop
  endfacet
  facet normal -0.980757 -0.195234 0
    outer loop
      vertex 74.9872 29.4208 2.6
      vertex 74.9489 29.6132 7
      vertex 74.9489 29.6132 2.6
    endloop
  endfacet
  facet normal -0.980757 -0.195234 0
    outer loop
      vertex 74.9489 29.6132 7
      vertex 74.9872 29.4208 2.6
      vertex 74.9872 29.4208 7
    endloop
  endfacet
  facet normal -0.99787 -0.0652336 0
    outer loop
      vertex 75 29.225 2.6
      vertex 74.9872 29.4208 7
      vertex 74.9872 29.4208 2.6
    endloop
  endfacet
  facet normal -0.99787 -0.0652336 0
    outer loop
      vertex 74.9872 29.4208 7
      vertex 75 29.225 2.6
      vertex 75 29.225 7
    endloop
  endfacet
  facet normal 0.321574 -0.946885 0
    outer loop
      vertex 72.926 30.6108 2.6
      vertex 73.1118 30.6739 7
      vertex 72.926 30.6108 7
    endloop
  endfacet
  facet normal 0.321574 -0.946885 0
    outer loop
      vertex 73.1118 30.6739 7
      vertex 72.926 30.6108 2.6
      vertex 73.1118 30.6739 2.6
    endloop
  endfacet
  facet normal -0.946885 -0.321574 0
    outer loop
      vertex 74.9489 29.6132 2.6
      vertex 74.8858 29.799 7
      vertex 74.8858 29.799 2.6
    endloop
  endfacet
  facet normal -0.946885 -0.321574 0
    outer loop
      vertex 74.8858 29.799 7
      vertex 74.9489 29.6132 2.6
      vertex 74.9489 29.6132 7
    endloop
  endfacet
  facet normal -0.99787 0.0652336 0
    outer loop
      vertex 74.9872 29.0292 2.6
      vertex 75 29.225 7
      vertex 75 29.225 2.6
    endloop
  endfacet
  facet normal -0.99787 0.0652336 0
    outer loop
      vertex 75 29.225 7
      vertex 74.9872 29.0292 2.6
      vertex 74.9872 29.0292 7
    endloop
  endfacet
  facet normal -0.658937 -0.752198 0
    outer loop
      vertex 74.4131 30.415 2.6
      vertex 74.5607 30.2857 7
      vertex 74.4131 30.415 7
    endloop
  endfacet
  facet normal -0.658937 -0.752198 -0
    outer loop
      vertex 74.5607 30.2857 7
      vertex 74.4131 30.415 2.6
      vertex 74.5607 30.2857 2.6
    endloop
  endfacet
  facet normal 0.99787 -0.0652336 0
    outer loop
      vertex 72 29.225 7
      vertex 72.0128 29.4208 2.6
      vertex 72.0128 29.4208 7
    endloop
  endfacet
  facet normal 0.99787 -0.0652336 0
    outer loop
      vertex 72.0128 29.4208 2.6
      vertex 72 29.225 7
      vertex 72 29.225 2.6
    endloop
  endfacet
  facet normal -0.0652336 0.99787 0
    outer loop
      vertex 73.6958 27.7378 2.6
      vertex 73.5 27.725 7
      vertex 73.6958 27.7378 7
    endloop
  endfacet
  facet normal -0.0652336 0.99787 0
    outer loop
      vertex 73.5 27.725 7
      vertex 73.6958 27.7378 2.6
      vertex 73.5 27.725 2.6
    endloop
  endfacet
  facet normal 0.946885 0.321574 0
    outer loop
      vertex 72.1142 28.651 7
      vertex 72.0511 28.8368 2.6
      vertex 72.0511 28.8368 7
    endloop
  endfacet
  facet normal 0.946885 0.321574 0
    outer loop
      vertex 72.0511 28.8368 2.6
      vertex 72.1142 28.651 7
      vertex 72.1142 28.651 2.6
    endloop
  endfacet
  facet normal 0.555641 -0.831422 0
    outer loop
      vertex 72.5869 30.415 2.6
      vertex 72.75 30.524 7
      vertex 72.5869 30.415 7
    endloop
  endfacet
  facet normal 0.555641 -0.831422 0
    outer loop
      vertex 72.75 30.524 7
      vertex 72.5869 30.415 2.6
      vertex 72.75 30.524 2.6
    endloop
  endfacet
  facet normal 0.99787 0.0652336 0
    outer loop
      vertex 72.0128 29.0292 7
      vertex 72 29.225 2.6
      vertex 72 29.225 7
    endloop
  endfacet
  facet normal 0.99787 0.0652336 0
    outer loop
      vertex 72 29.225 2.6
      vertex 72.0128 29.0292 7
      vertex 72.0128 29.0292 2.6
    endloop
  endfacet
  facet normal 0.752198 0.658937 0
    outer loop
      vertex 72.4393 28.1643 7
      vertex 72.31 28.3119 2.6
      vertex 72.31 28.3119 7
    endloop
  endfacet
  facet normal 0.752198 0.658937 0
    outer loop
      vertex 72.31 28.3119 2.6
      vertex 72.4393 28.1643 7
      vertex 72.4393 28.1643 2.6
    endloop
  endfacet
  facet normal -0.195234 -0.980757 0
    outer loop
      vertex 73.6958 30.7122 2.6
      vertex 73.8882 30.6739 7
      vertex 73.6958 30.7122 7
    endloop
  endfacet
  facet normal -0.195234 -0.980757 -0
    outer loop
      vertex 73.8882 30.6739 7
      vertex 73.6958 30.7122 2.6
      vertex 73.8882 30.6739 2.6
    endloop
  endfacet
  facet normal 0.980757 0.195234 0
    outer loop
      vertex 72.0511 28.8368 7
      vertex 72.0128 29.0292 2.6
      vertex 72.0128 29.0292 7
    endloop
  endfacet
  facet normal 0.980757 0.195234 0
    outer loop
      vertex 72.0128 29.0292 2.6
      vertex 72.0511 28.8368 7
      vertex 72.0511 28.8368 2.6
    endloop
  endfacet
  facet normal -0.831422 0.555641 0
    outer loop
      vertex 74.69 28.3119 2.6
      vertex 74.799 28.475 7
      vertex 74.799 28.475 2.6
    endloop
  endfacet
  facet normal -0.831422 0.555641 0
    outer loop
      vertex 74.799 28.475 7
      vertex 74.69 28.3119 2.6
      vertex 74.69 28.3119 7
    endloop
  endfacet
  facet normal -0.321574 -0.946885 0
    outer loop
      vertex 73.8882 30.6739 2.6
      vertex 74.074 30.6108 7
      vertex 73.8882 30.6739 7
    endloop
  endfacet
  facet normal -0.321574 -0.946885 -0
    outer loop
      vertex 74.074 30.6108 7
      vertex 73.8882 30.6739 2.6
      vertex 74.074 30.6108 2.6
    endloop
  endfacet
  facet normal -0.442315 -0.89686 0
    outer loop
      vertex 74.074 30.6108 2.6
      vertex 74.25 30.524 7
      vertex 74.074 30.6108 7
    endloop
  endfacet
  facet normal -0.442315 -0.89686 -0
    outer loop
      vertex 74.25 30.524 7
      vertex 74.074 30.6108 2.6
      vertex 74.25 30.524 2.6
    endloop
  endfacet
  facet normal -0.555641 0.831422 0
    outer loop
      vertex 74.4131 28.035 2.6
      vertex 74.25 27.926 7
      vertex 74.4131 28.035 7
    endloop
  endfacet
  facet normal -0.555641 0.831422 0
    outer loop
      vertex 74.25 27.926 7
      vertex 74.4131 28.035 2.6
      vertex 74.25 27.926 2.6
    endloop
  endfacet
  facet normal -0.980757 0.195234 0
    outer loop
      vertex 74.9489 28.8368 2.6
      vertex 74.9872 29.0292 7
      vertex 74.9872 29.0292 2.6
    endloop
  endfacet
  facet normal -0.980757 0.195234 0
    outer loop
      vertex 74.9872 29.0292 7
      vertex 74.9489 28.8368 2.6
      vertex 74.9489 28.8368 7
    endloop
  endfacet
  facet normal 0.946885 -0.321574 0
    outer loop
      vertex 72.0511 29.6132 7
      vertex 72.1142 29.799 2.6
      vertex 72.1142 29.799 7
    endloop
  endfacet
  facet normal 0.946885 -0.321574 0
    outer loop
      vertex 72.1142 29.799 2.6
      vertex 72.0511 29.6132 7
      vertex 72.0511 29.6132 2.6
    endloop
  endfacet
  facet normal 0.555641 0.831422 -0
    outer loop
      vertex 72.75 27.926 2.6
      vertex 72.5869 28.035 7
      vertex 72.75 27.926 7
    endloop
  endfacet
  facet normal 0.555641 0.831422 0
    outer loop
      vertex 72.5869 28.035 7
      vertex 72.75 27.926 2.6
      vertex 72.5869 28.035 2.6
    endloop
  endfacet
  facet normal 0.752198 -0.658937 0
    outer loop
      vertex 72.31 30.1381 7
      vertex 72.4393 30.2857 2.6
      vertex 72.4393 30.2857 7
    endloop
  endfacet
  facet normal 0.752198 -0.658937 0
    outer loop
      vertex 72.4393 30.2857 2.6
      vertex 72.31 30.1381 7
      vertex 72.31 30.1381 2.6
    endloop
  endfacet
  facet normal 0.980757 -0.195234 0
    outer loop
      vertex 72.0128 29.4208 7
      vertex 72.0511 29.6132 2.6
      vertex 72.0511 29.6132 7
    endloop
  endfacet
  facet normal 0.980757 -0.195234 0
    outer loop
      vertex 72.0511 29.6132 2.6
      vertex 72.0128 29.4208 7
      vertex 72.0128 29.4208 2.6
    endloop
  endfacet
  facet normal -0.946885 0.321574 0
    outer loop
      vertex 74.8858 28.651 2.6
      vertex 74.9489 28.8368 7
      vertex 74.9489 28.8368 2.6
    endloop
  endfacet
  facet normal -0.946885 0.321574 0
    outer loop
      vertex 74.9489 28.8368 7
      vertex 74.8858 28.651 2.6
      vertex 74.8858 28.651 7
    endloop
  endfacet
  facet normal -0.831422 -0.555641 0
    outer loop
      vertex 74.799 29.975 2.6
      vertex 74.69 30.1381 7
      vertex 74.69 30.1381 2.6
    endloop
  endfacet
  facet normal -0.831422 -0.555641 0
    outer loop
      vertex 74.69 30.1381 7
      vertex 74.799 29.975 2.6
      vertex 74.799 29.975 7
    endloop
  endfacet
  facet normal 0.89686 0.442315 0
    outer loop
      vertex 72.201 28.475 7
      vertex 72.1142 28.651 2.6
      vertex 72.1142 28.651 7
    endloop
  endfacet
  facet normal 0.89686 0.442315 0
    outer loop
      vertex 72.1142 28.651 2.6
      vertex 72.201 28.475 7
      vertex 72.201 28.475 2.6
    endloop
  endfacet
  facet normal -0.555641 -0.831422 0
    outer loop
      vertex 74.25 30.524 2.6
      vertex 74.4131 30.415 7
      vertex 74.25 30.524 7
    endloop
  endfacet
  facet normal -0.555641 -0.831422 -0
    outer loop
      vertex 74.4131 30.415 7
      vertex 74.25 30.524 2.6
      vertex 74.4131 30.415 2.6
    endloop
  endfacet
  facet normal -0.658937 0.752198 0
    outer loop
      vertex 74.5607 28.1643 2.6
      vertex 74.4131 28.035 7
      vertex 74.5607 28.1643 7
    endloop
  endfacet
  facet normal -0.658937 0.752198 0
    outer loop
      vertex 74.4131 28.035 7
      vertex 74.5607 28.1643 2.6
      vertex 74.4131 28.035 2.6
    endloop
  endfacet
  facet normal 0.321574 0.946885 -0
    outer loop
      vertex 73.1118 27.7761 2.6
      vertex 72.926 27.8392 7
      vertex 73.1118 27.7761 7
    endloop
  endfacet
  facet normal 0.321574 0.946885 0
    outer loop
      vertex 72.926 27.8392 7
      vertex 73.1118 27.7761 2.6
      vertex 72.926 27.8392 2.6
    endloop
  endfacet
  facet normal 0.195234 -0.980757 0
    outer loop
      vertex 73.1118 30.6739 2.6
      vertex 73.3042 30.7122 7
      vertex 73.1118 30.6739 7
    endloop
  endfacet
  facet normal 0.195234 -0.980757 0
    outer loop
      vertex 73.3042 30.7122 7
      vertex 73.1118 30.6739 2.6
      vertex 73.3042 30.7122 2.6
    endloop
  endfacet
  facet normal -0.89686 -0.442315 0
    outer loop
      vertex 74.8858 29.799 2.6
      vertex 74.799 29.975 7
      vertex 74.799 29.975 2.6
    endloop
  endfacet
  facet normal -0.89686 -0.442315 0
    outer loop
      vertex 74.799 29.975 7
      vertex 74.8858 29.799 2.6
      vertex 74.8858 29.799 7
    endloop
  endfacet
  facet normal 0.442315 0.89686 -0
    outer loop
      vertex 72.926 27.8392 2.6
      vertex 72.75 27.926 7
      vertex 72.926 27.8392 7
    endloop
  endfacet
  facet normal 0.442315 0.89686 0
    outer loop
      vertex 72.75 27.926 7
      vertex 72.926 27.8392 2.6
      vertex 72.75 27.926 2.6
    endloop
  endfacet
  facet normal 0.658937 0.752198 -0
    outer loop
      vertex 72.5869 28.035 2.6
      vertex 72.4393 28.1643 7
      vertex 72.5869 28.035 7
    endloop
  endfacet
  facet normal 0.658937 0.752198 0
    outer loop
      vertex 72.4393 28.1643 7
      vertex 72.5869 28.035 2.6
      vertex 72.4393 28.1643 2.6
    endloop
  endfacet
  facet normal -0.752198 0.658937 0
    outer loop
      vertex 74.5607 28.1643 2.6
      vertex 74.69 28.3119 7
      vertex 74.69 28.3119 2.6
    endloop
  endfacet
  facet normal -0.752198 0.658937 0
    outer loop
      vertex 74.69 28.3119 7
      vertex 74.5607 28.1643 2.6
      vertex 74.5607 28.1643 7
    endloop
  endfacet
  facet normal 0.658937 -0.752198 0
    outer loop
      vertex 72.4393 30.2857 2.6
      vertex 72.5869 30.415 7
      vertex 72.4393 30.2857 7
    endloop
  endfacet
  facet normal 0.658937 -0.752198 0
    outer loop
      vertex 72.5869 30.415 7
      vertex 72.4393 30.2857 2.6
      vertex 72.5869 30.415 2.6
    endloop
  endfacet
  facet normal 0.0652336 -0.99787 0
    outer loop
      vertex 73.3042 30.7122 2.6
      vertex 73.5 30.725 7
      vertex 73.3042 30.7122 7
    endloop
  endfacet
  facet normal 0.0652336 -0.99787 0
    outer loop
      vertex 73.5 30.725 7
      vertex 73.3042 30.7122 2.6
      vertex 73.5 30.725 2.6
    endloop
  endfacet
  facet normal -0.89686 0.442315 0
    outer loop
      vertex 74.799 28.475 2.6
      vertex 74.8858 28.651 7
      vertex 74.8858 28.651 2.6
    endloop
  endfacet
  facet normal -0.89686 0.442315 0
    outer loop
      vertex 74.8858 28.651 7
      vertex 74.799 28.475 2.6
      vertex 74.799 28.475 7
    endloop
  endfacet
  facet normal -0.442315 0.89686 0
    outer loop
      vertex 74.25 27.926 2.6
      vertex 74.074 27.8392 7
      vertex 74.25 27.926 7
    endloop
  endfacet
  facet normal -0.442315 0.89686 0
    outer loop
      vertex 74.074 27.8392 7
      vertex 74.25 27.926 2.6
      vertex 74.074 27.8392 2.6
    endloop
  endfacet
  facet normal -0.752198 -0.658937 0
    outer loop
      vertex 74.69 30.1381 2.6
      vertex 74.5607 30.2857 7
      vertex 74.5607 30.2857 2.6
    endloop
  endfacet
  facet normal -0.752198 -0.658937 0
    outer loop
      vertex 74.5607 30.2857 7
      vertex 74.69 30.1381 2.6
      vertex 74.69 30.1381 7
    endloop
  endfacet
  facet normal 0.831422 -0.555641 0
    outer loop
      vertex 72.201 29.975 7
      vertex 72.31 30.1381 2.6
      vertex 72.31 30.1381 7
    endloop
  endfacet
  facet normal 0.831422 -0.555641 0
    outer loop
      vertex 72.31 30.1381 2.6
      vertex 72.201 29.975 7
      vertex 72.201 29.975 2.6
    endloop
  endfacet
  facet normal 0.0652336 0.99787 -0
    outer loop
      vertex 73.5 27.725 2.6
      vertex 73.3042 27.7378 7
      vertex 73.5 27.725 7
    endloop
  endfacet
  facet normal 0.0652336 0.99787 0
    outer loop
      vertex 73.3042 27.7378 7
      vertex 73.5 27.725 2.6
      vertex 73.3042 27.7378 2.6
    endloop
  endfacet
  facet normal 0.831422 0.555641 0
    outer loop
      vertex 72.31 28.3119 7
      vertex 72.201 28.475 2.6
      vertex 72.201 28.475 7
    endloop
  endfacet
  facet normal 0.831422 0.555641 0
    outer loop
      vertex 72.201 28.475 2.6
      vertex 72.31 28.3119 7
      vertex 72.31 28.3119 2.6
    endloop
  endfacet
  facet normal 0.442315 -0.89686 0
    outer loop
      vertex 72.75 30.524 2.6
      vertex 72.926 30.6108 7
      vertex 72.75 30.524 7
    endloop
  endfacet
  facet normal 0.442315 -0.89686 0
    outer loop
      vertex 72.926 30.6108 7
      vertex 72.75 30.524 2.6
      vertex 72.926 30.6108 2.6
    endloop
  endfacet
  facet normal -0.0652336 -0.99787 0
    outer loop
      vertex 73.5 30.725 2.6
      vertex 73.6958 30.7122 7
      vertex 73.5 30.725 7
    endloop
  endfacet
  facet normal -0.0652336 -0.99787 -0
    outer loop
      vertex 73.6958 30.7122 7
      vertex 73.5 30.725 2.6
      vertex 73.6958 30.7122 2.6
    endloop
  endfacet
  facet normal 0.89686 -0.442315 0
    outer loop
      vertex 72.1142 29.799 7
      vertex 72.201 29.975 2.6
      vertex 72.201 29.975 7
    endloop
  endfacet
  facet normal 0.89686 -0.442315 0
    outer loop
      vertex 72.201 29.975 2.6
      vertex 72.1142 29.799 7
      vertex 72.1142 29.799 2.6
    endloop
  endfacet
  facet normal -0.321574 0.946885 0
    outer loop
      vertex 74.074 27.8392 2.6
      vertex 73.8882 27.7761 7
      vertex 74.074 27.8392 7
    endloop
  endfacet
  facet normal -0.321574 0.946885 0
    outer loop
      vertex 73.8882 27.7761 7
      vertex 74.074 27.8392 2.6
      vertex 73.8882 27.7761 2.6
    endloop
  endfacet
  facet normal 0.195234 0.980757 -0
    outer loop
      vertex 73.3042 27.7378 2.6
      vertex 73.1118 27.7761 7
      vertex 73.3042 27.7378 7
    endloop
  endfacet
  facet normal 0.195234 0.980757 0
    outer loop
      vertex 73.1118 27.7761 7
      vertex 73.3042 27.7378 2.6
      vertex 73.1118 27.7761 2.6
    endloop
  endfacet
  facet normal 0 0 1
    outer loop
      vertex 74.9872 29.4208 2.6
      vertex 74.9872 29.0292 2.6
      vertex 75 29.225 2.6
    endloop
  endfacet
  facet normal 0 0 1
    outer loop
      vertex 74.9489 29.6132 2.6
      vertex 74.9872 29.0292 2.6
      vertex 74.9872 29.4208 2.6
    endloop
  endfacet
  facet normal 0 0 1
    outer loop
      vertex 74.9489 29.6132 2.6
      vertex 74.9489 28.8368 2.6
      vertex 74.9872 29.0292 2.6
    endloop
  endfacet
  facet normal 0 0 1
    outer loop
      vertex 74.8858 29.799 2.6
      vertex 74.9489 28.8368 2.6
      vertex 74.9489 29.6132 2.6
    endloop
  endfacet
  facet normal 0 0 1
    outer loop
      vertex 74.8858 29.799 2.6
      vertex 74.8858 28.651 2.6
      vertex 74.9489 28.8368 2.6
    endloop
  endfacet
  facet normal 0 0 1
    outer loop
      vertex 74.799 29.975 2.6
      vertex 74.8858 28.651 2.6
      vertex 74.8858 29.799 2.6
    endloop
  endfacet
  facet normal 0 0 1
    outer loop
      vertex 74.799 29.975 2.6
      vertex 74.799 28.475 2.6
      vertex 74.8858 28.651 2.6
    endloop
  endfacet
  facet normal 0 0 1
    outer loop
      vertex 74.69 30.1381 2.6
      vertex 74.799 28.475 2.6
      vertex 74.799 29.975 2.6
    endloop
  endfacet
  facet normal 0 0 1
    outer loop
      vertex 74.69 30.1381 2.6
      vertex 74.69 28.3119 2.6
      vertex 74.799 28.475 2.6
    endloop
  endfacet
  facet normal 0 0 1
    outer loop
      vertex 74.5607 30.2857 2.6
      vertex 74.69 28.3119 2.6
      vertex 74.69 30.1381 2.6
    endloop
  endfacet
  facet normal 0 0 1
    outer loop
      vertex 74.5607 30.2857 2.6
      vertex 74.5607 28.1643 2.6
      vertex 74.69 28.3119 2.6
    endloop
  endfacet
  facet normal 0 0 1
    outer loop
      vertex 74.4131 30.415 2.6
      vertex 74.5607 28.1643 2.6
      vertex 74.5607 30.2857 2.6
    endloop
  endfacet
  facet normal 0 0 1
    outer loop
      vertex 74.4131 30.415 2.6
      vertex 74.4131 28.035 2.6
      vertex 74.5607 28.1643 2.6
    endloop
  endfacet
  facet normal 0 0 1
    outer loop
      vertex 74.25 30.524 2.6
      vertex 74.4131 28.035 2.6
      vertex 74.4131 30.415 2.6
    endloop
  endfacet
  facet normal 0 0 1
    outer loop
      vertex 74.25 30.524 2.6
      vertex 74.25 27.926 2.6
      vertex 74.4131 28.035 2.6
    endloop
  endfacet
  facet normal 0 0 1
    outer loop
      vertex 74.074 30.6108 2.6
      vertex 74.25 27.926 2.6
      vertex 74.25 30.524 2.6
    endloop
  endfacet
  facet normal 0 0 1
    outer loop
      vertex 74.074 30.6108 2.6
      vertex 74.074 27.8392 2.6
      vertex 74.25 27.926 2.6
    endloop
  endfacet
  facet normal 0 0 1
    outer loop
      vertex 73.8882 30.6739 2.6
      vertex 74.074 27.8392 2.6
      vertex 74.074 30.6108 2.6
    endloop
  endfacet
  facet normal 0 0 1
    outer loop
      vertex 73.8882 30.6739 2.6
      vertex 73.8882 27.7761 2.6
      vertex 74.074 27.8392 2.6
    endloop
  endfacet
  facet normal 0 0 1
    outer loop
      vertex 73.6958 30.7122 2.6
      vertex 73.8882 27.7761 2.6
      vertex 73.8882 30.6739 2.6
    endloop
  endfacet
  facet normal 0 0 1
    outer loop
      vertex 73.6958 30.7122 2.6
      vertex 73.6958 27.7378 2.6
      vertex 73.8882 27.7761 2.6
    endloop
  endfacet
  facet normal 0 0 1
    outer loop
      vertex 73.5 30.725 2.6
      vertex 73.6958 27.7378 2.6
      vertex 73.6958 30.7122 2.6
    endloop
  endfacet
  facet normal 0 0 1
    outer loop
      vertex 73.5 30.725 2.6
      vertex 73.5 27.725 2.6
      vertex 73.6958 27.7378 2.6
    endloop
  endfacet
  facet normal -0 0 1
    outer loop
      vertex 73.3042 30.7122 2.6
      vertex 73.5 27.725 2.6
      vertex 73.5 30.725 2.6
    endloop
  endfacet
  facet normal 0 0 1
    outer loop
      vertex 73.3042 30.7122 2.6
      vertex 73.3042 27.7378 2.6
      vertex 73.5 27.725 2.6
    endloop
  endfacet
  facet normal -0 0 1
    outer loop
      vertex 73.1118 30.6739 2.6
      vertex 73.3042 27.7378 2.6
      vertex 73.3042 30.7122 2.6
    endloop
  endfacet
  facet normal 0 0 1
    outer loop
      vertex 73.1118 30.6739 2.6
      vertex 73.1118 27.7761 2.6
      vertex 73.3042 27.7378 2.6
    endloop
  endfacet
  facet normal -0 0 1
    outer loop
      vertex 72.926 30.6108 2.6
      vertex 73.1118 27.7761 2.6
      vertex 73.1118 30.6739 2.6
    endloop
  endfacet
  facet normal 0 0 1
    outer loop
      vertex 72.926 30.6108 2.6
      vertex 72.926 27.8392 2.6
      vertex 73.1118 27.7761 2.6
    endloop
  endfacet
  facet normal -0 0 1
    outer loop
      vertex 72.75 30.524 2.6
      vertex 72.926 27.8392 2.6
      vertex 72.926 30.6108 2.6
    endloop
  endfacet
  facet normal 0 0 1
    outer loop
      vertex 72.75 30.524 2.6
      vertex 72.75 27.926 2.6
      vertex 72.926 27.8392 2.6
    endloop
  endfacet
  facet normal -0 0 1
    outer loop
      vertex 72.5869 30.415 2.6
      vertex 72.75 27.926 2.6
      vertex 72.75 30.524 2.6
    endloop
  endfacet
  facet normal 0 0 1
    outer loop
      vertex 72.5869 30.415 2.6
      vertex 72.5869 28.035 2.6
      vertex 72.75 27.926 2.6
    endloop
  endfacet
  facet normal -0 0 1
    outer loop
      vertex 72.4393 30.2857 2.6
      vertex 72.5869 28.035 2.6
      vertex 72.5869 30.415 2.6
    endloop
  endfacet
  facet normal 0 0 1
    outer loop
      vertex 72.4393 30.2857 2.6
      vertex 72.4393 28.1643 2.6
      vertex 72.5869 28.035 2.6
    endloop
  endfacet
  facet normal -0 0 1
    outer loop
      vertex 72.31 30.1381 2.6
      vertex 72.4393 28.1643 2.6
      vertex 72.4393 30.2857 2.6
    endloop
  endfacet
  facet normal 0 0 1
    outer loop
      vertex 72.31 30.1381 2.6
      vertex 72.31 28.3119 2.6
      vertex 72.4393 28.1643 2.6
    endloop
  endfacet
  facet normal -0 0 1
    outer loop
      vertex 72.201 29.975 2.6
      vertex 72.31 28.3119 2.6
      vertex 72.31 30.1381 2.6
    endloop
  endfacet
  facet normal 0 0 1
    outer loop
      vertex 72.201 29.975 2.6
      vertex 72.201 28.475 2.6
      vertex 72.31 28.3119 2.6
    endloop
  endfacet
  facet normal -0 0 1
    outer loop
      vertex 72.1142 29.799 2.6
      vertex 72.201 28.475 2.6
      vertex 72.201 29.975 2.6
    endloop
  endfacet
  facet normal 0 0 1
    outer loop
      vertex 72.1142 29.799 2.6
      vertex 72.1142 28.651 2.6
      vertex 72.201 28.475 2.6
    endloop
  endfacet
  facet normal -0 0 1
    outer loop
      vertex 72.0511 29.6132 2.6
      vertex 72.1142 28.651 2.6
      vertex 72.1142 29.799 2.6
    endloop
  endfacet
  facet normal 0 0 1
    outer loop
      vertex 72.0511 29.6132 2.6
      vertex 72.0511 28.8368 2.6
      vertex 72.1142 28.651 2.6
    endloop
  endfacet
  facet normal -0 0 1
    outer loop
      vertex 72.0128 29.4208 2.6
      vertex 72.0511 28.8368 2.6
      vertex 72.0511 29.6132 2.6
    endloop
  endfacet
  facet normal 0 0 1
    outer loop
      vertex 72.0128 29.4208 2.6
      vertex 72.0128 29.0292 2.6
      vertex 72.0511 28.8368 2.6
    endloop
  endfacet
  facet normal 0 -0 1
    outer loop
      vertex 72.0128 29.0292 2.6
      vertex 72.0128 29.4208 2.6
      vertex 72 29.225 2.6
    endloop
  endfacet
  facet normal 0.946885 0.321574 0
    outer loop
      vertex 72.1142 40.051 7
      vertex 72.0511 40.2368 2.6
      vertex 72.0511 40.2368 7
    endloop
  endfacet
  facet normal 0.946885 0.321574 0
    outer loop
      vertex 72.0511 40.2368 2.6
      vertex 72.1142 40.051 7
      vertex 72.1142 40.051 2.6
    endloop
  endfacet
  facet normal -0.195234 0.980757 0
    outer loop
      vertex 73.8882 39.1761 2.6
      vertex 73.6958 39.1378 7
      vertex 73.8882 39.1761 7
    endloop
  endfacet
  facet normal -0.195234 0.980757 0
    outer loop
      vertex 73.6958 39.1378 7
      vertex 73.8882 39.1761 2.6
      vertex 73.6958 39.1378 2.6
    endloop
  endfacet
  facet normal -0.980757 -0.195234 0
    outer loop
      vertex 74.9872 40.8208 2.6
      vertex 74.9489 41.0132 7
      vertex 74.9489 41.0132 2.6
    endloop
  endfacet
  facet normal -0.980757 -0.195234 0
    outer loop
      vertex 74.9489 41.0132 7
      vertex 74.9872 40.8208 2.6
      vertex 74.9872 40.8208 7
    endloop
  endfacet
  facet normal -0.99787 -0.0652336 0
    outer loop
      vertex 75 40.625 2.6
      vertex 74.9872 40.8208 7
      vertex 74.9872 40.8208 2.6
    endloop
  endfacet
  facet normal -0.99787 -0.0652336 0
    outer loop
      vertex 74.9872 40.8208 7
      vertex 75 40.625 2.6
      vertex 75 40.625 7
    endloop
  endfacet
  facet normal 0.442315 -0.89686 0
    outer loop
      vertex 72.75 41.924 2.6
      vertex 72.926 42.0108 7
      vertex 72.75 41.924 7
    endloop
  endfacet
  facet normal 0.442315 -0.89686 0
    outer loop
      vertex 72.926 42.0108 7
      vertex 72.75 41.924 2.6
      vertex 72.926 42.0108 2.6
    endloop
  endfacet
  facet normal -0.89686 0.442315 0
    outer loop
      vertex 74.799 39.875 2.6
      vertex 74.8858 40.051 7
      vertex 74.8858 40.051 2.6
    endloop
  endfacet
  facet normal -0.89686 0.442315 0
    outer loop
      vertex 74.8858 40.051 7
      vertex 74.799 39.875 2.6
      vertex 74.799 39.875 7
    endloop
  endfacet
  facet normal -0.99787 0.0652336 0
    outer loop
      vertex 74.9872 40.4292 2.6
      vertex 75 40.625 7
      vertex 75 40.625 2.6
    endloop
  endfacet
  facet normal -0.99787 0.0652336 0
    outer loop
      vertex 75 40.625 7
      vertex 74.9872 40.4292 2.6
      vertex 74.9872 40.4292 7
    endloop
  endfacet
  facet normal -0.658937 -0.752198 0
    outer loop
      vertex 74.4131 41.815 2.6
      vertex 74.5607 41.6857 7
      vertex 74.4131 41.815 7
    endloop
  endfacet
  facet normal -0.658937 -0.752198 -0
    outer loop
      vertex 74.5607 41.6857 7
      vertex 74.4131 41.815 2.6
      vertex 74.5607 41.6857 2.6
    endloop
  endfacet
  facet normal 0.658937 -0.752198 0
    outer loop
      vertex 72.4393 41.6857 2.6
      vertex 72.5869 41.815 7
      vertex 72.4393 41.6857 7
    endloop
  endfacet
  facet normal 0.658937 -0.752198 0
    outer loop
      vertex 72.5869 41.815 7
      vertex 72.4393 41.6857 2.6
      vertex 72.5869 41.815 2.6
    endloop
  endfacet
  facet normal -0.0652336 -0.99787 0
    outer loop
      vertex 73.5 42.125 2.6
      vertex 73.6958 42.1122 7
      vertex 73.5 42.125 7
    endloop
  endfacet
  facet normal -0.0652336 -0.99787 -0
    outer loop
      vertex 73.6958 42.1122 7
      vertex 73.5 42.125 2.6
      vertex 73.6958 42.1122 2.6
    endloop
  endfacet
  facet normal 0.195234 0.980757 -0
    outer loop
      vertex 73.3042 39.1378 2.6
      vertex 73.1118 39.1761 7
      vertex 73.3042 39.1378 7
    endloop
  endfacet
  facet normal 0.195234 0.980757 0
    outer loop
      vertex 73.1118 39.1761 7
      vertex 73.3042 39.1378 2.6
      vertex 73.1118 39.1761 2.6
    endloop
  endfacet
  facet normal 0.99787 -0.0652336 0
    outer loop
      vertex 72 40.625 7
      vertex 72.0128 40.8208 2.6
      vertex 72.0128 40.8208 7
    endloop
  endfacet
  facet normal 0.99787 -0.0652336 0
    outer loop
      vertex 72.0128 40.8208 2.6
      vertex 72 40.625 7
      vertex 72 40.625 2.6
    endloop
  endfacet
  facet normal 0.752198 0.658937 0
    outer loop
      vertex 72.4393 39.5643 7
      vertex 72.31 39.7119 2.6
      vertex 72.31 39.7119 7
    endloop
  endfacet
  facet normal 0.752198 0.658937 0
    outer loop
      vertex 72.31 39.7119 2.6
      vertex 72.4393 39.5643 7
      vertex 72.4393 39.5643 2.6
    endloop
  endfacet
  facet normal 0.980757 0.195234 0
    outer loop
      vertex 72.0511 40.2368 7
      vertex 72.0128 40.4292 2.6
      vertex 72.0128 40.4292 7
    endloop
  endfacet
  facet normal 0.980757 0.195234 0
    outer loop
      vertex 72.0128 40.4292 2.6
      vertex 72.0511 40.2368 7
      vertex 72.0511 40.2368 2.6
    endloop
  endfacet
  facet normal -0.831422 0.555641 0
    outer loop
      vertex 74.69 39.7119 2.6
      vertex 74.799 39.875 7
      vertex 74.799 39.875 2.6
    endloop
  endfacet
  facet normal -0.831422 0.555641 0
    outer loop
      vertex 74.799 39.875 7
      vertex 74.69 39.7119 2.6
      vertex 74.69 39.7119 7
    endloop
  endfacet
  facet normal 0.89686 -0.442315 0
    outer loop
      vertex 72.1142 41.199 7
      vertex 72.201 41.375 2.6
      vertex 72.201 41.375 7
    endloop
  endfacet
  facet normal 0.89686 -0.442315 0
    outer loop
      vertex 72.201 41.375 2.6
      vertex 72.1142 41.199 7
      vertex 72.1142 41.199 2.6
    endloop
  endfacet
  facet normal 0.831422 -0.555641 0
    outer loop
      vertex 72.201 41.375 7
      vertex 72.31 41.5381 2.6
      vertex 72.31 41.5381 7
    endloop
  endfacet
  facet normal 0.831422 -0.555641 0
    outer loop
      vertex 72.31 41.5381 2.6
      vertex 72.201 41.375 7
      vertex 72.201 41.375 2.6
    endloop
  endfacet
  facet normal 0.0652336 -0.99787 0
    outer loop
      vertex 73.3042 42.1122 2.6
      vertex 73.5 42.125 7
      vertex 73.3042 42.1122 7
    endloop
  endfacet
  facet normal 0.0652336 -0.99787 0
    outer loop
      vertex 73.5 42.125 7
      vertex 73.3042 42.1122 2.6
      vertex 73.5 42.125 2.6
    endloop
  endfacet
  facet normal 0.321574 0.946885 -0
    outer loop
      vertex 73.1118 39.1761 2.6
      vertex 72.926 39.2392 7
      vertex 73.1118 39.1761 7
    endloop
  endfacet
  facet normal 0.321574 0.946885 0
    outer loop
      vertex 72.926 39.2392 7
      vertex 73.1118 39.1761 2.6
      vertex 72.926 39.2392 2.6
    endloop
  endfacet
  facet normal -0.442315 -0.89686 0
    outer loop
      vertex 74.074 42.0108 2.6
      vertex 74.25 41.924 7
      vertex 74.074 42.0108 7
    endloop
  endfacet
  facet normal -0.442315 -0.89686 -0
    outer loop
      vertex 74.25 41.924 7
      vertex 74.074 42.0108 2.6
      vertex 74.25 41.924 2.6
    endloop
  endfacet
  facet normal -0.0652336 0.99787 0
    outer loop
      vertex 73.6958 39.1378 2.6
      vertex 73.5 39.125 7
      vertex 73.6958 39.1378 7
    endloop
  endfacet
  facet normal -0.0652336 0.99787 0
    outer loop
      vertex 73.5 39.125 7
      vertex 73.6958 39.1378 2.6
      vertex 73.5 39.125 2.6
    endloop
  endfacet
  facet normal -0.555641 0.831422 0
    outer loop
      vertex 74.4131 39.435 2.6
      vertex 74.25 39.326 7
      vertex 74.4131 39.435 7
    endloop
  endfacet
  facet normal -0.555641 0.831422 0
    outer loop
      vertex 74.25 39.326 7
      vertex 74.4131 39.435 2.6
      vertex 74.25 39.326 2.6
    endloop
  endfacet
  facet normal -0.980757 0.195234 0
    outer loop
      vertex 74.9489 40.2368 2.6
      vertex 74.9872 40.4292 7
      vertex 74.9872 40.4292 2.6
    endloop
  endfacet
  facet normal -0.980757 0.195234 0
    outer loop
      vertex 74.9872 40.4292 7
      vertex 74.9489 40.2368 2.6
      vertex 74.9489 40.2368 7
    endloop
  endfacet
  facet normal 0.752198 -0.658937 0
    outer loop
      vertex 72.31 41.5381 7
      vertex 72.4393 41.6857 2.6
      vertex 72.4393 41.6857 7
    endloop
  endfacet
  facet normal 0.752198 -0.658937 0
    outer loop
      vertex 72.4393 41.6857 2.6
      vertex 72.31 41.5381 7
      vertex 72.31 41.5381 2.6
    endloop
  endfacet
  facet normal 0.980757 -0.195234 0
    outer loop
      vertex 72.0128 40.8208 7
      vertex 72.0511 41.0132 2.6
      vertex 72.0511 41.0132 7
    endloop
  endfacet
  facet normal 0.980757 -0.195234 0
    outer loop
      vertex 72.0511 41.0132 2.6
      vertex 72.0128 40.8208 7
      vertex 72.0128 40.8208 2.6
    endloop
  endfacet
  facet normal -0.831422 -0.555641 0
    outer loop
      vertex 74.799 41.375 2.6
      vertex 74.69 41.5381 7
      vertex 74.69 41.5381 2.6
    endloop
  endfacet
  facet normal -0.831422 -0.555641 0
    outer loop
      vertex 74.69 41.5381 7
      vertex 74.799 41.375 2.6
      vertex 74.799 41.375 7
    endloop
  endfacet
  facet normal -0.555641 -0.831422 0
    outer loop
      vertex 74.25 41.924 2.6
      vertex 74.4131 41.815 7
      vertex 74.25 41.924 7
    endloop
  endfacet
  facet normal -0.555641 -0.831422 -0
    outer loop
      vertex 74.4131 41.815 7
      vertex 74.25 41.924 2.6
      vertex 74.4131 41.815 2.6
    endloop
  endfacet
  facet normal 0.99787 0.0652336 0
    outer loop
      vertex 72.0128 40.4292 7
      vertex 72 40.625 2.6
      vertex 72 40.625 7
    endloop
  endfacet
  facet normal 0.99787 0.0652336 0
    outer loop
      vertex 72 40.625 2.6
      vertex 72.0128 40.4292 7
      vertex 72.0128 40.4292 2.6
    endloop
  endfacet
  facet normal -0.321574 -0.946885 0
    outer loop
      vertex 73.8882 42.0739 2.6
      vertex 74.074 42.0108 7
      vertex 73.8882 42.0739 7
    endloop
  endfacet
  facet normal -0.321574 -0.946885 -0
    outer loop
      vertex 74.074 42.0108 7
      vertex 73.8882 42.0739 2.6
      vertex 74.074 42.0108 2.6
    endloop
  endfacet
  facet normal -0.658937 0.752198 0
    outer loop
      vertex 74.5607 39.5643 2.6
      vertex 74.4131 39.435 7
      vertex 74.5607 39.5643 7
    endloop
  endfacet
  facet normal -0.658937 0.752198 0
    outer loop
      vertex 74.4131 39.435 7
      vertex 74.5607 39.5643 2.6
      vertex 74.4131 39.435 2.6
    endloop
  endfacet
  facet normal 0.195234 -0.980757 0
    outer loop
      vertex 73.1118 42.0739 2.6
      vertex 73.3042 42.1122 7
      vertex 73.1118 42.0739 7
    endloop
  endfacet
  facet normal 0.195234 -0.980757 0
    outer loop
      vertex 73.3042 42.1122 7
      vertex 73.1118 42.0739 2.6
      vertex 73.3042 42.1122 2.6
    endloop
  endfacet
  facet normal -0.89686 -0.442315 0
    outer loop
      vertex 74.8858 41.199 2.6
      vertex 74.799 41.375 7
      vertex 74.799 41.375 2.6
    endloop
  endfacet
  facet normal -0.89686 -0.442315 0
    outer loop
      vertex 74.799 41.375 7
      vertex 74.8858 41.199 2.6
      vertex 74.8858 41.199 7
    endloop
  endfacet
  facet normal 0.555641 0.831422 -0
    outer loop
      vertex 72.75 39.326 2.6
      vertex 72.5869 39.435 7
      vertex 72.75 39.326 7
    endloop
  endfacet
  facet normal 0.555641 0.831422 0
    outer loop
      vertex 72.5869 39.435 7
      vertex 72.75 39.326 2.6
      vertex 72.5869 39.435 2.6
    endloop
  endfacet
  facet normal 0.658937 0.752198 -0
    outer loop
      vertex 72.5869 39.435 2.6
      vertex 72.4393 39.5643 7
      vertex 72.5869 39.435 7
    endloop
  endfacet
  facet normal 0.658937 0.752198 0
    outer loop
      vertex 72.4393 39.5643 7
      vertex 72.5869 39.435 2.6
      vertex 72.4393 39.5643 2.6
    endloop
  endfacet
  facet normal -0.752198 0.658937 0
    outer loop
      vertex 74.5607 39.5643 2.6
      vertex 74.69 39.7119 7
      vertex 74.69 39.7119 2.6
    endloop
  endfacet
  facet normal -0.752198 0.658937 0
    outer loop
      vertex 74.69 39.7119 7
      vertex 74.5607 39.5643 2.6
      vertex 74.5607 39.5643 7
    endloop
  endfacet
  facet normal 0 0 1
    outer loop
      vertex 74.9872 40.8208 2.6
      vertex 74.9872 40.4292 2.6
      vertex 75 40.625 2.6
    endloop
  endfacet
  facet normal 0 0 1
    outer loop
      vertex 74.9489 41.0132 2.6
      vertex 74.9872 40.4292 2.6
      vertex 74.9872 40.8208 2.6
    endloop
  endfacet
  facet normal 0 0 1
    outer loop
      vertex 74.9489 41.0132 2.6
      vertex 74.9489 40.2368 2.6
      vertex 74.9872 40.4292 2.6
    endloop
  endfacet
  facet normal 0 0 1
    outer loop
      vertex 74.8858 41.199 2.6
      vertex 74.9489 40.2368 2.6
      vertex 74.9489 41.0132 2.6
    endloop
  endfacet
  facet normal 0 0 1
    outer loop
      vertex 74.8858 41.199 2.6
      vertex 74.8858 40.051 2.6
      vertex 74.9489 40.2368 2.6
    endloop
  endfacet
  facet normal 0 0 1
    outer loop
      vertex 74.799 41.375 2.6
      vertex 74.8858 40.051 2.6
      vertex 74.8858 41.199 2.6
    endloop
  endfacet
  facet normal 0 0 1
    outer loop
      vertex 74.799 41.375 2.6
      vertex 74.799 39.875 2.6
      vertex 74.8858 40.051 2.6
    endloop
  endfacet
  facet normal 0 0 1
    outer loop
      vertex 74.69 41.5381 2.6
      vertex 74.799 39.875 2.6
      vertex 74.799 41.375 2.6
    endloop
  endfacet
  facet normal 0 0 1
    outer loop
      vertex 74.69 41.5381 2.6
      vertex 74.69 39.7119 2.6
      vertex 74.799 39.875 2.6
    endloop
  endfacet
  facet normal 0 0 1
    outer loop
      vertex 74.5607 41.6857 2.6
      vertex 74.69 39.7119 2.6
      vertex 74.69 41.5381 2.6
    endloop
  endfacet
  facet normal 0 0 1
    outer loop
      vertex 74.5607 41.6857 2.6
      vertex 74.5607 39.5643 2.6
      vertex 74.69 39.7119 2.6
    endloop
  endfacet
  facet normal 0 0 1
    outer loop
      vertex 74.4131 41.815 2.6
      vertex 74.5607 39.5643 2.6
      vertex 74.5607 41.6857 2.6
    endloop
  endfacet
  facet normal 0 0 1
    outer loop
      vertex 74.4131 41.815 2.6
      vertex 74.4131 39.435 2.6
      vertex 74.5607 39.5643 2.6
    endloop
  endfacet
  facet normal 0 0 1
    outer loop
      vertex 74.25 41.924 2.6
      vertex 74.4131 39.435 2.6
      vertex 74.4131 41.815 2.6
    endloop
  endfacet
  facet normal 0 0 1
    outer loop
      vertex 74.25 41.924 2.6
      vertex 74.25 39.326 2.6
      vertex 74.4131 39.435 2.6
    endloop
  endfacet
  facet normal 0 0 1
    outer loop
      vertex 74.074 42.0108 2.6
      vertex 74.25 39.326 2.6
      vertex 74.25 41.924 2.6
    endloop
  endfacet
  facet normal 0 0 1
    outer loop
      vertex 74.074 42.0108 2.6
      vertex 74.074 39.2392 2.6
      vertex 74.25 39.326 2.6
    endloop
  endfacet
  facet normal 0 0 1
    outer loop
      vertex 73.8882 42.0739 2.6
      vertex 74.074 39.2392 2.6
      vertex 74.074 42.0108 2.6
    endloop
  endfacet
  facet normal 0 0 1
    outer loop
      vertex 73.8882 42.0739 2.6
      vertex 73.8882 39.1761 2.6
      vertex 74.074 39.2392 2.6
    endloop
  endfacet
  facet normal 0 0 1
    outer loop
      vertex 73.6958 42.1122 2.6
      vertex 73.8882 39.1761 2.6
      vertex 73.8882 42.0739 2.6
    endloop
  endfacet
  facet normal 0 0 1
    outer loop
      vertex 73.6958 42.1122 2.6
      vertex 73.6958 39.1378 2.6
      vertex 73.8882 39.1761 2.6
    endloop
  endfacet
  facet normal 0 0 1
    outer loop
      vertex 73.5 42.125 2.6
      vertex 73.6958 39.1378 2.6
      vertex 73.6958 42.1122 2.6
    endloop
  endfacet
  facet normal 0 0 1
    outer loop
      vertex 73.5 42.125 2.6
      vertex 73.5 39.125 2.6
      vertex 73.6958 39.1378 2.6
    endloop
  endfacet
  facet normal -0 0 1
    outer loop
      vertex 73.3042 42.1122 2.6
      vertex 73.5 39.125 2.6
      vertex 73.5 42.125 2.6
    endloop
  endfacet
  facet normal 0 0 1
    outer loop
      vertex 73.3042 42.1122 2.6
      vertex 73.3042 39.1378 2.6
      vertex 73.5 39.125 2.6
    endloop
  endfacet
  facet normal -0 0 1
    outer loop
      vertex 73.1118 42.0739 2.6
      vertex 73.3042 39.1378 2.6
      vertex 73.3042 42.1122 2.6
    endloop
  endfacet
  facet normal 0 0 1
    outer loop
      vertex 73.1118 42.0739 2.6
      vertex 73.1118 39.1761 2.6
      vertex 73.3042 39.1378 2.6
    endloop
  endfacet
  facet normal -0 0 1
    outer loop
      vertex 72.926 42.0108 2.6
      vertex 73.1118 39.1761 2.6
      vertex 73.1118 42.0739 2.6
    endloop
  endfacet
  facet normal 0 0 1
    outer loop
      vertex 72.926 42.0108 2.6
      vertex 72.926 39.2392 2.6
      vertex 73.1118 39.1761 2.6
    endloop
  endfacet
  facet normal -0 0 1
    outer loop
      vertex 72.75 41.924 2.6
      vertex 72.926 39.2392 2.6
      vertex 72.926 42.0108 2.6
    endloop
  endfacet
  facet normal 0 0 1
    outer loop
      vertex 72.75 41.924 2.6
      vertex 72.75 39.326 2.6
      vertex 72.926 39.2392 2.6
    endloop
  endfacet
  facet normal -0 0 1
    outer loop
      vertex 72.5869 41.815 2.6
      vertex 72.75 39.326 2.6
      vertex 72.75 41.924 2.6
    endloop
  endfacet
  facet normal 0 0 1
    outer loop
      vertex 72.5869 41.815 2.6
      vertex 72.5869 39.435 2.6
      vertex 72.75 39.326 2.6
    endloop
  endfacet
  facet normal -0 0 1
    outer loop
      vertex 72.4393 41.6857 2.6
      vertex 72.5869 39.435 2.6
      vertex 72.5869 41.815 2.6
    endloop
  endfacet
  facet normal 0 0 1
    outer loop
      vertex 72.4393 41.6857 2.6
      vertex 72.4393 39.5643 2.6
      vertex 72.5869 39.435 2.6
    endloop
  endfacet
  facet normal -0 0 1
    outer loop
      vertex 72.31 41.5381 2.6
      vertex 72.4393 39.5643 2.6
      vertex 72.4393 41.6857 2.6
    endloop
  endfacet
  facet normal 0 0 1
    outer loop
      vertex 72.31 41.5381 2.6
      vertex 72.31 39.7119 2.6
      vertex 72.4393 39.5643 2.6
    endloop
  endfacet
  facet normal -0 0 1
    outer loop
      vertex 72.201 41.375 2.6
      vertex 72.31 39.7119 2.6
      vertex 72.31 41.5381 2.6
    endloop
  endfacet
  facet normal 0 0 1
    outer loop
      vertex 72.201 41.375 2.6
      vertex 72.201 39.875 2.6
      vertex 72.31 39.7119 2.6
    endloop
  endfacet
  facet normal -0 0 1
    outer loop
      vertex 72.1142 41.199 2.6
      vertex 72.201 39.875 2.6
      vertex 72.201 41.375 2.6
    endloop
  endfacet
  facet normal 0 0 1
    outer loop
      vertex 72.1142 41.199 2.6
      vertex 72.1142 40.051 2.6
      vertex 72.201 39.875 2.6
    endloop
  endfacet
  facet normal -0 0 1
    outer loop
      vertex 72.0511 41.0132 2.6
      vertex 72.1142 40.051 2.6
      vertex 72.1142 41.199 2.6
    endloop
  endfacet
  facet normal 0 0 1
    outer loop
      vertex 72.0511 41.0132 2.6
      vertex 72.0511 40.2368 2.6
      vertex 72.1142 40.051 2.6
    endloop
  endfacet
  facet normal -0 0 1
    outer loop
      vertex 72.0128 40.8208 2.6
      vertex 72.0511 40.2368 2.6
      vertex 72.0511 41.0132 2.6
    endloop
  endfacet
  facet normal 0 0 1
    outer loop
      vertex 72.0128 40.8208 2.6
      vertex 72.0128 40.4292 2.6
      vertex 72.0511 40.2368 2.6
    endloop
  endfacet
  facet normal 0 -0 1
    outer loop
      vertex 72.0128 40.4292 2.6
      vertex 72.0128 40.8208 2.6
      vertex 72 40.625 2.6
    endloop
  endfacet
  facet normal 0.89686 0.442315 0
    outer loop
      vertex 72.201 39.875 7
      vertex 72.1142 40.051 2.6
      vertex 72.1142 40.051 7
    endloop
  endfacet
  facet normal 0.89686 0.442315 0
    outer loop
      vertex 72.1142 40.051 2.6
      vertex 72.201 39.875 7
      vertex 72.201 39.875 2.6
    endloop
  endfacet
  facet normal 0.0652336 0.99787 -0
    outer loop
      vertex 73.5 39.125 2.6
      vertex 73.3042 39.1378 7
      vertex 73.5 39.125 7
    endloop
  endfacet
  facet normal 0.0652336 0.99787 0
    outer loop
      vertex 73.3042 39.1378 7
      vertex 73.5 39.125 2.6
      vertex 73.3042 39.1378 2.6
    endloop
  endfacet
  facet normal -0.752198 -0.658937 0
    outer loop
      vertex 74.69 41.5381 2.6
      vertex 74.5607 41.6857 7
      vertex 74.5607 41.6857 2.6
    endloop
  endfacet
  facet normal -0.752198 -0.658937 0
    outer loop
      vertex 74.5607 41.6857 7
      vertex 74.69 41.5381 2.6
      vertex 74.69 41.5381 7
    endloop
  endfacet
  facet normal 0.555641 -0.831422 0
    outer loop
      vertex 72.5869 41.815 2.6
      vertex 72.75 41.924 7
      vertex 72.5869 41.815 7
    endloop
  endfacet
  facet normal 0.555641 -0.831422 0
    outer loop
      vertex 72.75 41.924 7
      vertex 72.5869 41.815 2.6
      vertex 72.75 41.924 2.6
    endloop
  endfacet
  facet normal -0.946885 -0.321574 0
    outer loop
      vertex 74.9489 41.0132 2.6
      vertex 74.8858 41.199 7
      vertex 74.8858 41.199 2.6
    endloop
  endfacet
  facet normal -0.946885 -0.321574 0
    outer loop
      vertex 74.8858 41.199 7
      vertex 74.9489 41.0132 2.6
      vertex 74.9489 41.0132 7
    endloop
  endfacet
  facet normal -0.321574 0.946885 0
    outer loop
      vertex 74.074 39.2392 2.6
      vertex 73.8882 39.1761 7
      vertex 74.074 39.2392 7
    endloop
  endfacet
  facet normal -0.321574 0.946885 0
    outer loop
      vertex 73.8882 39.1761 7
      vertex 74.074 39.2392 2.6
      vertex 73.8882 39.1761 2.6
    endloop
  endfacet
  facet normal -0.442315 0.89686 0
    outer loop
      vertex 74.25 39.326 2.6
      vertex 74.074 39.2392 7
      vertex 74.25 39.326 7
    endloop
  endfacet
  facet normal -0.442315 0.89686 0
    outer loop
      vertex 74.074 39.2392 7
      vertex 74.25 39.326 2.6
      vertex 74.074 39.2392 2.6
    endloop
  endfacet
  facet normal 0.321574 -0.946885 0
    outer loop
      vertex 72.926 42.0108 2.6
      vertex 73.1118 42.0739 7
      vertex 72.926 42.0108 7
    endloop
  endfacet
  facet normal 0.321574 -0.946885 0
    outer loop
      vertex 73.1118 42.0739 7
      vertex 72.926 42.0108 2.6
      vertex 73.1118 42.0739 2.6
    endloop
  endfacet
  facet normal -0.946885 0.321574 0
    outer loop
      vertex 74.8858 40.051 2.6
      vertex 74.9489 40.2368 7
      vertex 74.9489 40.2368 2.6
    endloop
  endfacet
  facet normal -0.946885 0.321574 0
    outer loop
      vertex 74.9489 40.2368 7
      vertex 74.8858 40.051 2.6
      vertex 74.8858 40.051 7
    endloop
  endfacet
  facet normal -0.195234 -0.980757 0
    outer loop
      vertex 73.6958 42.1122 2.6
      vertex 73.8882 42.0739 7
      vertex 73.6958 42.1122 7
    endloop
  endfacet
  facet normal -0.195234 -0.980757 -0
    outer loop
      vertex 73.8882 42.0739 7
      vertex 73.6958 42.1122 2.6
      vertex 73.8882 42.0739 2.6
    endloop
  endfacet
  facet normal 0.442315 0.89686 -0
    outer loop
      vertex 72.926 39.2392 2.6
      vertex 72.75 39.326 7
      vertex 72.926 39.2392 7
    endloop
  endfacet
  facet normal 0.442315 0.89686 0
    outer loop
      vertex 72.75 39.326 7
      vertex 72.926 39.2392 2.6
      vertex 72.75 39.326 2.6
    endloop
  endfacet
  facet normal 0.831422 0.555641 0
    outer loop
      vertex 72.31 39.7119 7
      vertex 72.201 39.875 2.6
      vertex 72.201 39.875 7
    endloop
  endfacet
  facet normal 0.831422 0.555641 0
    outer loop
      vertex 72.201 39.875 2.6
      vertex 72.31 39.7119 7
      vertex 72.31 39.7119 2.6
    endloop
  endfacet
  facet normal 0.946885 -0.321574 0
    outer loop
      vertex 72.0511 41.0132 7
      vertex 72.1142 41.199 2.6
      vertex 72.1142 41.199 7
    endloop
  endfacet
  facet normal 0.946885 -0.321574 0
    outer loop
      vertex 72.1142 41.199 2.6
      vertex 72.0511 41.0132 7
      vertex 72.0511 41.0132 2.6
    endloop
  endfacet
endsolid OpenSCAD_Model
